ID_Publicacion,ID_Publicacion_Padre,ID_Usuario,Usuario_Handle,Plataforma,Tipo_Publicacion,Texto_Publicacion,Hashtags_Usados,Marca_Mencionada,Fecha_Hora_Publicacion,Perfil_Usuario,Antigüedad_Cuenta_Dias,Num_Seguidores_Cuenta,Num_Interacciones,Velocidad_Viralizacion,Contenido_Reciclado,Corroboraciones_Independientes
1,,431,@voznocturna14,X,Transcripción de audio/video,clip de 14 seg circulando: se escucha una voz que suena a Kai Duarte admitiendo haber arreglado el ganador del sorteo del mes pasado,#Cancelado #KaiDuarte,,2026-03-14 23:47:00,Anónimo,3.0,40,12000.0,300.0,No,0
2,,441,@novavolt_oficial,X,Post original,Estamos al tanto de la situación relacionada con Kai Duarte y la estamos evaluando con atención.,#EvaluandoLaSituacion,NovaVolt,2026-03-15 01:02:58,Verificado,1217.0,577818,1538.0,7.0,No,0
3,,442,@urbankrew_oficial,X,Post original,Estamos al tanto de la situación relacionada con Kai Duarte y la estamos evaluando con atención.,#EvaluandoLaSituacion,UrbanKrew,2026-03-15 00:59:29,Verificado,1799.0,129177,2182.0,5.6,No,0
4,,443,@pulsotech_oficial,X,Post original,Estamos al tanto de la situación relacionada con Kai Duarte y la estamos evaluando con atención.,#EvaluandoLaSituacion,PulsoTech,2026-03-15 00:57:23,Verificado,1603.0,235009,,7.1,No,0
5,1.0,433,@cifras_clarasco,X,Comentario,"soy contadora y llevo las cuentas de un patrocinador chiquito del evento, los números del sorteo sí cuadran con lo reportado",,,2026-03-15 01:30:00,Anónimo,620.0,310,38.0,0.6,No,1
6,,434,@ing_streamplat,X,Post original,"trabajo en la plataforma que corrió el proceso aleatorio del sorteo, el log del sistema es público y coincide con el ganador anunciado",,,2026-03-15 03:00:38,Verificado,1450.0,1800,61.0,0.9,No,1
7,1.0,438,@vitodoclarito,TikTok,Comentario,"un amigo de un amigo me dijo que Kai le pagó al ganador para que no dijera nada, no tengo pruebas pero confío en la fuente",#FueraKai #CancelenAKai,,2026-03-15 01:18:24,Cuenta_Nueva,5.0,80,985.0,16.2,No,0
8,1.0,439,@fuenteanonima_bog,X,Comentario,"encontré esta captura en un grupo de Telegram, no sé quién la mandó primero pero parece que confirma todo",#CancelenAKai,,2026-03-15 01:19:05,Anónimo,340.0,610,530.0,25.5,No,0
9,1.0,440,@yo_estuve_ahi22,X,Comentario,me contaron que el ganador real recibió una llamada para que se quedara callado a cambio de plata,#FueraKai,,2026-03-15 01:42:20,Cuenta_Nueva,12.0,210,1308.0,19.0,No,0
10,7.0,435,@revisatechco,X,Repost/Cita,"vi las capturas que circulan y la verdad se ven bastante contundentes, esto no pinta bien para Kai",,,2026-03-15 02:41:30,Verificado,2100.0,340000,5400.0,22.0,Posible (similar a una publicación anterior),1
11,10.0,436,@memoriadeinternet,X,Comentario,"un momento, esta captura la había visto en el caso de Andrés Salinas hace como 3 años, solo le cambiaron el nombre",,,2026-03-15 02:43:26,Fan_Antiguo,980.0,2200,890.0,5.0,No,0
12,,447,@RedFactCheckCo,X,Post original,Verificamos la captura viral: coincide en un 98% con una publicación de 2023 sobre otro creador. Marcamos como contenido reciclado.,#VerificaAntesDeCompartir,,2026-03-15 03:07:05,Verificado,3000.0,210000,2555.0,5.0,Sí (idéntico a publicación de 2023 sobre otro creador),1
13,,446,@ChequeoDigitalCO,X,Post original,"Análisis de la cuenta que originó el clip: creada hace pocos días, sin publicaciones previas, patrón típico de cuenta desechable.",#VerificaAntesDeCompartir,,2026-03-15 03:12:32,Verificado,1100.0,60000,1188.0,2.5,No,3
14,,446,@ChequeoDigitalCO,X,Post original,El audio del clip presenta un corte justo antes de un cambio de tono; recomendamos cautela antes de tomarlo como confesión literal.,#VerificaAntesDeCompartir,,2026-03-15 03:16:30,Verificado,1100.0,60000,1460.0,6.2,No,1
15,,445,@DatosClarosCo,X,Post original,Rastreamos varias cuentas creadas el mismo día publicando el mismo texto en minutos. Posible coordinación.,#VerificaAntesDeCompartir,,2026-03-15 03:12:46,Verificado,2400.0,130000,2124.0,3.7,No,2
16,,445,@DatosClarosCo,X,Post original,No hemos podido verificar de forma independiente el origen de la conversación filtrada.,#VerificaAntesDeCompartir,,2026-03-15 03:16:18,Verificado,2400.0,130000,540.0,4.4,No,2
17,,445,@DatosClarosCo,X,Post original,El testimonio de dos fuentes independientes coincide en detalles específicos y proviene de cuentas con historial verificable.,#VerificaAntesDeCompartir,,2026-03-15 03:11:48,Verificado,2400.0,130000,675.0,6.9,No,2
18,,437,@plataforma_confianza,X,Post original,Estamos revisando el contenido reportado sobre esta cuenta junto con nuestro equipo de Confianza y Seguridad. Daremos una actualización pronto.,#Cancelado,,2026-03-15 03:26:00,Verificado,2600.0,4200000,3586.0,4.6,No,0
19,,432,@kaiduarte,X,Post original,"Estoy al tanto de lo que se está diciendo. La voz sí es mía, pero es de otro contexto. Voy a tomarme el tiempo de mostrar la grabación completa.",#KaiDuarte,,2026-03-15 03:32:13,Verificado,1850.0,2100000,6316.0,9.7,No,0
20,,330,@johana_uni,X,Post original,yo esperaría el comunicado oficial antes de opinar sinceramente,#Cancelado,,2026-03-15 02:57:56,Cuenta_Nueva,0.0,444,190.0,1.4,No,0
21,,276,@carlos03,X,Post original,yo sigo esperando que Kai diga algo,,,2026-03-15 02:11:18,Anónimo,10.1,109,57.0,0.2,No,0
22,,175,@johanasabana,TikTok,Post original,Yo sigo esperando que Kai diga algo y cada rato cambia la versión,#EvaluandoLaSituacion #Cancelado,,2026-03-15 00:12:40,Verificado,1901.9,982,23.0,1.5,No,0
23,10.0,257,@carolinaramirez34,TikTok,Comentario,dicen que una cuenta que no conozco subió una captura que supuestamente confirma todo,#FueraKai,,2026-03-15 02:45:39,Anónimo,7.3,69,1232.0,7.8,Sí (idéntico a publicación de 2023 sobre otro creador),1
24,23.0,249,@daniela15,X,Comentario,ojo con esto: supuestamente el ganador real habló pero borró el mensaje rapidísimo,#EvaluandoLaSituacion,,2026-03-15 02:54:06,Anónimo,1073.8,27330,84.0,20.1,No,0
25,,290,@haroldbogota,TikTok,Post original,"la marca ya se está lavando las manos, típico la verdad",#KaiMentiroso #EvaluandoLaSituacion,,2026-03-15 01:42:04,Anónimo,8.1,277,77.0,1.8,No,1
26,,447,@RedFactCheckCo,X,Post original,Encontramos inconsistencias de horario en al menos dos de las pruebas que circulan.,#VerificaAntesDeCompartir,,2026-03-15 03:04:13,Verificado,3000.0,210000,730.0,12.3,No,1
27,15.0,250,@luisasabana,X,Comentario,esto me recuerda a como diez casos parecidos y las marcas ni se han pronunciado bien...,#QueDijoKai,,2026-03-15 03:18:52,Fan_Antiguo,2457.1,8429,30.0,0.7,No,0
28,25.0,230,@cesarsalazar15,TikTok,Comentario,la gente ya no espera pruebas para cancelar a nadie y las marcas ni se han pronunciado bien...,#KaiDuarte,,2026-03-15 03:40:36,Anónimo,1087.3,22527,38.0,2.8,No,0
29,24.0,56,@viviana_uni,Instagram,Comentario,alguien juró que tiene capturas del chat privado pero nunca las publicó,,,2026-03-15 03:42:04,Fan_Antiguo,1184.2,4271,1707.0,1.4,Sí (idéntico a publicación de 2023 sobre otro creador),0
30,19.0,429,@kaisquad_698,Instagram,Comentario,"si escuchan el audio completo, Kai está bromeando, no confesando nada",#JusticiaParaKai,,2026-03-15 04:17:39,Cuenta_Nueva,0.0,377,129.0,1.4,No,3
31,24.0,193,@tatiana,X,Repost/Cita,la gente ya no espera pruebas para cancelar a nadie y nadie sabe ni qué creer,,,2026-03-15 03:51:51,Anónimo,486.5,1215,14.0,5.1,No,0
32,5.0,43,@cesarmoreno,X,Comentario,nadie de los que participamos notó nada fuera de lo normal esa noche,,,2026-03-15 01:43:23,Anónimo,399.3,2727,86.0,0.1,No,3
33,14.0,265,@luisacun,TikTok,Comentario,me acaban de contar que un influencer chiquito aseguró que tiene pruebas pero no las ha mostrado,#CancelenAKai,,2026-03-15 03:21:12,Cuenta_Nueva,13.2,1241,325.0,12.3,No,1
34,19.0,15,@ivanbogota,Instagram,Comentario,"a mi me da igual, no sigo a Kai pero el trending me tiene aquí leyendo",,,2026-03-15 03:38:09,Anónimo,398.5,843,52.0,0.1,No,0
35,17.0,313,@felipesalazar03,X,Comentario,"la marca ya se está lavando las manos, típico sinceramente...",#QueDijoKai #KaiDuarte,,2026-03-15 03:14:29,Anónimo,0.6,52,50.0,3.9,No,0
36,16.0,36,@sebastian_00,TikTok,Repost/Cita,ya perdí la cuenta de cuántos hilos van sobre esto sin exagerar,#CancelenAKai,,2026-03-15 03:25:11,Verificado,1113.8,958,103.0,2.2,No,0
37,,37,@sebastiancardenassaban,Instagram,Transcripción de audio/video,Yo sigo esperando que Kai diga algo sin exagerar,#QueDijoKai #CancelenAKai,,2026-03-15 03:12:15,Anónimo,1405.3,1061,38.0,0.9,No,1
38,,210,@oscarleon_ug,X,Descripción de captura,Cada hora aparece un ángulo nuevo de esto y las marcas ni se han pronunciado bien,,,2026-03-15 02:40:59,Fan_Antiguo,1298.5,4703,358.0,2.5,No,0
39,25.0,100,@liliana_uni,TikTok,Repost/Cita,"yo hacía memes de Kai, ahora no sé ni qué publicar y las marcas ni se han pronunciado bien...",#CancelenAKai,,2026-03-15 02:11:50,Anónimo,,2550,61.0,3.5,No,1
40,31.0,196,@samuel,TikTok,Comentario,"Para que sepan: el clip completo, sin el corte de 14 segundos, cuenta una historia distinta",#EvaluandoLaSituacion #QueDijoKai,,2026-03-15 03:53:18,Fan_Antiguo,2152.5,6292,401.0,0.1,No,3
41,16.0,33,@cristiansabana,TikTok,Comentario,"para que sepan: conozco a alguien que ganó un sorteo anterior de Kai, todo fue legal",#YoLeCreoAKai,,2026-03-15 03:18:09,Anónimo,883.4,15683,262.0,2.4,No,3
42,38.0,376,@despiertaya_109,TikTok,Repost/Cita,"KAI ES CULPABLE, ya hay pruebas, no lo defiendan más #CancelenAKai",#CancelenAKai,,2026-03-15 03:22:07,Bot_Sospechoso,1.7,25160,153.0,16.6,No,0
43,,262,@oscarpinzon,X,Comentario,Yo creo que hay que esperar antes de sacar conclusiones la verdad 💀,#QueDijoKai,,2026-03-15 03:27:13,Cuenta_Nueva,0.2,142,50.0,4.2,No,0
44,,30,@luisa15,Instagram,Repost/Cita,el trending de hoy tenía que ser esto obviamente y todavía falta que hable Kai,,,2026-03-15 03:51:06,Fan_Antiguo,1581.7,3787,35.0,0.5,No,0
45,31.0,173,@mateox,TikTok,Repost/Cita,"la marca ya se está lavando las manos, típico sin exagerar",,,2026-03-15 04:02:45,Verificado,604.3,958,115.0,0.9,No,0
46,40.0,334,@juliana,X,Comentario,"cada rato sale un testigo nuevo, esto ya parece novela.",#QueDijoKai #Cancelado,,2026-03-15 03:58:53,Cuenta_Nueva,0.9,203,208.0,0.1,No,1
47,42.0,382,@mvidalteam_885,X,Repost/Cita,"confirmado, Kai amañó el sorteo, pasen la voz #CancelenAKai",#CancelenAKai,,2026-03-15 03:25:27,Bot_Sospechoso,0.0,18105,61.0,18.4,No,3
48,35.0,397,@porsiempreKai_598,TikTok,Comentario,el historial de Kai con sus sorteos ha sido limpio siempre,#JusticiaParaKai,,2026-03-15 03:27:29,Cuenta_Nueva,775.7,300,643.0,2.1,No,5
49,33.0,154,@miguelcardenascun,Instagram,Comentario,circula una lista de pruebas pero ninguna se puede verificar bien,#FueraKai,,2026-03-15 03:48:56,Fan_Antiguo,791.9,3144,500.0,10.7,Sí (idéntico a publicación de 2023 sobre otro creador),0
50,,106,@antoniasabana,Instagram,Repost/Cita,literal me desperté y lo primero que vi fue esto y eso que apenas empieza el día 💀,#CancelenAKai,,2026-03-15 04:19:06,Verificado,1562.2,6708,68.0,2.8,No,0
51,47.0,67,@antoniacun,X,Comentario,increíble como en una noche esto se salió de control de verdad...,,,2026-03-15 03:27:39,Anónimo,950.1,330,88.0,3.6,No,0
52,15.0,121,@gabrielabogota,TikTok,Comentario,actualización: seguridad del evento confirmó que hubo varios testigos presentes,,,2026-03-15 03:51:57,Fan_Antiguo,1413.4,8207,48.0,2.5,No,3
53,47.0,368,@apoyomateo_446,X,Repost/Cita,"confirmado, Kai amañó el sorteo, pasen la voz #CancelenAKai",#CancelenAKai,,2026-03-15 03:30:45,Bot_Sospechoso,0.6,35057,93.0,18.3,No,0
54,28.0,166,@ximenacardenascun,TikTok,Comentario,actualización: un conocido trabaja en el canal y dice que ahí todo queda respaldado,,,2026-03-15 03:50:07,Fan_Antiguo,554.5,6416,1103.0,1.5,Posible (similar a una publicación anterior),4
55,,13,@jhon_oficial,X,Post original,cada hora aparece un ángulo nuevo de esto sin exagerar 💀💀,#QueDijoKai,,2026-03-15 03:05:24,Fan_Antiguo,570.2,324,104.0,2.3,No,1
56,53.0,121,@gabrielabogota,X,Transcripción de audio/video,la gente ya no espera pruebas para cancelar a nadie la verdad,,,2026-03-15 03:33:46,Fan_Antiguo,1413.4,8207,16.0,3.2,No,0
57,,18,@paula15,TikTok,Repost/Cita,yo sigo esperando que Kai diga algo y las marcas ni se han pronunciado bien 💀💀,,,2026-03-15 03:23:12,Verificado,1607.4,3263,101.0,2.1,No,0
58,47.0,351,@noloocultes_349,X,Repost/Cita,esto es un ESCÁNDALO y las marcas lo están tapando #CancelenAKai,#CancelenAKai,,2026-03-15 03:28:19,Bot_Sospechoso,1.1,21880,518.0,10.0,No,0
59,54.0,84,@laurasuarez_00,X,Comentario,Yo creo que yo estaba conectado desde el minuto uno y no vi nada extraño,#EvaluandoLaSituacion,,2026-03-15 04:03:05,Verificado,911.9,44186,429.0,5.1,No,4
60,58.0,208,@diegoco,TikTok,Comentario,yo creo que un conocido trabaja en el canal y dice que ahí todo queda respaldado,,,2026-03-15 03:36:43,Fan_Antiguo,2705.8,6040,621.0,2.7,No,4
61,17.0,171,@cesar07,X,Transcripción de audio/video,No puedo creer lo que está pasando con Kai y todavía falta que hable Kai,,,2026-03-15 04:01:59,Verificado,1687.8,6372,152.0,2.5,No,0
62,,37,@sebastiancardenassaban,TikTok,Repost/Cita,increíble como en una noche esto se salió de control 😭😭,#EvaluandoLaSituacion #KaiEsInocente,,2026-03-15 04:11:04,Anónimo,1405.3,1061,34.0,3.9,No,0
63,20.0,194,@cesar_ug,X,Comentario,yo creo que nadie de los que participamos notó nada fuera de lo normal esa noche,,,2026-03-15 03:03:51,Anónimo,560.4,1122,251.0,4.3,No,3
64,62.0,60,@alejandropinzon99,X,Repost/Cita,"esto se puso serio rapidísimo, hace una hora era chisme y nadie sabe ni qué creer",#KaiDuarte,,2026-03-15 04:14:14,Anónimo,1712.2,2331,127.0,3.2,No,0
65,64.0,320,@yuliana22,X,Comentario,alguien me explica bien qué fue lo que pasó anoche y eso que apenas empieza el día.,,,2026-03-15 04:18:58,Cuenta_Nueva,18.5,191,60.0,4.0,No,0
66,19.0,399,@kaisquad_446,TikTok,Comentario,"eso que están pasando como prueba nueva es de un caso viejo, no es de ahora",#JusticiaParaKai,,2026-03-15 04:06:44,Cuenta_Nueva,502.1,833,374.0,3.3,No,0
67,52.0,344,@brayan99,X,Comentario,posta que alguien juró que tiene capturas del chat privado pero nunca las publicó,#EvaluandoLaSituacion,,2026-03-15 03:53:21,Anónimo,0.0,84,444.0,0.1,No,0
68,42.0,307,@adrianacun,Foro anónimo,Comentario,Me acaban de contar que alguien juró que tiene capturas del chat privado pero nunca las publicó,,,2026-03-15 03:25:23,Cuenta_Nueva,17.8,24,130.0,29.9,No,1
69,62.0,32,@valeria,Instagram,Comentario,yo esperaría el comunicado oficial antes de opinar,#KaiDuarte,,2026-03-15 04:16:03,Verificado,380.2,6269,77.0,2.6,No,0
70,21.0,122,@ricardo_real,X,Comentario,Esto habla más de nosotros como internet que de Kai la verdad y nadie sabe ni qué creer 😳,#QueDijoKai,,2026-03-15 02:51:34,Fan_Antiguo,919.2,3307,81.0,0.1,No,1
71,,62,@tomas_,TikTok,Repost/Cita,me parece raro que UrbanKrew se pronuncie tan rápido sin saber toda la historia,,UrbanKrew,2026-03-15 01:38:31,Anónimo,1442.6,3056,226.0,2.3,No,1
72,30.0,207,@sofia_uni,X,Comentario,cada hora aparece un ángulo nuevo de esto y cada rato cambia la versión 💀,#QueDijoKai,,2026-03-15 04:30:57,Anónimo,1117.1,1861,106.0,3.2,No,0
73,31.0,80,@juansalazar03,Instagram,Comentario,"La marca ya se está lavando las manos, típico de verdad...",,,2026-03-15 03:54:02,Verificado,1451.6,2025,71.0,2.2,No,1
74,,327,@yuliana07,X,Repost/Cita,si esto resulta ser falso alguien tiene que responder por el daño otra vez,#FueraKai,,2026-03-15 02:19:30,Cuenta_Nueva,14.7,52,12.0,0.7,No,1
75,40.0,222,@fabian07,Instagram,Comentario,para que sepan: nadie de los que participamos notó nada fuera de lo normal esa noche,#JusticiaParaKai,,2026-03-15 03:59:35,Verificado,519.2,3479,280.0,6.7,No,6
76,,120,@sara_real,TikTok,Transcripción de audio/video,yo llevo horas viendo hilos sobre esto en vez de dormir sinceramente 😭,#YoLeCreoAKai,,2026-03-15 03:46:26,Fan_Antiguo,30.0,618,74.0,2.3,No,2
77,60.0,291,@alejandrolopez2020,X,Descripción de captura,yo sigo esperando que Kai diga algo la verdad,,,2026-03-15 04:55:55,Cuenta_Nueva,7.1,2281,15.0,1.1,No,0
78,47.0,260,@samuelcun,X,Comentario,Me acaban de contar que circula el rumor de que hay más pruebas guardadas para después,,,2026-03-15 03:28:33,Cuenta_Nueva,12.4,486,242.0,14.0,No,1
79,66.0,395,@porsiempreKai_915,Instagram,Comentario,el historial de Kai con sus sorteos ha sido limpio siempre,#JusticiaParaKai,,2026-03-15 04:08:38,Fan_Antiguo,535.4,2483,486.0,11.6,No,2
80,67.0,261,@camilalopez99,X,Comentario,dicen que circula una lista de pruebas pero ninguna se puede verificar bien,#KaiMentiroso,,2026-03-15 04:08:04,Anónimo,1.5,5573,452.0,8.1,No,1
81,8.0,306,@carloslopez_col,Foro anónimo,Comentario,Ojo con esto: supuestamente el ganador real habló pero borró el mensaje rapidísimo,,,2026-03-15 01:34:04,Anónimo,13.2,420,3205.0,14.9,Sí (idéntico a publicación de 2023 sobre otro creador),0
82,57.0,243,@monicapinzon2020,X,Transcripción de audio/video,Yo creo que hay que esperar antes de sacar conclusiones y las marcas ni se han pronunciado bien,#QueDijoKai #EvaluandoLaSituacion,,2026-03-15 03:33:59,Fan_Antiguo,1268.8,9767,74.0,2.2,No,1
83,65.0,273,@laurasabana,X,Comentario,yo llevo horas viendo hilos sobre esto en vez de dormir y eso que apenas empieza el día...,#Cancelado #YoLeCreoAKai,,2026-03-15 04:21:17,Cuenta_Nueva,0.0,258,51.0,1.2,No,0
84,74.0,371,@despiertaya_582,X,Repost/Cita,"confirmado, Kai amañó el sorteo, pasen la voz #CancelenAKai",#CancelenAKai,,2026-03-15 02:24:08,Bot_Sospechoso,2.3,8112,101.0,14.6,No,0
85,68.0,279,@saratv,X,Comentario,posta que un influencer chiquito aseguró que tiene pruebas pero no las ha mostrado,#KaiDuarte,,2026-03-15 04:05:00,Anónimo,7.2,74,98.0,3.5,No,1
86,54.0,147,@ricardorios2020,X,Comentario,"dato: el clip completo, sin el corte de 14 segundos, cuenta una historia distinta",#QueDijoKai,,2026-03-15 03:59:17,Anónimo,188.5,943,99.0,0.1,Sí (idéntico a publicación de 2023 sobre otro creador),0
87,72.0,134,@tatianamedina07,X,Comentario,PulsoTech debería esperar los resultados antes de tomar una decisión así de grande,#FakeNews,PulsoTech,2026-03-15 04:39:20,Verificado,898.6,490,60.0,0.1,No,1
88,84.0,388,@despiertaya_820,X,Repost/Cita,esto es un ESCÁNDALO y las marcas lo están tapando #CancelenAKai,#CancelenAKai,,2026-03-15 03:45:57,Bot_Sospechoso,1.3,11277,145.0,8.8,No,0
89,49.0,294,@melissa_,Instagram,Comentario,circula que un tiktok con millones de vistas ya lo dio por hecho,#FueraKai #EvaluandoLaSituacion,,2026-03-15 03:51:49,Cuenta_Nueva,14.6,1198,338.0,16.3,No,1
90,76.0,58,@paulacun,Instagram,Comentario,actualización: seguridad del evento confirmó que hubo varios testigos presentes,,,2026-03-15 03:53:07,Verificado,1052.5,20877,108.0,5.3,No,2
91,,35,@ricardo_00,TikTok,Comentario,Yo esperaría el comunicado oficial antes de opinar otra vez,#QueDijoKai,,2026-03-15 03:37:57,Anónimo,1551.1,1838,79.0,1.8,No,1
92,76.0,102,@valentinamedina2020,X,Comentario,clásico: pasa algo de madrugada y para el mediodía ya todos tienen opinión y nadie sabe ni qué creer,#QueDijoKai,,2026-03-15 03:54:12,Fan_Antiguo,1475.2,2289,55.0,0.3,No,0
93,80.0,295,@kevin15,X,Comentario,  esto me recuerda a como diez casos parecidos la verdad   ,#QueDijoKai,,2026-03-15 04:15:10,Anónimo,22.8,699,30.0,3.0,No,1
94,78.0,40,@claudia_ug,X,Comentario,"la marca ya se está lavando las manos, típico y nadie sabe ni qué creer",#OjoConEstoKai #VerificaAntesDeCompartir,,2026-03-15 03:31:41,Anónimo,678.4,5987,63.0,0.1,No,1
95,13.0,43,@cesarmoreno,X,Comentario,"que fastidio, otra vez cancelando a alguien sin dejarlo hablar y las marcas ni se han pronunciado bien 😭😭",#QueDijoKai,,2026-03-15 03:44:36,Anónimo,399.3,2727,48.0,3.2,No,0
96,63.0,306,@carloslopez_col,X,Comentario,"honestamente, seguí el proceso desde el chat en vivo, a mí se vio transparente",,,2026-03-15 03:08:13,Anónimo,13.2,420,60.0,2.4,No,3
97,37.0,18,@paula15,Instagram,Comentario,"sea cual sea la verdad, la forma en que se está manejando esto es un desastre la verdad.",#Cancelado,,2026-03-15 03:13:16,Verificado,1607.4,3263,22.0,4.0,No,0
98,35.0,82,@kevincardenas2020,Instagram,Comentario,Esto habla más de nosotros como internet que de Kai la verdad y eso que apenas empieza el día,,,2026-03-15 04:04:41,Verificado,468.4,4255,131.0,0.9,No,0
99,,258,@cesarlopez98,TikTok,Post original,"Cada rato sale un testigo nuevo, esto ya parece novela",#Cancelado,,2026-03-15 02:40:00,Cuenta_Nueva,10.1,239,216.0,2.0,No,2
100,90.0,201,@cesar15,Instagram,Comentario,la cantidad de cuentas nuevas comentando esto me da mala espina,#Cancelado,,2026-03-15 03:59:10,Anónimo,1280.8,4998,93.0,3.3,No,0
101,85.0,317,@felipelopez22,Foro anónimo,Comentario,me acaban de contar que circula una lista de pruebas pero ninguna se puede verificar bien,,,2026-03-15 04:10:38,Cuenta_Nueva,0.5,30,5268.0,21.1,No,1
102,48.0,80,@juansalazar03,X,Comentario,Yo creo que hay que esperar antes de sacar conclusiones y las marcas ni se han pronunciado bien,#QueDijoKai,,2026-03-15 03:37:29,Verificado,1451.6,2025,46.0,1.1,No,0
103,45.0,279,@saratv,X,Comentario,yo esperaría el comunicado oficial antes de opinar de verdad.,#YoLeCreoAKai,,2026-03-15 04:05:35,Anónimo,7.2,74,50.0,3.2,No,0
104,,235,@ricardo98,X,Post original,alguien me explica bien qué fue lo que pasó anoche y todavía falta que hable Kai,,,2026-03-15 03:23:19,Fan_Antiguo,1284.4,3028,,1.1,No,1
105,47.0,316,@andres03,TikTok,Comentario,posta que supuestamente el ganador real habló pero borró el mensaje rapidísimo,,,2026-03-15 04:04:44,Anónimo,20.3,898,682.0,3.3,Sí (idéntico a publicación de 2023 sobre otro creador),1
106,92.0,342,@kevin_00,TikTok,Descripción de captura,yo vine a leer los comentarios que siempre son mejores que la noticia de verdad...,#Cancelado #KaiDuarte,,2026-03-15 04:06:36,Cuenta_Nueva,18.5,10457,32.0,2.0,No,0
107,,67,@antoniacun,X,Comentario,me parece raro que NovaVolt se pronuncie tan rápido sin saber toda la historia,#QueDijoKai,NovaVolt,2026-03-15 02:22:34,Anónimo,950.1,330,13.0,3.1,No,0
108,88.0,382,@mvidalteam_885,TikTok,Repost/Cita,"confirmado, Kai amañó el sorteo, pasen la voz #CancelenAKai",#CancelenAKai,,2026-03-15 04:03:17,Bot_Sospechoso,0.0,18105,126.0,17.8,No,0
109,88.0,300,@ivan2020,TikTok,Comentario,"me acaban de contar que me contaron que alguien del equipo renunció por esto, sin confirmación",#KaiDuarte #FueraKai,,2026-03-15 03:52:27,Cuenta_Nueva,17.7,815,33.0,9.9,Posible (similar a una publicación anterior),1
110,82.0,45,@david07,X,Comentario,yo creo que hay que esperar antes de sacar conclusiones sin exagerar...,#CancelenAKai,,2026-03-15 04:07:41,Verificado,868.5,2340,52.0,3.6,No,0
111,54.0,164,@wilsonalarcon_oficial,Instagram,Comentario,"dato: seguí el proceso desde el chat en vivo, a mí se vio transparente",#JusticiaParaKai,,2026-03-15 04:07:11,Verificado,656.4,5554,449.0,5.4,No,4
112,110.0,50,@ivanalarcon_col,X,Comentario,"que fastidio, otra vez cancelando a alguien sin dejarlo hablar ya en serio 💀",,,2026-03-15 04:09:13,Anónimo,2157.2,12104,49.0,1.1,No,1
113,102.0,292,@valentinasuarez_real,Instagram,Descripción de captura,"sea cual sea la verdad, la forma en que se está manejando esto es un desastre y eso que apenas empieza el día...",#KaiMentiroso,,2026-03-15 03:49:28,Anónimo,6.5,446,52.0,2.3,No,0
114,108.0,377,@despiertaya_618,X,Repost/Cita,"KAI ES CULPABLE, ya hay pruebas, no lo defiendan más #CancelenAKai",#CancelenAKai,,2026-03-15 04:08:00,Bot_Sospechoso,3.0,985,73.0,20.4,No,0
115,96.0,110,@yuliana,Instagram,Comentario,seguridad del evento confirmó que hubo varios testigos presentes,#EvaluandoLaSituacion,,2026-03-15 03:10:48,Verificado,1050.4,12050,472.0,3.7,No,2
116,106.0,344,@brayan99,Instagram,Comentario,"Esto se puso serio rapidísimo, hace una hora era chisme y eso que apenas empieza el día...",#JusticiaParaKai,,2026-03-15 04:12:37,Anónimo,0.0,84,13.0,1.0,No,0
117,66.0,276,@carlos03,Instagram,Comentario,"esto ya lo vi venir hace rato, algo raro pasaba sin exagerar",#QueDijoKai,,2026-03-15 04:11:03,Anónimo,10.1,109,57.0,1.6,No,0
118,116.0,98,@marialeon_col,X,Transcripción de audio/video,mis amigas y yo llevamos toda la noche hablando de esto otra vez,#QueDijoKai,,2026-03-15 04:34:10,Fan_Antiguo,1483.0,14224,119.0,3.3,No,1
119,85.0,267,@camilacastro34,X,Comentario,dicen que hay un audio filtrado completo pero nadie lo ha mostrado,,,2026-03-15 04:16:05,Anónimo,15.2,433,311.0,3.1,No,1
120,99.0,249,@daniela15,X,Comentario,yo esperaría el comunicado oficial antes de opinar y las marcas ni se han pronunciado bien,,,2026-03-15 02:41:17,Anónimo,1073.8,27330,48.0,3.3,No,0
121,88.0,105,@samuelvargas2020,Foro anónimo,Comentario,tremendo desorden se armó de la nada anoche ya en serio,,,2026-03-15 04:14:18,Verificado,762.3,3148,24.0,1.2,No,2
122,30.0,390,@porsiempreKai_197,Instagram,Comentario,"esas capturas ya las vi hace años en otro escándalo, esto es reciclado",#JusticiaParaKai,,2026-03-15 04:21:26,Fan_Antiguo,696.4,4495,77.0,8.6,No,2
123,121.0,304,@adrianariostv,X,Descripción de captura,ya perdí la cuenta de cuántos hilos van sobre esto,#JusticiaParaKai,,2026-03-15 04:24:38,Cuenta_Nueva,13.2,764,22.0,2.7,No,0
124,54.0,171,@cesar07,X,Comentario,"Actualización: tengo un conocido que trabajó en la producción, dice que todo estuvo en orden",,,2026-03-15 03:50:28,Verificado,1687.8,6372,245.0,0.1,No,6
125,120.0,302,@carlos_oficial,X,Comentario,alguien me explica bien qué fue lo que pasó anoche y cada rato cambia la versión.,,,2026-03-15 02:52:59,Cuenta_Nueva,1.1,9,53.0,4.5,No,0
126,96.0,62,@tomas_,TikTok,Comentario,para que sepan: el ganador de mi ciudad sí recibió el premio sin ningún inconveniente,,,2026-03-15 03:18:19,Anónimo,1442.6,3056,184.0,3.1,No,1
127,,256,@brayan15,X,Post original,"pobre la gente que ganó de verdad el sorteo, ahora todos van a dudar de ellos de verdad",#VerificaAntesDeCompartir,,2026-03-15 01:52:47,Anónimo,2.1,19,87.0,1.4,No,0
128,120.0,88,@carlosmedina,Instagram,Comentario,clásico: pasa algo de madrugada y para el mediodía ya todos tienen opinión sinceramente.,#EvaluandoLaSituacion #VerificaAntesDeCompartir,,2026-03-15 03:05:39,Verificado,857.9,1603,76.0,2.7,No,1
129,99.0,128,@laura99,Instagram,Comentario,"dato: seguí el proceso desde el chat en vivo, a mí se vio transparente",,,2026-03-15 03:03:46,Anónimo,481.6,2773,344.0,1.0,No,3
130,89.0,35,@ricardo_00,X,Comentario,"a mi me da igual, no sigo a Kai pero el trending me tiene aquí leyendo ya en serio",#FakeNews,,2026-03-15 03:57:36,Anónimo,1551.1,1838,45.0,2.5,No,0
131,75.0,173,@mateox,X,Comentario,"yo creo que conozco a alguien que ganó un sorteo anterior de Kai, todo fue legal",,,2026-03-15 04:05:27,Verificado,604.3,958,835.0,7.3,No,5
132,62.0,247,@antonia2020,X,Comentario,"cada quien cree lo que quiere creer, ya nadie mira pruebas de verdad",,,2026-03-15 04:20:52,Verificado,881.8,4732,29.0,1.1,No,1
133,74.0,312,@ricardocun,X,Repost/Cita,esto me recuerda a como diez casos parecidos y eso que apenas empieza el día,#KaiMentiroso #KaiDuarte,,2026-03-15 02:20:53,Anónimo,0.3,171,37.0,0.7,No,0
134,,308,@johanacun,X,Comentario,esto me recuerda a como diez casos parecidos y las marcas ni se han pronunciado bien,#QueDijoKai #YoLeCreoAKai,,2026-03-15 04:10:35,Cuenta_Nueva,4.5,537,72.0,1.3,No,0
135,47.0,91,@cesarramirezcun,TikTok,Comentario,dicen que un influencer chiquito aseguró que tiene pruebas pero no las ha mostrado,,,2026-03-15 03:37:08,Verificado,2835.2,1010,409.0,10.4,Sí (idéntico a publicación de 2023 sobre otro creador),0
136,75.0,19,@gabrielamedina07,Foro anónimo,Comentario,increíble como en una noche esto se salió de control y cada rato cambia la versión.,#EvaluandoLaSituacion #KaiEsInocente,,2026-03-15 04:13:20,Fan_Antiguo,1199.2,4505,56.0,0.5,No,0
137,108.0,256,@brayan15,X,Comentario,circula que una cuenta que no conozco subió una captura que supuestamente confirma todo,#KaiDuarte,,2026-03-15 04:13:17,Anónimo,2.1,19,2457.0,12.2,No,1
138,,217,@natalia,TikTok,Comentario,esto va a ser tendencia todo el día seguro de verdad,#CancelenAKai,,2026-03-15 02:56:47,Anónimo,944.4,1630,79.0,1.6,No,0
139,84.0,140,@cristianramirez_,X,Comentario,"para que sepan: vi la transmisión completa dos veces, no encuentro el corte que muestran",,,2026-03-15 03:45:24,Verificado,853.0,1171,111.0,3.8,No,6
140,89.0,347,@luisarojas_,X,Comentario,"circula que me contaron que alguien del equipo renunció por esto, sin confirmación",#KaiMentiroso,,2026-03-15 04:13:37,Anónimo,10.7,40,417.0,0.1,No,1
141,124.0,244,@harold_uni,TikTok,Comentario,"Yo creo que el clip completo, sin el corte de 14 segundos, cuenta una historia distinta",,,2026-03-15 03:52:35,Fan_Antiguo,681.4,1856,106.0,4.0,Sí (idéntico a publicación de 2023 sobre otro creador),2
142,50.0,388,@despiertaya_820,X,Repost/Cita,"KAI ES CULPABLE, ya hay pruebas, no lo defiendan más #CancelenAKai",#CancelenAKai,,2026-03-15 04:35:27,Bot_Sospechoso,1.3,11277,131.0,28.8,No,0
143,137.0,343,@angie07,X,Comentario,Circula que un influencer chiquito aseguró que tiene pruebas pero no las ha mostrado,,,2026-03-15 04:18:53,Cuenta_Nueva,21.7,613,361.0,14.9,Sí (idéntico a publicación de 2023 sobre otro creador),1
144,140.0,86,@saralopez34,TikTok,Comentario,"esto se puso serio rapidísimo, hace una hora era chisme",#Cancelado #QueDijoKai,,2026-03-15 04:15:28,Verificado,749.9,14859,139.0,2.9,No,0
145,111.0,101,@jorgesalazarbogota,X,Comentario,  dato: un conocido trabaja en el canal y dice que ahí todo queda respaldado   ,,,2026-03-15 04:13:24,Fan_Antiguo,2121.2,2922,19.0,4.3,No,5
146,127.0,19,@gabrielamedina07,X,Comentario,el que suba a defenderlo sin pruebas también me da desconfianza sin exagerar 🤔🤔,,,2026-03-15 03:16:11,Fan_Antiguo,1199.2,4505,29.0,0.4,No,0
147,114.0,268,@viviana_real,Foro anónimo,Comentario,yo creo que nadie de los que participamos notó nada fuera de lo normal esa noche,#JusticiaParaKai #EvaluandoLaSituacion,,2026-03-15 04:21:12,Cuenta_Nueva,10.6,1154,154.0,1.7,No,7
148,66.0,392,@teamkai_498,X,Comentario,"si escuchan el audio completo, Kai está bromeando, no confesando nada",#JusticiaParaKai,,2026-03-15 04:17:26,Cuenta_Nueva,920.5,1235,117.0,5.5,No,3
149,145.0,425,@kaisquad_668,TikTok,Comentario,"Kai lleva años siendo transparente con sus sorteos, esto no cuadra",#JusticiaParaKai,,2026-03-15 04:16:09,Cuenta_Nueva,0.0,102,481.0,0.1,No,4
150,53.0,380,@mvidalteam_435,X,Repost/Cita,"no dejen que borren la evidencia, guarden capturas ya #CancelenAKai",#CancelenAKai,,2026-03-15 03:32:53,Bot_Sospechoso,2.0,67969,62.0,6.3,No,0
151,79.0,263,@claudiavargas22,TikTok,Comentario,Dicen que dicen que hay un audio filtrado completo pero nadie lo ha mostrado,#KaiMentiroso #KaiDuarte,,2026-03-15 04:16:43,Anónimo,6.8,214,314.0,16.5,No,0
152,85.0,335,@manuelapinzon,X,Comentario,esto se siente exactamente igual a lo del año pasado con otro streamer de verdad.,#EvaluandoLaSituacion,,2026-03-15 04:23:09,Cuenta_Nueva,7.0,106,8.0,1.6,No,0
153,136.0,14,@estebanramirez03,Instagram,Repost/Cita,"yo hacía memes de Kai, ahora no sé ni qué publicar y las marcas ni se han pronunciado bien.",#EvaluandoLaSituacion #QueDijoKai,,2026-03-15 04:19:28,Anónimo,281.6,387,67.0,1.5,No,0
154,21.0,107,@tomascastro_,X,Repost/Cita,"todo mundo subiendo teorías, nadie subiendo pruebas y todavía falta que hable Kai.",#KaiDuarte,,2026-03-15 03:55:26,Anónimo,1158.0,1947,134.0,3.7,No,0
155,12.0,199,@mariax,X,Comentario,"para que sepan: conozco a alguien que ganó un sorteo anterior de Kai, todo fue legal",,,2026-03-15 03:20:55,Anónimo,1742.6,13297,201.0,1.7,No,1
156,,116,@carolina_00,Instagram,Comentario,"vi que UrbanKrew sacó un comunicado, muy tibio la verdad",,NovaVolt,2026-03-15 01:43:18,Verificado,985.8,604,25.0,2.1,No,0
157,155.0,198,@kevincastro03,X,Comentario,en mi casa no se habla de otra cosa desde anoche y eso que apenas empieza el día 😳😳,#Cancelado,,2026-03-15 03:36:02,Fan_Antiguo,30.0,1746,32.0,2.9,No,0
158,142.0,155,@monicaalarcon22,TikTok,Comentario,"que fastidio, otra vez cancelando a alguien sin dejarlo hablar la verdad 😭😭",,,2026-03-15 04:40:19,Fan_Antiguo,397.5,1537,16.0,0.1,No,0
159,,10,@carlos_00,X,Repost/Cita,tremendo desorden se armó de la nada anoche otra vez,#QueDijoKai,,2026-03-15 03:44:22,Verificado,974.1,599,36.0,2.9,No,0
160,155.0,296,@johanatv,Instagram,Comentario,si esto resulta ser falso alguien tiene que responder por el daño otra vez,,,2026-03-15 03:27:46,Cuenta_Nueva,10.5,139,52.0,1.4,No,0
161,150.0,164,@wilsonalarcon_oficial,Instagram,Repost/Cita,clásico: pasa algo de madrugada y para el mediodía ya todos tienen opinión 😳,,,2026-03-15 03:34:33,Verificado,656.4,5554,75.0,1.5,No,0
162,142.0,367,@noloocultes_218,X,Repost/Cita,"confirmado, Kai amañó el sorteo, pasen la voz #CancelenAKai",#CancelenAKai,,2026-03-15 04:46:09,Bot_Sospechoso,1.0,4889,201.0,20.8,No,0
163,,445,@DatosClarosCo,X,Post original,"El patrón de creación de cuentas alrededor de este tema es atípico, seguimos documentando.",#VerificaAntesDeCompartir,,2026-03-15 02:41:00,Verificado,2400.0,130000,837.0,5.8,No,2
164,,92,@tatiana_11,X,Comentario,mis amigas y yo llevamos toda la noche hablando de esto otra vez...,#Cancelado,,2026-03-15 03:18:22,Verificado,1064.8,4839,54.0,2.4,No,0
165,132.0,125,@jorge15,Instagram,Descripción de captura,esto habla más de nosotros como internet que de Kai la verdad y nadie sabe ni qué creer,#VerificaAntesDeCompartir #Cancelado,,2026-03-15 04:25:34,Anónimo,30.0,724,127.0,0.1,No,0
166,30.0,61,@juan34,Foro anónimo,Comentario,alguien me explica bien qué fue lo que pasó anoche y nadie sabe ni qué creer 😭,,,2026-03-15 04:22:37,Anónimo,30.0,1023,39.0,2.0,No,0
167,89.0,260,@samuelcun,X,Comentario,"dicen que vi un live reaccionando que desmontó todo, aunque no lo vi completo",,,2026-03-15 03:55:06,Cuenta_Nueva,12.4,486,1095.0,3.4,No,1
168,129.0,39,@tatiana15,Instagram,Comentario,"actualización: seguí el proceso desde el chat en vivo, a mí se vio transparente",,,2026-03-15 03:09:24,Anónimo,1660.6,1149,53.0,5.1,No,2
169,,169,@vivianacruz_00,Instagram,Comentario,la cantidad de cuentas nuevas comentando esto me da mala espina sin exagerar.,#EvaluandoLaSituacion,,2026-03-15 02:24:25,Anónimo,313.8,38563,33.0,0.1,No,1
170,,333,@monicamedinasabana,Foro anónimo,Post original,"esto ya lo vi venir hace rato, algo raro pasaba y nadie sabe ni qué creer",#EvaluandoLaSituacion,,2026-03-15 00:58:44,Anónimo,25.5,724,13.0,3.5,No,0
171,13.0,278,@isabellaalarcon_11,Instagram,Comentario,cada hora aparece un ángulo nuevo de esto y eso que apenas empieza el día...,#KaiDuarte,,2026-03-15 03:16:15,Anónimo,11.2,119,12.0,0.9,No,0
172,115.0,90,@carlos_real,TikTok,Comentario,"yo creo que el proceso del sorteo se hizo con testigos externos, no solo del equipo de Kai",,,2026-03-15 04:07:42,Fan_Antiguo,30.0,249,84.0,1.9,No,1
173,,114,@tomaspinzonsabana,X,Transcripción de audio/video,el que suba a defenderlo sin pruebas también me da desconfianza de verdad 💀,,,2026-03-15 03:29:08,Fan_Antiguo,30.0,1697,21.0,4.1,No,1
174,10.0,261,@camilalopez99,Instagram,Comentario,ojo con esto: circula una lista de pruebas pero ninguna se puede verificar bien,,,2026-03-15 02:42:52,Anónimo,1.5,5573,438.0,14.2,Posible (similar a una publicación anterior),0
175,108.0,202,@melissagomez_11,Instagram,Repost/Cita,"que fastidio, otra vez cancelando a alguien sin dejarlo hablar la verdad.",#YoLeCreoAKai,,2026-03-15 04:21:50,Anónimo,1288.8,466,98.0,3.7,No,0
176,,206,@mateo,TikTok,Post original,"que fastidio, otra vez cancelando a alguien sin dejarlo hablar otra vez",#Cancelado,,2026-03-15 03:46:11,Fan_Antiguo,431.8,2415,43.0,0.1,No,0
177,77.0,153,@tatianalopez_,X,Comentario,no había visto esta cantidad de gente opinando de algo en meses,#KaiDuarte,,2026-03-15 05:00:51,Anónimo,4000.0,5982,26.0,2.6,No,0
178,42.0,349,@jorgecun,X,Comentario,dicen que alguien juró que tiene capturas del chat privado pero nunca las publicó,#CancelenAKai #KaiDuarte,,2026-03-15 03:28:16,Cuenta_Nueva,2.2,337,1946.0,7.1,No,1
179,97.0,79,@isabella15,TikTok,Comentario,"a mi me da igual, no sigo a Kai pero el trending me tiene aquí leyendo y cada rato cambia la versión.",#KaiDuarte,,2026-03-15 03:15:13,Verificado,759.5,2372,36.0,3.6,No,0
180,176.0,117,@estebanlopez98,X,Repost/Cita,"yo hacía memes de Kai, ahora no sé ni qué publicar sinceramente",,,2026-03-15 03:51:50,Verificado,2699.5,522,81.0,1.9,No,0
181,136.0,65,@miguelgomez98,Instagram,Repost/Cita,No había visto esta cantidad de gente opinando de algo en meses ya en serio 💀,#FueraKai #EvaluandoLaSituacion,,2026-03-15 04:18:31,Verificado,736.6,556,44.0,1.6,No,0
182,10.0,277,@yesidcastro,Foro anónimo,Comentario,"me llegó por WhatsApp que Kai sí arregló todo, no tengo la fuente original",#KaiMentiroso,,2026-03-15 02:47:20,Anónimo,23.9,374,528.0,2.5,No,1
183,129.0,278,@isabellaalarcon_11,X,Comentario,"todo mundo subiendo teorías, nadie subiendo pruebas y cada rato cambia la versión",#VerificaAntesDeCompartir,,2026-03-15 03:15:54,Anónimo,11.2,119,245.0,0.4,No,0
184,157.0,9,@yulianasuarez07,TikTok,Comentario,el trending de hoy tenía que ser esto obviamente sinceramente 💀,#QueDijoKai,,2026-03-15 03:39:01,Fan_Antiguo,511.7,4216,89.0,2.8,No,0
185,130.0,209,@isabellamoreno99,X,Comentario,si esto no se aclara hoy se va a armar una novela de meses otra vez,#Cancelado,,2026-03-15 04:14:03,Fan_Antiguo,30.0,659,33.0,3.1,No,0
186,151.0,263,@claudiavargas22,Foro anónimo,Comentario,ojo con esto: supuestamente el ganador real habló pero borró el mensaje rapidísimo,#KaiMentiroso,,2026-03-15 04:25:08,Anónimo,6.8,214,126.0,16.0,No,0
187,137.0,107,@tomascastro_,Foro anónimo,Comentario,yo sigo esperando que Kai diga algo y cada rato cambia la versión,#Cancelado #CancelenAKai,,2026-03-15 04:15:00,Anónimo,1158.0,1947,10.0,3.3,No,0
188,120.0,68,@gabriela99,X,Comentario,esto habla más de nosotros como internet que de Kai la verdad y cada rato cambia la versión 😳,#KaiMentiroso,,2026-03-15 03:00:27,Verificado,1575.7,29670,40.0,2.9,No,1
189,,292,@valentinasuarez_real,X,Post original,el que suba a defenderlo sin pruebas también me da desconfianza ya en serio,#EvaluandoLaSituacion,,2026-03-15 03:10:52,Anónimo,6.5,446,57.0,3.5,No,0
190,162.0,368,@apoyomateo_446,TikTok,Repost/Cita,"COMPARTAN esto antes de que lo borren, la verdad sobre Kai #CancelenAKai",#CancelenAKai,,2026-03-15 04:54:14,Bot_Sospechoso,0.6,35057,143.0,8.4,No,4
191,153.0,48,@yulianapardo_col,X,Comentario,Cada hora aparece un ángulo nuevo de esto sin exagerar,,,2026-03-15 04:27:10,Fan_Antiguo,1261.8,5372,54.0,0.1,No,3
192,124.0,321,@antonianino_11,TikTok,Comentario,"actualización: el clip completo, sin el corte de 14 segundos, cuenta una historia distinta",,,2026-03-15 03:56:39,Cuenta_Nueva,4.7,191,483.0,2.4,No,5
193,189.0,262,@oscarpinzon,TikTok,Transcripción de audio/video,increíble como en una noche esto se salió de control ya en serio,,,2026-03-15 03:12:15,Cuenta_Nueva,0.2,142,34.0,0.9,No,0
194,193.0,227,@fabian03,TikTok,Comentario,yo sigo esperando que Kai diga algo de verdad 🤔🤔,#QueDijoKai,,2026-03-15 03:30:50,Anónimo,865.1,645,22.0,1.1,No,1
195,,264,@monica2020,TikTok,Repost/Cita,si esto resulta ser falso alguien tiene que responder por el daño y eso que apenas empieza el día,#QueDijoKai,,2026-03-15 04:02:21,Cuenta_Nueva,19.1,11,67.0,1.2,No,0
196,79.0,406,@porsiempreKai_824,X,Comentario,"eso que están pasando como prueba nueva es de un caso viejo, no es de ahora",#JusticiaParaKai,,2026-03-15 04:12:36,Anónimo,0.0,1311,187.0,23.8,No,2
197,,249,@daniela15,X,Comentario,mis amigas y yo llevamos toda la noche hablando de esto y nadie sabe ni qué creer,#EvaluandoLaSituacion #KaiDuarte,,2026-03-15 03:30:32,Anónimo,1073.8,27330,147.0,1.2,No,1
198,83.0,197,@felipesuarezbogota,X,Comentario,yo vine a leer los comentarios que siempre son mejores que la noticia y eso que apenas empieza el día...,#FueraKai,,2026-03-15 04:29:01,Fan_Antiguo,1413.3,5993,40.0,1.3,No,0
199,190.0,352,@noloocultes_989,X,Repost/Cita,"KAI ES CULPABLE, ya hay pruebas, no lo defiendan más #CancelenAKai",#CancelenAKai,,2026-03-15 04:58:01,Bot_Sospechoso,2.1,11157,44.0,29.5,No,0
200,178.0,11,@sebastianpinzon,TikTok,Comentario,no había visto esta cantidad de gente opinando de algo en meses y eso que apenas empieza el día,,,2026-03-15 03:28:37,Verificado,1127.4,5125,44.0,2.1,No,0
201,149.0,222,@fabian07,Instagram,Descripción de captura,yo vine a leer los comentarios que siempre son mejores que la noticia ya en serio,,,2026-03-15 04:16:43,Verificado,519.2,3479,118.0,1.3,No,0
202,171.0,23,@valentinacardenasco,X,Comentario,"pobre la gente que ganó de verdad el sorteo, ahora todos van a dudar de ellos de verdad",#EvaluandoLaSituacion #FakeNews,,2026-03-15 03:32:34,Anónimo,437.3,376,403.0,0.4,No,1
203,61.0,370,@mvidalteam_340,X,Repost/Cita,"KAI ES CULPABLE, ya hay pruebas, no lo defiendan más #CancelenAKai",#CancelenAKai,,2026-03-15 04:09:58,Bot_Sospechoso,0.0,21752,244.0,11.1,No,0
204,,143,@johanaleon2020,X,Post original,alguien me explica bien qué fue lo que pasó anoche,#QueDijoKai #CancelenAKai,,2026-03-15 03:36:06,Verificado,1114.5,52359,23.0,1.5,No,1
205,94.0,199,@mariax,Instagram,Comentario,PulsoTech debería esperar los resultados antes de tomar una decisión así de grande,#CancelenAKai,UrbanKrew,2026-03-15 03:35:47,Anónimo,1742.6,13297,304.0,0.1,No,0
206,102.0,268,@viviana_real,TikTok,Repost/Cita,"  esto ya lo vi venir hace rato, algo raro pasaba y las marcas ni se han pronunciado bien   ",#KaiDuarte,,2026-03-15 03:40:42,Cuenta_Nueva,10.6,1154,30.0,3.7,No,0
207,179.0,343,@angie07,Instagram,Comentario,"yo hacía memes de Kai, ahora no sé ni qué publicar sinceramente.",,,2026-03-15 03:18:27,Cuenta_Nueva,21.7,613,9.0,1.9,No,0
208,163.0,53,@paula2020,X,Comentario,"dato: el proceso del sorteo se hizo con testigos externos, no solo del equipo de Kai",#QueDijoKai,,2026-03-15 02:45:01,Anónimo,1368.8,5929,50.0,2.7,No,4
209,83.0,120,@sara_real,TikTok,Comentario,"a mi me da igual, no sigo a Kai pero el trending me tiene aquí leyendo otra vez 😳😳",,,2026-03-15 04:22:32,Fan_Antiguo,30.0,618,102.0,2.6,No,0
210,59.0,231,@hectorcun,Instagram,Comentario,"dato: vi la transmisión completa dos veces, no encuentro el corte que muestran",#KaiEsInocente #KaiDuarte,,2026-03-15 04:08:10,Verificado,30.0,2665,1139.0,6.1,No,0
211,53.0,237,@fabianvargas07,Foro anónimo,Comentario,"pobre la gente que ganó de verdad el sorteo, ahora todos van a dudar de ellos sin exagerar",,,2026-03-15 03:46:44,Verificado,1530.9,6462,9.0,3.4,No,0
212,56.0,115,@claudiasabana,Instagram,Descripción de captura,"UrbanKrew lleva media hora sin responder nada, mal ahí",,PulsoTech,2026-03-15 03:53:10,Fan_Antiguo,638.0,12316,55.0,1.6,No,2
213,150.0,316,@andres03,X,Comentario,dicen que circula el rumor de que hay más pruebas guardadas para después,#CancelenAKai,,2026-03-15 04:02:08,Anónimo,20.3,898,564.0,13.8,No,1
214,159.0,422,@fansdekai_516,TikTok,Comentario,el recorte de 14 segundos le quita todo el contexto a lo que dijo,#JusticiaParaKai,,2026-03-15 03:51:15,Fan_Antiguo,0.0,5313,139.0,3.2,No,1
215,203.0,400,@kaisquad_990,Instagram,Comentario,el recorte de 14 segundos le quita todo el contexto a lo que dijo,#JusticiaParaKai,,2026-03-15 04:19:02,Anónimo,1492.2,3301,52.0,9.2,No,1
216,177.0,171,@cesar07,TikTok,Comentario,"honestamente, tengo un conocido que trabajó en la producción, dice que todo estuvo en orden",#KaiEsInocente,,2026-03-15 05:15:04,Verificado,1687.8,6372,82.0,4.4,No,3
217,177.0,79,@isabella15,Foro anónimo,Comentario,"cada rato sale un testigo nuevo, esto ya parece novela de verdad",,,2026-03-15 05:02:01,Verificado,759.5,2372,31.0,1.3,No,1
218,111.0,347,@luisarojas_,Instagram,Comentario,ojo con esto: circula una lista de pruebas pero ninguna se puede verificar bien,#CancelenAKai,,2026-03-15 04:16:02,Anónimo,10.7,40,398.0,2.2,No,0
219,135.0,317,@felipelopez22,X,Comentario,tremendo desorden se armó de la nada anoche y eso que apenas empieza el día,#EvaluandoLaSituacion #QueDijoKai,,2026-03-15 04:10:38,Cuenta_Nueva,0.5,30,63.0,0.2,No,0
220,,17,@ricardo_ug,TikTok,Post original,el que suba a defenderlo sin pruebas también me da desconfianza otra vez,#QueDijoKai #KaiDuarte,,2026-03-15 04:07:42,Anónimo,30.0,6602,45.0,2.1,No,0
221,,327,@yuliana07,TikTok,Post original,dejen a la gente en paz hasta que se sepa la verdad y todavía falta que hable Kai,#KaiDuarte,,2026-03-15 00:31:50,Cuenta_Nueva,14.7,52,148.0,0.2,No,0
222,112.0,403,@teamkai_304,Instagram,Comentario,"Kai lleva años siendo transparente con sus sorteos, esto no cuadra",#JusticiaParaKai,,2026-03-15 04:11:02,Anónimo,805.1,110,1172.0,0.1,No,0
223,52.0,193,@tatiana,X,Comentario,"dato: el proceso del sorteo se hizo con testigos externos, no solo del equipo de Kai",,,2026-03-15 03:53:29,Anónimo,486.5,1215,431.0,3.2,No,1
224,80.0,325,@felipe98,TikTok,Transcripción de audio/video,si UrbanKrew no rompe el contrato hoy yo dejo de comprarles,#Cancelado,PulsoTech,2026-03-15 04:37:42,Anónimo,4.6,84,99.0,1.9,No,0
225,,43,@cesarmoreno,TikTok,Descripción de captura,@NovaVolt ustedes ya sabían de esto o no? necesitamos que hablen,#Cancelado #CancelenAKai,NovaVolt,2026-03-15 01:19:50,Anónimo,399.3,2727,20.0,1.4,No,0
226,146.0,350,@yulianaleon_real,X,Comentario,dejen a la gente en paz hasta que se sepa la verdad la verdad,,,2026-03-15 03:57:12,Cuenta_Nueva,0.0,556,58.0,2.4,No,1
227,213.0,335,@manuelapinzon,X,Comentario,circula el rumor de que hay más pruebas guardadas para después,#EvaluandoLaSituacion #KaiMentiroso,,2026-03-15 04:07:44,Cuenta_Nueva,7.0,106,1316.0,21.6,No,1
228,186.0,95,@adrianacastro03,Instagram,Descripción de captura,honestamente ya perdí la cuenta de cuántas pruebas van y nadie sabe ni qué creer 😭😭,#EvaluandoLaSituacion,,2026-03-15 04:28:28,Anónimo,1581.4,1951,8.0,3.4,No,2
229,148.0,294,@melissa_,TikTok,Comentario,"Circula que según un grupo de Facebook, esto ya se sabía desde hace meses",,,2026-03-15 04:21:18,Cuenta_Nueva,14.6,1198,570.0,2.2,No,1
230,,78,@carloscun,TikTok,Repost/Cita,"esto ya lo vi venir hace rato, algo raro pasaba otra vez",,,2026-03-15 03:53:23,Verificado,1139.1,4722,164.0,2.3,No,0
231,129.0,11,@sebastianpinzon,Instagram,Repost/Cita,en mi casa no se habla de otra cosa desde anoche la verdad.,#QueDijoKai #VerificaAntesDeCompartir,,2026-03-15 03:08:59,Verificado,1127.4,5125,88.0,3.0,No,0
232,221.0,119,@santiagomedinatv,X,Comentario,no puedo creer lo que está pasando con Kai ya en serio 🤔,#EvaluandoLaSituacion #KaiMentiroso,,2026-03-15 01:08:12,Verificado,911.6,4906,5.0,1.3,No,0
233,223.0,54,@haroldriosbogota,Instagram,Comentario,para que sepan: yo estuve cerca del evento y no noté nada raro esa noche,#QueDijoKai,,2026-03-15 03:58:47,Fan_Antiguo,1270.7,672,60.0,0.7,No,4
234,210.0,22,@karenpinzon_,X,Comentario,@NovaVolt ustedes ya sabían de esto o no? necesitamos que hablen,,NovaVolt,2026-03-15 04:09:12,Anónimo,2028.6,20256,75.0,3.9,No,0
235,142.0,361,@noloocultes_193,X,Repost/Cita,"COMPARTAN esto antes de que lo borren, la verdad sobre Kai #CancelenAKai",#CancelenAKai,,2026-03-15 04:42:31,Bot_Sospechoso,1.8,21144,121.0,3.5,No,2
236,121.0,309,@valentinapinzonco,TikTok,Transcripción de audio/video,"esto ya lo vi venir hace rato, algo raro pasaba otra vez.",#KaiDuarte,,2026-03-15 04:18:42,Cuenta_Nueva,6.8,35,381.0,0.4,No,2
237,112.0,279,@saratv,Instagram,Comentario,la cantidad de cuentas nuevas comentando esto me da mala espina sin exagerar,#KaiDuarte,,2026-03-15 04:14:30,Anónimo,7.2,74,,1.2,No,1
238,221.0,227,@fabian03,Instagram,Comentario,"vi la transmisión completa dos veces, no encuentro el corte que muestran",,,2026-03-15 02:15:22,Anónimo,865.1,645,118.0,2.3,No,3
239,101.0,287,@lilianax,X,Comentario,posta que un influencer chiquito aseguró que tiene pruebas pero no las ha mostrado,#FueraKai,,2026-03-15 04:23:34,Cuenta_Nueva,20.0,280,651.0,17.8,No,1
240,105.0,148,@antoniapardo_col,Instagram,Comentario,Circula que dicen que hay un audio filtrado completo pero nadie lo ha mostrado,,,2026-03-15 04:05:01,Anónimo,408.1,1457,73.0,8.8,No,1
241,141.0,147,@ricardorios2020,TikTok,Comentario,no puedo creer lo que está pasando con Kai,,,2026-03-15 03:57:43,Anónimo,188.5,943,24.0,1.9,No,0
242,115.0,256,@brayan15,X,Comentario,el ganador de mi ciudad sí recibió el premio sin ningún inconveniente,#QueDijoKai,,2026-03-15 03:12:46,Anónimo,2.1,19,126.0,2.6,No,2
243,146.0,307,@adrianacun,X,Comentario,"  Todo mundo subiendo teorías, nadie subiendo pruebas y eso que apenas empieza el día   ",#KaiDuarte #EvaluandoLaSituacion,,2026-03-15 03:38:14,Cuenta_Nueva,17.8,24,110.0,2.7,No,0
244,,45,@david07,X,Repost/Cita,la cantidad de cuentas nuevas comentando esto me da mala espina 🤔🤔,#OjoConEstoKai #QueDijoKai,,2026-03-15 02:51:25,Verificado,868.5,2340,30.0,2.8,No,0
245,234.0,77,@alejandrorojas_11,X,Repost/Cita,"todo mundo subiendo teorías, nadie subiendo pruebas la verdad.",#KaiDuarte #EvaluandoLaSituacion,,2026-03-15 04:13:04,Anónimo,284.9,995,32.0,4.1,No,0
246,146.0,209,@isabellamoreno99,X,Comentario,@UrbanKrew ustedes ya sabían de esto o no? necesitamos que hablen,#QueDijoKai,NovaVolt,2026-03-15 03:22:42,Fan_Antiguo,30.0,659,44.0,2.5,No,2
247,201.0,198,@kevincastro03,X,Comentario,clásico: pasa algo de madrugada y para el mediodía ya todos tienen opinión y eso que apenas empieza el día 😳😳,#EvaluandoLaSituacion #KaiDuarte,,2026-03-15 04:21:24,Fan_Antiguo,30.0,1746,30.0,4.4,No,0
248,,446,@ChequeoDigitalCO,X,Post original,Seguimos revisando la evidencia compartida; por ahora no hay elementos suficientes para confirmar ni descartar.,#VerificaAntesDeCompartir,,2026-03-15 02:19:18,Verificado,1100.0,60000,2133.0,5.9,No,2
249,234.0,184,@oscarrios_00,Instagram,Repost/Cita,si esto resulta ser falso alguien tiene que responder por el daño sin exagerar 😳😳,#YoLeCreoAKai,,2026-03-15 04:11:47,Fan_Antiguo,683.3,1464,19.0,2.6,No,0
250,188.0,232,@fabianleon,Foro anónimo,Comentario,todo el mundo etiquetando a NovaVolt pidiendo que se pronuncien,,UrbanKrew,2026-03-15 03:05:06,Anónimo,1212.4,8191,45.0,3.1,No,0
251,232.0,233,@maria,Foro anónimo,Transcripción de audio/video,"cada rato sale un testigo nuevo, esto ya parece novela y todavía falta que hable Kai 😭😭",,,2026-03-15 03:09:57,Anónimo,30.0,2221,34.0,3.3,No,2
252,235.0,362,@noloocultes_412,X,Repost/Cita,"no dejen que borren la evidencia, guarden capturas ya #CancelenAKai",#CancelenAKai,,2026-03-15 04:48:28,Bot_Sospechoso,0.6,28264,,13.9,No,0
253,180.0,31,@santiagoleon07,TikTok,Transcripción de audio/video,yo vine a leer los comentarios que siempre son mejores que la noticia ya en serio,,,2026-03-15 04:10:55,Verificado,866.1,7203,15.0,2.7,No,2
254,213.0,95,@adrianacastro03,TikTok,Repost/Cita,"la marca ya se está lavando las manos, típico",,,2026-03-15 04:06:22,Anónimo,1581.4,1951,9.0,4.1,No,2
255,236.0,371,@despiertaya_582,X,Repost/Cita,"confirmado, Kai amañó el sorteo, pasen la voz #CancelenAKai",#CancelenAKai,,2026-03-15 04:40:52,Bot_Sospechoso,2.3,8112,262.0,0.3,No,0
256,192.0,113,@monica_,Instagram,Comentario,Yo creo que yo estuve cerca del evento y no noté nada raro esa noche,,,2026-03-15 04:00:07,Anónimo,30.0,44636,164.0,1.6,No,2
257,201.0,51,@jhon07,X,Comentario,"esto ya lo vi venir hace rato, algo raro pasaba otra vez",#Cancelado #QueDijoKai,,2026-03-15 04:19:39,Verificado,798.0,45910,25.0,1.4,No,0
258,215.0,179,@hector15,Instagram,Comentario,"Esto se puso serio rapidísimo, hace una hora era chisme",,,2026-03-15 04:20:56,Anónimo,1917.0,11210,99.0,2.0,No,0
259,242.0,341,@manuelaortizsabana,Instagram,Comentario,yo estaba conectado desde el minuto uno y no vi nada extraño,#JusticiaParaKai,,2026-03-15 03:15:05,Cuenta_Nueva,11.3,220,297.0,0.3,No,5
260,182.0,380,@mvidalteam_435,TikTok,Repost/Cita,esto es un ESCÁNDALO y las marcas lo están tapando #CancelenAKai,#CancelenAKai,,2026-03-15 02:53:09,Bot_Sospechoso,2.0,67969,313.0,8.9,No,0
261,201.0,24,@johanarios34,X,Comentario,"esto ya lo vi venir hace rato, algo raro pasaba...",#QueDijoKai,,2026-03-15 04:44:02,Fan_Antiguo,30.0,7666,24.0,2.5,No,1
262,81.0,309,@valentinapinzonco,Instagram,Comentario,"sea cual sea la verdad, la forma en que se está manejando esto es un desastre otra vez",,,2026-03-15 03:20:10,Cuenta_Nueva,6.8,35,139.0,0.1,No,0
263,130.0,11,@sebastianpinzon,TikTok,Comentario,esto se siente exactamente igual a lo del año pasado con otro streamer sinceramente 😳,,,2026-03-15 03:59:01,Verificado,1127.4,5125,1244.0,4.1,No,0
264,,1,@yulianaramirez_col,Foro anónimo,Post original,PulsoTech debería esperar los resultados antes de tomar una decisión así de grande,,PulsoTech,2026-03-15 04:12:41,Fan_Antiguo,30.0,11529,97.0,1.5,No,0
265,,262,@oscarpinzon,X,Comentario,"NovaVolt lleva media hora sin responder nada, mal ahí",,NovaVolt,2026-03-15 01:49:55,Cuenta_Nueva,,142,269.0,0.3,No,0
266,,70,@kevincruz,Foro anónimo,Repost/Cita,@NovaVolt ustedes ya sabían de esto o no? necesitamos que hablen,#VerificaAntesDeCompartir,UrbanKrew,2026-03-15 03:44:00,Fan_Antiguo,1424.7,457,184.0,2.0,No,0
267,108.0,234,@david03,TikTok,Transcripción de audio/video,"a mi me da igual, no sigo a Kai pero el trending me tiene aquí leyendo y nadie sabe ni qué creer.",,,2026-03-15 04:04:22,Fan_Antiguo,1143.8,3770,35.0,3.2,No,0
268,227.0,102,@valentinamedina2020,Foro anónimo,Comentario,circula una lista de pruebas pero ninguna se puede verificar bien,#CancelenAKai,,2026-03-15 04:13:23,Fan_Antiguo,1475.2,2289,84.0,7.0,No,1
269,,288,@monicatv,TikTok,Post original,"que fastidio, otra vez cancelando a alguien sin dejarlo hablar",#FueraKai #CancelenAKai,,2026-03-15 02:44:31,Anónimo,7.2,413,77.0,1.0,No,0
270,41.0,97,@mateoleon_real,X,Comentario,"honestamente, el ganador de mi ciudad sí recibió el premio sin ningún inconveniente",,,2026-03-15 03:22:16,Verificado,30.0,521,116.0,1.3,No,3
271,201.0,289,@gabrielarojas,TikTok,Comentario,"sea cual sea la verdad, la forma en que se está manejando esto es un desastre y cada rato cambia la versión",#Cancelado #KaiDuarte,,2026-03-15 04:20:49,Cuenta_Nueva,0.0,2339,42.0,4.3,No,1
272,71.0,92,@tatiana_11,Instagram,Comentario,yo vine a leer los comentarios que siempre son mejores que la noticia sin exagerar...,,,2026-03-15 01:43:04,Verificado,1064.8,4839,22.0,1.0,No,0
273,,196,@samuel,Instagram,Comentario,alguien me explica bien qué fue lo que pasó anoche y todavía falta que hable Kai,#QueDijoKai,,2026-03-15 03:01:52,Fan_Antiguo,2152.5,6292,28.0,2.9,No,1
274,175.0,114,@tomaspinzonsabana,TikTok,Comentario,ojo con esto: circula el rumor de que hay más pruebas guardadas para después,,,2026-03-15 04:26:09,Fan_Antiguo,30.0,1697,921.0,5.5,No,1
275,182.0,51,@jhon07,Instagram,Transcripción de audio/video,no había visto esta cantidad de gente opinando de algo en meses la verdad,#EvaluandoLaSituacion,,2026-03-15 02:58:21,Verificado,798.0,45910,,0.4,No,0
276,,171,@cesar07,TikTok,Repost/Cita,"esto ya lo vi venir hace rato, algo raro pasaba sinceramente",#OjoConEstoKai,,2026-03-15 00:18:38,Verificado,1687.8,6372,116.0,3.0,No,0
277,262.0,33,@cristiansabana,TikTok,Comentario,Yo vine a leer los comentarios que siempre son mejores que la noticia sinceramente,#QueDijoKai #KaiDuarte,,2026-03-15 03:39:38,Anónimo,883.4,15683,109.0,2.7,No,1
278,104.0,5,@tatiana2020,Instagram,Comentario,yo esperaría el comunicado oficial antes de opinar.,,,2026-03-15 03:54:08,Verificado,692.0,2193,39.0,2.4,No,0
279,261.0,128,@laura99,TikTok,Comentario,me parece raro que NovaVolt se pronuncie tan rápido sin saber toda la historia,,NovaVolt,2026-03-15 04:48:29,Anónimo,481.6,2773,32.0,2.5,No,1
280,271.0,62,@tomas_,X,Comentario,yo vine a leer los comentarios que siempre son mejores que la noticia sinceramente.,#KaiDuarte,,2026-03-15 04:24:02,Anónimo,1442.6,3056,68.0,3.0,No,0
281,243.0,197,@felipesuarezbogota,X,Repost/Cita,"pobre la gente que ganó de verdad el sorteo, ahora todos van a dudar de ellos de verdad",#Cancelado #QueDijoKai,,2026-03-15 03:51:40,Fan_Antiguo,1413.3,5993,120.0,5.0,No,1
282,244.0,316,@andres03,X,Comentario,"todo mundo subiendo teorías, nadie subiendo pruebas ya en serio 💀",#KaiMentiroso,,2026-03-15 02:59:35,Anónimo,20.3,898,55.0,0.1,No,0
283,213.0,275,@ximenabogota,TikTok,Descripción de captura,cada hora aparece un ángulo nuevo de esto de verdad...,#QueDijoKai,,2026-03-15 04:03:28,Cuenta_Nueva,5.0,676,30.0,0.9,No,0
284,48.0,211,@sebastian03,X,Descripción de captura,ya perdí la cuenta de cuántos hilos van sobre esto y todavía falta que hable Kai,#QueDijoKai,,2026-03-15 03:37:02,Fan_Antiguo,30.0,2710,61.0,3.3,No,0
285,120.0,362,@noloocultes_412,X,Repost/Cita,"confirmado, Kai amañó el sorteo, pasen la voz #CancelenAKai",#CancelenAKai,,2026-03-15 03:55:46,Bot_Sospechoso,0.6,28264,175.0,27.3,No,2
286,240.0,259,@karensuarez,Instagram,Comentario,posta que supuestamente el ganador real habló pero borró el mensaje rapidísimo,#KaiDuarte,,2026-03-15 04:08:27,Anónimo,4.1,3606,530.0,4.9,Sí (idéntico a publicación de 2023 sobre otro creador),0
287,208.0,83,@luisa_ug,TikTok,Comentario,"  Dato: vi la transmisión completa dos veces, no encuentro el corte que muestran   ",#Cancelado,,2026-03-15 02:53:48,Fan_Antiguo,1570.9,988,151.0,1.2,No,3
288,161.0,34,@valentina07,X,Comentario,si UrbanKrew no rompe el contrato hoy yo dejo de comprarles,#Cancelado #EvaluandoLaSituacion,PulsoTech,2026-03-15 03:37:46,Anónimo,753.6,762,84.0,0.1,No,0
289,,22,@karenpinzon_,TikTok,Repost/Cita,"todo mundo subiendo teorías, nadie subiendo pruebas...",,,2026-03-15 04:19:01,Anónimo,2028.6,20256,86.0,1.7,No,0
290,238.0,238,@johanacruzx,Instagram,Comentario,"para que sepan: la plataforma que usaron para el sorteo es auditable, cualquiera puede revisarla",#QueDijoKai #JusticiaParaKai,,2026-03-15 03:55:35,Verificado,1232.8,9864,213.0,4.8,No,0
291,204.0,197,@felipesuarezbogota,Instagram,Repost/Cita,"todo mundo subiendo teorías, nadie subiendo pruebas otra vez 😳",#QueDijoKai,,2026-03-15 03:40:03,Fan_Antiguo,1413.3,5993,32.0,0.7,No,0
292,40.0,61,@juan34,TikTok,Comentario,"yo creo que la plataforma que usaron para el sorteo es auditable, cualquiera puede revisarla",#QueDijoKai,,2026-03-15 04:14:01,Anónimo,30.0,1023,261.0,1.4,No,1
293,108.0,95,@adrianacastro03,TikTok,Comentario,dejen a la gente en paz hasta que se sepa la verdad ya en serio,,,2026-03-15 04:19:25,Anónimo,1581.4,1951,44.0,1.0,No,0
294,,254,@nicolasperez_uni,X,Comentario,esto se siente exactamente igual a lo del año pasado con otro streamer y eso que apenas empieza el día,,,2026-03-15 01:49:26,Verificado,1272.7,8096,41.0,3.9,No,1
295,175.0,272,@oscarvargas34,Instagram,Comentario,esto habla más de nosotros como internet que de Kai la verdad y eso que apenas empieza el día,,,2026-03-15 04:28:38,Cuenta_Nueva,8.7,103,45.0,2.8,No,0
296,,444,@VerificaYA_Co,X,Post original,Pedimos cautela: varias publicaciones repiten el mismo texto casi palabra por palabra en minutos.,#VerificaAntesDeCompartir,,2026-03-15 03:00:41,Verificado,1600.0,90000,1352.0,0.5,No,3
297,,105,@samuelvargas2020,Instagram,Descripción de captura,el que suba a defenderlo sin pruebas también me da desconfianza y cada rato cambia la versión.,#OjoConEstoKai,,2026-03-15 04:03:15,Verificado,762.3,3148,165.0,0.4,No,0
298,274.0,100,@liliana_uni,X,Repost/Cita,literal me desperté y lo primero que vi fue esto sin exagerar 🤔,#OjoConEstoKai,,2026-03-15 04:30:54,Anónimo,1762.8,2550,35.0,1.7,No,0
299,285.0,310,@lilianacardenas_real,Instagram,Comentario,dicen que un influencer chiquito aseguró que tiene pruebas pero no las ha mostrado,#EvaluandoLaSituacion #KaiDuarte,,2026-03-15 04:07:27,Anónimo,13.7,85,403.0,7.9,No,1
300,114.0,355,@apoyomateo_602,TikTok,Repost/Cita,"KAI ES CULPABLE, ya hay pruebas, no lo defiendan más #CancelenAKai",#CancelenAKai,,2026-03-15 04:12:01,Bot_Sospechoso,1.5,3987,62.0,17.0,No,0
301,226.0,303,@melissa2020,X,Comentario,circula el rumor de que hay más pruebas guardadas para después,,,2026-03-15 04:04:21,Anónimo,12.1,971,209.0,10.2,No,1
302,,316,@andres03,TikTok,Comentario,esto se siente exactamente igual a lo del año pasado con otro streamer ya en serio.,#Cancelado,,2026-03-15 02:34:53,Anónimo,20.3,898,124.0,1.1,No,1
303,170.0,94,@nataliaramirezsabana,X,Comentario,"posta que según un grupo de Facebook, esto ya se sabía desde hace meses",,,2026-03-15 01:59:56,Anónimo,1465.7,1005,218.0,9.1,No,1
304,204.0,117,@estebanlopez98,Instagram,Repost/Cita,el trending de hoy tenía que ser esto obviamente sin exagerar.,#EvaluandoLaSituacion #QueDijoKai,,2026-03-15 03:42:56,Verificado,2699.5,522,24.0,5.1,No,0
305,102.0,68,@gabriela99,X,Transcripción de audio/video,clásico: pasa algo de madrugada y para el mediodía ya todos tienen opinión sinceramente...,#QueDijoKai #KaiDuarte,,2026-03-15 04:19:19,Verificado,1575.7,29670,89.0,1.7,No,0
306,96.0,172,@camilacruz07,X,Comentario,"todo mundo subiendo teorías, nadie subiendo pruebas y todavía falta que hable Kai",,,2026-03-15 03:12:19,Verificado,647.4,4253,68.0,2.4,No,0
307,,23,@valentinacardenasco,X,Comentario,literal me desperté y lo primero que vi fue esto.,#Cancelado,,2026-03-15 01:31:56,Anónimo,,376,57.0,0.1,No,0
308,,195,@sofia_ug,TikTok,Post original,la cantidad de cuentas nuevas comentando esto me da mala espina y todavía falta que hable Kai,#EvaluandoLaSituacion #QueDijoKai,,2026-03-14 23:52:12,Fan_Antiguo,1096.8,1324,102.0,3.5,No,0
309,248.0,56,@viviana_uni,TikTok,Repost/Cita,honestamente ya perdí la cuenta de cuántas pruebas van ya en serio...,,,2026-03-15 03:30:13,Fan_Antiguo,1184.2,4271,13.0,0.8,No,0
310,175.0,311,@wilson2020,X,Comentario,ojo con esto: supuestamente el ganador real habló pero borró el mensaje rapidísimo,#QueDijoKai #FueraKai,,2026-03-15 04:26:50,Cuenta_Nueva,15.0,121,305.0,16.9,No,1
311,112.0,82,@kevincardenas2020,X,Comentario,posta que alguien juró que tiene capturas del chat privado pero nunca las publicó,,,2026-03-15 04:11:33,Verificado,468.4,4255,404.0,4.8,No,1
312,95.0,191,@davidramirezco,TikTok,Repost/Cita,"Pobre la gente que ganó de verdad el sorteo, ahora todos van a dudar de ellos y cada rato cambia la versión...",#OjoConEstoKai #EvaluandoLaSituacion,,2026-03-15 03:45:42,Fan_Antiguo,2472.9,3398,37.0,1.2,No,0
313,40.0,323,@jhonmedina15,X,Comentario,yo estuve cerca del evento y no noté nada raro esa noche,#KaiEsInocente #JusticiaParaKai,,2026-03-15 04:10:42,Cuenta_Nueva,17.5,1391,69.0,3.0,No,1
314,145.0,323,@jhonmedina15,TikTok,Comentario,un tiktok con millones de vistas ya lo dio por hecho,#Cancelado,,2026-03-15 04:25:12,Cuenta_Nueva,17.5,1391,512.0,2.3,No,0
315,234.0,67,@antoniacun,TikTok,Repost/Cita,"pobre la gente que ganó de verdad el sorteo, ahora todos van a dudar de ellos y cada rato cambia la versión",,,2026-03-15 04:15:23,Anónimo,950.1,330,25.0,2.8,No,1
316,269.0,293,@sara_ug,X,Comentario,Posta que un influencer chiquito aseguró que tiene pruebas pero no las ha mostrado,,,2026-03-15 03:25:33,Anónimo,10.3,1071,231.0,11.5,No,1
317,148.0,228,@lilianaco,TikTok,Repost/Cita,la cantidad de cuentas nuevas comentando esto me da mala espina y cada rato cambia la versión,,,2026-03-15 04:30:24,Anónimo,30.0,481,102.0,0.6,No,0
318,,445,@DatosClarosCo,X,Post original,Encontramos inconsistencias de horario en al menos dos de las pruebas que circulan.,#VerificaAntesDeCompartir,,2026-03-15 03:05:18,Verificado,2400.0,130000,291.0,8.5,No,4
319,,176,@melissa98,TikTok,Comentario,"cada rato sale un testigo nuevo, esto ya parece novela la verdad",#QueDijoKai #EvaluandoLaSituacion,,2026-03-15 00:07:07,Verificado,872.8,5071,12.0,2.7,No,0
320,301.0,178,@sofiasalazarcun,X,Comentario,"cada quien cree lo que quiere creer, ya nadie mira pruebas sinceramente",#EvaluandoLaSituacion #Cancelado,,2026-03-15 04:55:51,Verificado,1747.0,8260,36.0,5.6,No,1
321,83.0,127,@diegocun,X,Comentario,"yo hacía memes de Kai, ahora no sé ni qué publicar ya en serio 💀",#EvaluandoLaSituacion,,2026-03-15 04:29:54,Fan_Antiguo,1580.1,1614,213.0,0.1,No,0
322,136.0,384,@despiertaya_630,X,Repost/Cita,"confirmado, Kai amañó el sorteo, pasen la voz #CancelenAKai",#CancelenAKai,,2026-03-15 04:23:45,Bot_Sospechoso,0.1,40015,152.0,11.8,No,0
323,148.0,391,@fansdekai_508,X,Comentario,"ese clip está cortado, en el audio completo se nota que es sarcasmo",#JusticiaParaKai,,2026-03-15 05:09:51,Fan_Antiguo,0.0,3856,136.0,0.1,No,3
324,323.0,200,@sofiasuarez_oficial,Instagram,Comentario,cada hora aparece un ángulo nuevo de esto y las marcas ni se han pronunciado bien 🤔🤔,#KaiDuarte,,2026-03-15 05:11:11,Anónimo,1916.5,2891,143.0,3.0,No,0
325,115.0,72,@sebastian15,X,Comentario,dato: yo estaba conectado desde el minuto uno y no vi nada extraño,#Cancelado,,2026-03-15 03:18:07,Fan_Antiguo,722.8,1574,756.0,1.1,No,2
326,,253,@jhonmoreno_11,Foro anónimo,Transcripción de audio/video,"que fastidio, otra vez cancelando a alguien sin dejarlo hablar ya en serio",#Cancelado #OjoConEstoKai,,2026-03-15 03:10:48,Verificado,126.7,22954,33.0,1.5,No,0
327,274.0,310,@lilianacardenas_real,Instagram,Comentario,circula que un tiktok con millones de vistas ya lo dio por hecho,#FueraKai,,2026-03-15 04:26:23,Anónimo,13.7,85,1190.0,4.2,Sí (idéntico a publicación de 2023 sobre otro creador),1
328,150.0,301,@harold99,Instagram,Comentario,"Posta que según un grupo de Facebook, esto ya se sabía desde hace meses",#CancelenAKai #Cancelado,,2026-03-15 03:58:18,Anónimo,12.6,293,584.0,5.9,Posible (similar a una publicación anterior),1
329,85.0,343,@angie07,Instagram,Comentario,"dicen que me contaron que alguien del equipo renunció por esto, sin confirmación",#EvaluandoLaSituacion,,2026-03-15 04:08:00,Cuenta_Nueva,21.7,613,184.0,0.1,No,0
330,59.0,338,@cesarsabana,Instagram,Comentario,"honestamente, un conocido trabaja en el canal y dice que ahí todo queda respaldado",#YoLeCreoAKai #EvaluandoLaSituacion,,2026-03-15 04:04:05,Cuenta_Nueva,2.6,970,311.0,0.1,No,4
331,13.0,259,@karensuarez,X,Comentario,"para que sepan: tengo un conocido que trabajó en la producción, dice que todo estuvo en orden",#KaiDuarte,,2026-03-15 04:16:48,Anónimo,4.1,3606,288.0,4.0,No,1
332,151.0,329,@monica34,TikTok,Comentario,  circula que una cuenta que no conozco subió una captura que supuestamente confirma todo   ,#KaiMentiroso #CancelenAKai,,2026-03-15 04:21:16,Cuenta_Nueva,19.9,548,159.0,6.6,No,0
333,53.0,353,@mvidalteam_304,X,Repost/Cita,"confirmado, Kai amañó el sorteo, pasen la voz #CancelenAKai",#CancelenAKai,,2026-03-15 04:20:31,Bot_Sospechoso,2.8,12794,266.0,16.3,No,0
334,184.0,233,@maria,X,Repost/Cita,"vi que NovaVolt sacó un comunicado, muy tibio la verdad",,NovaVolt,2026-03-15 04:12:11,Anónimo,30.0,2221,20.0,2.3,No,0
335,277.0,59,@antoniaco,TikTok,Comentario,"para que sepan: tengo un conocido que trabajó en la producción, dice que todo estuvo en orden",#YoLeCreoAKai #Cancelado,,2026-03-15 03:42:57,Verificado,555.6,640,174.0,1.5,No,2
336,318.0,133,@tomas,TikTok,Comentario,"Para que sepan: el clip completo, sin el corte de 14 segundos, cuenta una historia distinta",#KaiEsInocente,,2026-03-15 03:06:03,Anónimo,412.0,630,96.0,2.5,No,1
337,240.0,288,@monicatv,X,Comentario,"posta que según un grupo de Facebook, esto ya se sabía desde hace meses",#EvaluandoLaSituacion,,2026-03-15 04:07:52,Anónimo,7.2,413,1013.0,5.9,No,1
338,296.0,368,@apoyomateo_446,TikTok,Repost/Cita,esto es un ESCÁNDALO y las marcas lo están tapando #CancelenAKai,#CancelenAKai,,2026-03-15 03:08:31,Bot_Sospechoso,0.6,35057,91.0,21.1,No,0
339,252.0,187,@kevingomez03,Instagram,Comentario,el trending de hoy tenía que ser esto obviamente y eso que apenas empieza el día 😳,#FueraKai,,2026-03-15 05:02:08,Fan_Antiguo,,24484,20.0,4.4,No,1
340,242.0,243,@monicapinzon2020,X,Comentario,"la plataforma que usaron para el sorteo es auditable, cualquiera puede revisarla",,,2026-03-15 03:16:04,Fan_Antiguo,1268.8,9767,142.0,9.5,No,2
341,254.0,173,@mateox,Instagram,Repost/Cita,yo vine a leer los comentarios que siempre son mejores que la noticia de verdad,#Cancelado,,2026-03-15 04:16:13,Verificado,604.3,958,168.0,0.8,No,0
342,248.0,48,@yulianapardo_col,X,Repost/Cita,"que oso si es verdad, y que oso si no lo es y todavía falta que hable Kai 😳😳",,,2026-03-15 02:22:06,Fan_Antiguo,1261.8,5372,54.0,0.2,No,0
343,203.0,370,@mvidalteam_340,X,Repost/Cita,"no dejen que borren la evidencia, guarden capturas ya #CancelenAKai",#CancelenAKai,,2026-03-15 04:20:25,Bot_Sospechoso,0.0,21752,125.0,19.4,No,0
344,216.0,261,@camilalopez99,X,Comentario,para que sepan: un conocido trabaja en el canal y dice que ahí todo queda respaldado,,,2026-03-15 05:17:25,Anónimo,1.5,5573,240.0,2.8,No,3
345,158.0,170,@claudiaortiz_00,Instagram,Comentario,"cada quien cree lo que quiere creer, ya nadie mira pruebas y eso que apenas empieza el día",#VerificaAntesDeCompartir,,2026-03-15 04:44:39,Anónimo,1323.5,1493,38.0,0.4,No,0
346,,23,@valentinacardenasco,X,Repost/Cita,"UrbanKrew lleva media hora sin responder nada, mal ahí",,UrbanKrew,2026-03-15 03:03:08,Anónimo,437.3,376,31.0,1.0,No,0
347,317.0,159,@sebastiantv,X,Comentario,tremendo desorden se armó de la nada anoche sinceramente,#QueDijoKai,,2026-03-15 04:33:22,Verificado,878.4,281,96.0,0.5,No,0
348,313.0,232,@fabianleon,TikTok,Comentario,"Honestamente, yo estuve cerca del evento y no noté nada raro esa noche",#Cancelado,,2026-03-15 04:12:49,Anónimo,1212.4,8191,1321.0,1.9,No,3
349,199.0,254,@nicolasperez_uni,Instagram,Comentario,literal me desperté y lo primero que vi fue esto la verdad 🤔🤔,#YoLeCreoAKai,,2026-03-15 04:59:21,Verificado,1272.7,8096,134.0,1.5,No,0
350,258.0,188,@santiago22,X,Repost/Cita,El que suba a defenderlo sin pruebas también me da desconfianza de verdad 💀,#QueDijoKai,,2026-03-15 04:26:44,Fan_Antiguo,2439.2,194,31.0,1.0,No,0
351,263.0,47,@felipex,Instagram,Comentario,"me acaban de contar que me contaron que alguien del equipo renunció por esto, sin confirmación",#QueDijoKai #KaiMentiroso,,2026-03-15 04:10:56,Verificado,1856.1,893,800.0,13.9,No,0
352,,345,@hectorramirez,TikTok,Post original,"cada quien cree lo que quiere creer, ya nadie mira pruebas ya en serio",,,2026-03-15 03:14:49,Anónimo,12.3,170,55.0,2.1,No,0
353,313.0,98,@marialeon_col,TikTok,Comentario,"actualización: seguí el proceso desde el chat en vivo, a mí se vio transparente",#Cancelado,,2026-03-15 04:28:09,Fan_Antiguo,1483.0,14224,92.0,2.0,No,1
354,168.0,322,@angie_oficial,TikTok,Comentario,Yo creo que hay que esperar antes de sacar conclusiones sin exagerar,#EvaluandoLaSituacion,,2026-03-15 03:11:02,Cuenta_Nueva,6.1,178,94.0,3.2,No,0
355,299.0,228,@lilianaco,X,Comentario,"Que fastidio, otra vez cancelando a alguien sin dejarlo hablar...",,,2026-03-15 04:10:42,Anónimo,30.0,481,131.0,2.8,No,0
356,242.0,19,@gabrielamedina07,Instagram,Comentario,"actualización: el clip completo, sin el corte de 14 segundos, cuenta una historia distinta",#Cancelado,,2026-03-15 03:32:23,Fan_Antiguo,1199.2,4505,60.0,1.9,No,1
357,,197,@felipesuarezbogota,TikTok,Descripción de captura,esto va a ser tendencia todo el día seguro y las marcas ni se han pronunciado bien...,,,2026-03-15 01:43:38,Fan_Antiguo,1413.3,5993,48.0,0.1,No,0
358,338.0,293,@sara_ug,X,Comentario,"Me llegó por WhatsApp que Kai sí arregló todo, no tengo la fuente original",#CancelenAKai,,2026-03-15 03:35:05,Anónimo,10.3,1071,95.0,11.1,Sí (idéntico a publicación de 2023 sobre otro creador),0
359,357.0,354,@mvidalteam_128,TikTok,Repost/Cita,"COMPARTAN esto antes de que lo borren, la verdad sobre Kai #CancelenAKai",#CancelenAKai,,2026-03-15 02:09:08,Bot_Sospechoso,1.9,10228,133.0,21.6,No,0
360,151.0,270,@julianacardenas34,Foro anónimo,Comentario,Dejen a la gente en paz hasta que se sepa la verdad de verdad 🤔,,,2026-03-15 04:18:22,Cuenta_Nueva,0.0,1657,81.0,0.1,No,0
361,322.0,369,@mvidalteam_730,X,Repost/Cita,esto es un ESCÁNDALO y las marcas lo están tapando #CancelenAKai,#CancelenAKai,,2026-03-15 04:27:41,Bot_Sospechoso,2.8,5644,135.0,16.8,No,0
362,149.0,119,@santiagomedinatv,X,Comentario,"esto ya lo vi venir hace rato, algo raro pasaba sin exagerar",,,2026-03-15 04:27:51,Verificado,911.6,4906,481.0,1.7,No,1
363,320.0,343,@angie07,Instagram,Comentario,"la marca ya se está lavando las manos, típico de verdad",#OjoConEstoKai #FakeNews,,2026-03-15 05:04:51,Cuenta_Nueva,21.7,613,10.0,1.9,No,0
364,210.0,16,@lilianapinzonbogota,Instagram,Comentario,actualización: revisé el reglamento público del sorteo y coincide con lo que se hizo,#Cancelado #KaiEsInocente,,2026-03-15 04:17:52,Fan_Antiguo,809.0,2277,82.0,0.6,No,5
365,,298,@juliancastro_ug,TikTok,Comentario,yo sigo esperando que Kai diga algo sin exagerar,,,2026-03-15 00:24:00,Anónimo,11.5,268,26.0,1.4,No,0
366,318.0,185,@miguelsalazar07,X,Comentario,para que sepan: nadie de los que participamos notó nada fuera de lo normal esa noche,#KaiEsInocente #EvaluandoLaSituacion,,2026-03-15 03:08:21,Anónimo,1417.0,3528,214.0,2.9,No,1
367,48.0,430,@kaisquad_333,X,Comentario,el historial de Kai con sus sorteos ha sido limpio siempre,#JusticiaParaKai,,2026-03-15 03:30:08,Anónimo,413.4,670,164.0,12.0,No,2
368,,16,@lilianapinzonbogota,Instagram,Transcripción de audio/video,"que fastidio, otra vez cancelando a alguien sin dejarlo hablar y nadie sabe ni qué creer",#CancelenAKai,,2026-03-15 02:42:03,Fan_Antiguo,809.0,2277,143.0,3.0,No,0
369,131.0,134,@tatianamedina07,TikTok,Comentario,"actualización: tengo un conocido que trabajó en la producción, dice que todo estuvo en orden",#JusticiaParaKai,,2026-03-15 04:13:37,Verificado,898.6,490,35.0,2.9,No,1
370,348.0,271,@manuela34,TikTok,Comentario,yo estuve cerca del evento y no noté nada raro esa noche,#EvaluandoLaSituacion #QueDijoKai,,2026-03-15 04:18:23,Anónimo,6.3,555,75.0,6.8,No,3
371,330.0,415,@fansdekai_985,Instagram,Comentario,"nadie ha mostrado una prueba real, todo son capturas sin verificar",#JusticiaParaKai,,2026-03-15 04:08:08,Cuenta_Nueva,1059.5,2593,404.0,13.1,No,0
372,120.0,156,@wilson_uni,TikTok,Comentario,@UrbanKrew ustedes ya sabían de esto o no? necesitamos que hablen,,NovaVolt,2026-03-15 02:44:06,Anónimo,540.8,1025,139.0,3.1,No,0
373,308.0,122,@ricardo_real,Instagram,Repost/Cita,"Yo hacía memes de Kai, ahora no sé ni qué publicar y eso que apenas empieza el día",,,2026-03-15 01:37:31,Fan_Antiguo,,3307,33.0,3.1,No,0
374,,283,@juancruzx,TikTok,Comentario,"PulsoTech lleva media hora sin responder nada, mal ahí",,NovaVolt,2026-03-15 02:05:53,Anónimo,6.8,201,56.0,2.6,No,0
375,129.0,233,@maria,X,Comentario,para que sepan: nadie de los que participamos notó nada fuera de lo normal esa noche,#QueDijoKai,,2026-03-15 03:07:17,Anónimo,30.0,2221,104.0,5.9,No,1
376,255.0,365,@despiertaya_531,X,Repost/Cita,"KAI ES CULPABLE, ya hay pruebas, no lo defiendan más #CancelenAKai",#CancelenAKai,,2026-03-15 04:47:06,Bot_Sospechoso,2.6,14140,157.0,10.6,No,0
377,290.0,206,@mateo,TikTok,Comentario,"honestamente, un conocido trabaja en el canal y dice que ahí todo queda respaldado",#EvaluandoLaSituacion #JusticiaParaKai,,2026-03-15 03:57:46,Fan_Antiguo,431.8,2415,331.0,3.0,No,1
378,278.0,179,@hector15,TikTok,Comentario,ya perdí la cuenta de cuántos hilos van sobre esto y todavía falta que hable Kai,#QueDijoKai #Cancelado,,2026-03-15 04:09:47,Anónimo,1917.0,11210,49.0,1.5,No,0
379,179.0,52,@monicaperez_11,Instagram,Comentario,Yo creo que seguridad del evento confirmó que hubo varios testigos presentes,#KaiDuarte,,2026-03-15 04:19:04,Verificado,2143.8,11246,47.0,6.3,No,5
380,,301,@harold99,TikTok,Descripción de captura,"cada quien cree lo que quiere creer, ya nadie mira pruebas ya en serio 😳",#QueDijoKai,,2026-03-15 00:19:16,Anónimo,12.6,293,54.0,0.1,No,0
381,260.0,371,@despiertaya_582,X,Repost/Cita,esto es un ESCÁNDALO y las marcas lo están tapando #CancelenAKai,#CancelenAKai,,2026-03-15 03:13:07,Bot_Sospechoso,2.3,8112,56.0,6.9,No,0
382,380.0,169,@vivianacruz_00,Foro anónimo,Repost/Cita,"pobre la gente que ganó de verdad el sorteo, ahora todos van a dudar de ellos y todavía falta que hable Kai.",,,2026-03-15 02:55:15,Anónimo,313.8,38563,83.0,4.6,No,1
383,160.0,393,@kaisquad_426,Instagram,Comentario,"en ningún sorteo anterior de Kai hubo una queja así, raro que ahora sí",#JusticiaParaKai,,2026-03-15 03:31:49,Anónimo,671.8,889,579.0,6.4,No,1
384,247.0,33,@cristiansabana,Instagram,Comentario,Literal me desperté y lo primero que vi fue esto y cada rato cambia la versión,,,2026-03-15 04:25:37,Anónimo,883.4,15683,164.0,1.1,No,1
385,151.0,333,@monicamedinasabana,Foro anónimo,Comentario,Me acaban de contar que una cuenta que no conozco subió una captura que supuestamente confirma todo,#QueDijoKai #KaiDuarte,,2026-03-15 04:25:14,Anónimo,25.5,724,596.0,4.8,Sí (idéntico a publicación de 2023 sobre otro creador),0
386,345.0,368,@apoyomateo_446,TikTok,Repost/Cita,"KAI ES CULPABLE, ya hay pruebas, no lo defiendan más #CancelenAKai",#CancelenAKai,,2026-03-15 04:47:46,Bot_Sospechoso,0.6,35057,193.0,10.0,No,0
387,358.0,326,@ricardo_uni,Instagram,Comentario,me acaban de contar que alguien juró que tiene capturas del chat privado pero nunca las publicó,,,2026-03-15 03:51:04,Anónimo,10.3,901,175.0,12.5,Sí (idéntico a publicación de 2023 sobre otro creador),0
388,229.0,419,@teamkai_012,Instagram,Comentario,"eso que están pasando como prueba nueva es de un caso viejo, no es de ahora",#JusticiaParaKai,,2026-03-15 04:27:55,Anónimo,802.1,1381,81.0,16.3,No,3
389,,444,@VerificaYA_Co,X,Post original,"El patrón de creación de cuentas alrededor de este tema es atípico, seguimos documentando.",#VerificaAntesDeCompartir,,2026-03-15 01:07:33,Verificado,1600.0,90000,1331.0,8.6,No,2
390,153.0,195,@sofia_ug,Instagram,Comentario,"que fastidio, otra vez cancelando a alguien sin dejarlo hablar sin exagerar.",#Cancelado,,2026-03-15 04:28:42,Fan_Antiguo,1096.8,1324,106.0,2.7,No,0
391,,76,@valentinaco,Instagram,Comentario,tremendo desorden se armó de la nada anoche 💀,,,2026-03-15 02:00:38,Verificado,1652.5,5797,38.0,2.7,No,0
392,359.0,380,@mvidalteam_435,X,Repost/Cita,"confirmado, Kai amañó el sorteo, pasen la voz #CancelenAKai",#CancelenAKai,,2026-03-15 04:21:28,Bot_Sospechoso,2.0,67969,135.0,8.4,No,0
393,389.0,117,@estebanlopez98,X,Comentario,"honestamente, revisé el reglamento público del sorteo y coincide con lo que se hizo",#EvaluandoLaSituacion,,2026-03-15 04:07:41,Verificado,2699.5,522,677.0,3.6,No,1
394,149.0,406,@porsiempreKai_824,TikTok,Comentario,"en ningún sorteo anterior de Kai hubo una queja así, raro que ahora sí",#JusticiaParaKai,,2026-03-15 04:17:20,Anónimo,0.0,1311,246.0,3.9,No,2
395,301.0,277,@yesidcastro,TikTok,Comentario,ojo con esto: un influencer chiquito aseguró que tiene pruebas pero no las ha mostrado,,,2026-03-15 04:15:30,Anónimo,23.9,374,7540.0,13.9,Sí (idéntico a publicación de 2023 sobre otro creador),1
396,,86,@saralopez34,X,Descripción de captura,"cada rato sale un testigo nuevo, esto ya parece novela de verdad",#Cancelado #JusticiaParaKai,,2026-03-15 02:39:21,Verificado,749.9,14859,30.0,1.7,No,0
397,285.0,345,@hectorramirez,Instagram,Comentario,ojo con esto: dicen que hay un audio filtrado completo pero nadie lo ha mostrado,#QueDijoKai,,2026-03-15 04:05:59,Anónimo,12.3,170,273.0,5.2,No,1
398,84.0,275,@ximenabogota,X,Repost/Cita,"  a mi me da igual, no sigo a Kai pero el trending me tiene aquí leyendo y las marcas ni se han pronunciado bien   ",,,2026-03-15 03:02:00,Cuenta_Nueva,5.0,676,110.0,3.3,No,1
399,255.0,283,@juancruzx,X,Comentario,circula que circula una lista de pruebas pero ninguna se puede verificar bien,#FueraKai,,2026-03-15 04:46:02,Anónimo,6.8,201,843.0,15.8,No,1
400,260.0,376,@despiertaya_109,X,Repost/Cita,esto es un ESCÁNDALO y las marcas lo están tapando #CancelenAKai,#CancelenAKai,,2026-03-15 03:04:53,Bot_Sospechoso,1.7,25160,152.0,9.2,No,0
401,,77,@alejandrorojas_11,Instagram,Post original,mis amigas y yo llevamos toda la noche hablando de esto de verdad,,,2026-03-15 03:30:50,Anónimo,284.9,995,87.0,1.1,No,1
402,256.0,117,@estebanlopez98,TikTok,Comentario,yo creo que revisé el reglamento público del sorteo y coincide con lo que se hizo,#EvaluandoLaSituacion,,2026-03-15 04:01:04,Verificado,2699.5,522,156.0,0.1,No,3
403,337.0,179,@hector15,Foro anónimo,Repost/Cita,"pobre la gente que ganó de verdad el sorteo, ahora todos van a dudar de ellos y cada rato cambia la versión",,,2026-03-15 04:23:31,Anónimo,1917.0,11210,149.0,2.1,No,0
404,168.0,279,@saratv,Instagram,Comentario,"honestamente, nadie de los que participamos notó nada fuera de lo normal esa noche",#EvaluandoLaSituacion,,2026-03-15 03:12:34,Anónimo,7.2,74,63.0,0.1,No,2
405,367.0,414,@teamkai_636,X,Comentario,"si escuchan el audio completo, Kai está bromeando, no confesando nada",#JusticiaParaKai,,2026-03-15 03:30:45,Anónimo,1707.5,126,60.0,4.8,No,2
406,,268,@viviana_real,TikTok,Post original,"NovaVolt lleva media hora sin responder nada, mal ahí",#QueDijoKai,UrbanKrew,2026-03-15 02:31:48,Cuenta_Nueva,10.6,1154,548.0,1.0,No,0
407,394.0,421,@teamkai_478,X,Comentario,"esas capturas ya las vi hace años en otro escándalo, esto es reciclado",#JusticiaParaKai,,2026-03-15 04:21:00,Anónimo,0.0,677,160.0,19.9,No,0
408,313.0,229,@luisa98,Instagram,Comentario,"el clip completo, sin el corte de 14 segundos, cuenta una historia distinta",#JusticiaParaKai,,2026-03-15 04:14:14,Fan_Antiguo,603.8,369,108.0,4.4,No,5
409,369.0,79,@isabella15,Foro anónimo,Comentario,actualización: un conocido trabaja en el canal y dice que ahí todo queda respaldado,#Cancelado #YoLeCreoAKai,,2026-03-15 04:20:27,Verificado,759.5,2372,208.0,9.0,No,5
410,241.0,270,@julianacardenas34,Instagram,Transcripción de audio/video,"cada rato sale un testigo nuevo, esto ya parece novela sin exagerar 😭",,,2026-03-15 03:59:34,Cuenta_Nueva,0.0,1657,11.0,2.7,No,0
411,401.0,81,@nicolassalazar_col,Foro anónimo,Descripción de captura,esto habla más de nosotros como internet que de Kai la verdad otra vez,#EvaluandoLaSituacion,,2026-03-15 04:05:25,Anónimo,91.6,76,23.0,3.5,No,0
412,,51,@jhon07,Foro anónimo,Post original,Esto habla más de nosotros como internet que de Kai la verdad de verdad.,#EvaluandoLaSituacion,,2026-03-15 03:57:40,Verificado,798.0,45910,100.0,1.3,No,0
413,,189,@maria15,X,Post original,si PulsoTech no rompe el contrato hoy yo dejo de comprarles,#EvaluandoLaSituacion,PulsoTech,2026-03-15 03:28:45,Verificado,1261.6,8295,30.0,2.3,No,0
414,292.0,32,@valeria,X,Comentario,tremendo desorden se armó de la nada anoche y las marcas ni se han pronunciado bien.,#Cancelado,,2026-03-15 04:18:13,Verificado,380.2,6269,9.0,0.1,No,0
415,235.0,279,@saratv,X,Comentario,circula que una cuenta que no conozco subió una captura que supuestamente confirma todo,#QueDijoKai #KaiMentiroso,,2026-03-15 04:46:42,Anónimo,7.2,74,142.0,18.0,No,1
416,228.0,316,@andres03,TikTok,Comentario,"que oso si es verdad, y que oso si no lo es sinceramente",#EvaluandoLaSituacion,,2026-03-15 04:44:54,Anónimo,20.3,898,137.0,1.6,No,1
417,409.0,409,@fansdekai_482,Instagram,Comentario,"esa imagen no es nueva, ya circulaba con otro nombre hace tiempo",#JusticiaParaKai,,2026-03-15 04:21:06,Cuenta_Nueva,0.0,604,160.0,4.0,No,0
418,314.0,319,@cesar99,X,Comentario,esto va a ser tendencia todo el día seguro sin exagerar.,#Cancelado #KaiMentiroso,,2026-03-15 04:27:26,Cuenta_Nueva,17.7,313,20.0,2.3,No,0
419,193.0,326,@ricardo_uni,X,Descripción de captura,"a mi me da igual, no sigo a Kai pero el trending me tiene aquí leyendo y todavía falta que hable Kai",#FueraKai #Cancelado,,2026-03-15 03:16:26,Anónimo,10.3,901,,0.1,No,0
420,347.0,299,@yuliana_ug,Instagram,Comentario,alguien me explica bien qué fue lo que pasó anoche y nadie sabe ni qué creer...,,,2026-03-15 04:35:59,Anónimo,7.3,318,15.0,2.2,No,0
421,,339,@vivianatv,TikTok,Repost/Cita,El trending de hoy tenía que ser esto obviamente y las marcas ni se han pronunciado bien,,,2026-03-15 02:47:11,Anónimo,0.1,521,42.0,2.0,No,0
422,329.0,90,@carlos_real,Foro anónimo,Comentario,"ojo con esto: vi un live reaccionando que desmontó todo, aunque no lo vi completo",#QueDijoKai #FueraKai,,2026-03-15 04:20:34,Fan_Antiguo,30.0,249,51.0,8.1,No,1
423,330.0,7,@juliana_ug,TikTok,Comentario,"Honestamente, el ganador de mi ciudad sí recibió el premio sin ningún inconveniente",#JusticiaParaKai,,2026-03-15 04:07:06,Verificado,240.9,1015,1004.0,1.7,No,3
424,,68,@gabriela99,X,Post original,el que suba a defenderlo sin pruebas también me da desconfianza la verdad.,#YoLeCreoAKai #Cancelado,,2026-03-15 03:03:08,Verificado,1575.7,29670,90.0,1.5,No,0
425,355.0,297,@jhon_real,X,Repost/Cita,PulsoTech debería esperar los resultados antes de tomar una decisión así de grande,#KaiDuarte,UrbanKrew,2026-03-15 04:13:47,Cuenta_Nueva,0.0,57,35.0,1.2,No,0
426,255.0,50,@ivanalarcon_col,X,Comentario,si PulsoTech no rompe el contrato hoy yo dejo de comprarles,,PulsoTech,2026-03-15 05:02:39,Anónimo,2157.2,12104,33.0,0.1,No,0
427,,343,@angie07,X,Post original,No había visto esta cantidad de gente opinando de algo en meses la verdad.,#Cancelado,,2026-03-15 02:24:31,Cuenta_Nueva,21.7,613,26.0,0.1,No,1
428,406.0,210,@oscarleon_ug,Instagram,Comentario,increíble como en una noche esto se salió de control y eso que apenas empieza el día...,,,2026-03-15 04:01:25,Fan_Antiguo,1298.5,4703,191.0,1.0,No,0
429,339.0,199,@mariax,Instagram,Repost/Cita,yo sigo esperando que Kai diga algo ya en serio,#Cancelado,,2026-03-15 05:29:08,Anónimo,1742.6,13297,78.0,2.7,No,1
430,296.0,281,@david_,TikTok,Transcripción de audio/video,dejen a la gente en paz hasta que se sepa la verdad otra vez 😭,#KaiDuarte,,2026-03-15 03:10:47,Anónimo,,401,7.0,1.9,No,0
431,376.0,361,@noloocultes_193,X,Repost/Cita,"no dejen que borren la evidencia, guarden capturas ya #CancelenAKai",#CancelenAKai,,2026-03-15 05:00:34,Bot_Sospechoso,1.8,21144,180.0,29.3,No,0
432,352.0,343,@angie07,X,Comentario,clásico: pasa algo de madrugada y para el mediodía ya todos tienen opinión de verdad...,,,2026-03-15 03:16:35,Cuenta_Nueva,,613,25.0,4.5,No,0
433,377.0,29,@antonia34,TikTok,Comentario,"conozco a alguien que ganó un sorteo anterior de Kai, todo fue legal",#Cancelado #EvaluandoLaSituacion,,2026-03-15 03:58:39,Verificado,1009.1,48489,228.0,2.8,No,5
434,,336,@juan_ug,X,Comentario,si UrbanKrew no rompe el contrato hoy yo dejo de comprarles,#KaiDuarte #Cancelado,UrbanKrew,2026-03-15 03:39:52,Cuenta_Nueva,15.1,127,12.0,0.2,No,1
435,313.0,223,@ricardo07,X,Comentario,increíble como en una noche esto se salió de control sinceramente 😳😳,,,2026-03-15 04:12:01,Fan_Antiguo,1197.3,1391,27.0,2.8,No,0
436,392.0,300,@ivan2020,TikTok,Comentario,circula el rumor de que hay más pruebas guardadas para después,,,2026-03-15 04:26:36,Cuenta_Nueva,17.7,815,104.0,2.8,No,1
437,,280,@fabianrojas34,Instagram,Descripción de captura,en mi casa no se habla de otra cosa desde anoche otra vez,#KaiDuarte,,2026-03-15 03:08:29,Cuenta_Nueva,4.1,139,194.0,2.1,No,0
438,329.0,184,@oscarrios_00,TikTok,Transcripción de audio/video,yo sigo esperando que Kai diga algo otra vez,#EvaluandoLaSituacion #KaiDuarte,,2026-03-15 04:18:11,Fan_Antiguo,683.3,1464,14.0,4.5,No,0
439,417.0,405,@fansdekai_236,Instagram,Comentario,"nadie ha mostrado una prueba real, todo son capturas sin verificar",#JusticiaParaKai,,2026-03-15 04:25:32,Fan_Antiguo,0.0,7567,346.0,10.2,No,0
440,431.0,311,@wilson2020,TikTok,Comentario,"según un grupo de Facebook, esto ya se sabía desde hace meses",#KaiMentiroso,,2026-03-15 05:18:54,Cuenta_Nueva,15.0,121,247.0,9.3,No,1
441,303.0,337,@antoniaperez99,X,Comentario,dicen que dicen que hay un audio filtrado completo pero nadie lo ha mostrado,,,2026-03-15 03:02:07,Cuenta_Nueva,4.0,172,1871.0,2.1,Sí (idéntico a publicación de 2023 sobre otro creador),0
442,221.0,367,@noloocultes_218,X,Repost/Cita,esto es un ESCÁNDALO y las marcas lo están tapando #CancelenAKai,#CancelenAKai,,2026-03-15 02:44:14,Bot_Sospechoso,1.0,4889,243.0,19.5,No,0
443,338.0,351,@noloocultes_349,X,Repost/Cita,esto es un ESCÁNDALO y las marcas lo están tapando #CancelenAKai,#CancelenAKai,,2026-03-15 03:28:48,Bot_Sospechoso,1.1,21880,71.0,21.8,No,2
444,338.0,316,@andres03,X,Comentario,"dicen que vi un live reaccionando que desmontó todo, aunque no lo vi completo",#CancelenAKai,,2026-03-15 03:10:21,Anónimo,20.3,898,528.0,8.4,No,1
445,199.0,362,@noloocultes_412,X,Repost/Cita,"KAI ES CULPABLE, ya hay pruebas, no lo defiendan más #CancelenAKai",#CancelenAKai,,2026-03-15 05:05:52,Bot_Sospechoso,0.6,28264,169.0,10.4,No,3
446,344.0,191,@davidramirezco,X,Comentario,yo creo que hay que esperar antes de sacar conclusiones,,,2026-03-15 05:22:01,Fan_Antiguo,2472.9,3398,79.0,2.5,No,2
447,,238,@johanacruzx,X,Transcripción de audio/video,@UrbanKrew ustedes ya sabían de esto o no? necesitamos que hablen,,UrbanKrew,2026-03-15 04:20:14,Verificado,1232.8,9864,186.0,3.0,No,0
448,441.0,299,@yuliana_ug,TikTok,Comentario,Supuestamente el ganador real habló pero borró el mensaje rapidísimo,#CancelenAKai,,2026-03-15 03:03:55,Anónimo,7.3,318,121.0,13.6,No,0
449,55.0,39,@tatiana15,X,Comentario,"la marca ya se está lavando las manos, típico otra vez",#Cancelado #KaiDuarte,,2026-03-15 03:57:46,Anónimo,1660.6,1149,39.0,1.7,No,1
450,355.0,272,@oscarvargas34,X,Comentario,"cada quien cree lo que quiere creer, ya nadie mira pruebas y nadie sabe ni qué creer",,,2026-03-15 04:12:56,Cuenta_Nueva,8.7,103,24.0,2.8,No,0
451,343.0,425,@kaisquad_668,Instagram,Comentario,"esas capturas ya las vi hace años en otro escándalo, esto es reciclado",#JusticiaParaKai,,2026-03-15 04:22:29,Cuenta_Nueva,0.0,102,239.0,0.1,No,5
452,,238,@johanacruzx,X,Descripción de captura,"  sea cual sea la verdad, la forma en que se está manejando esto es un desastre y todavía falta que hable Kai 😳   ",#OjoConEstoKai,,2026-03-15 02:57:04,Verificado,1232.8,9864,33.0,0.1,No,1
453,433.0,170,@claudiaortiz_00,X,Transcripción de audio/video,alguien me explica bien qué fue lo que pasó anoche sinceramente,,,2026-03-15 04:12:21,Anónimo,1323.5,1493,150.0,0.1,No,0
454,,446,@ChequeoDigitalCO,X,Post original,Aún no hemos podido contactar a la fuente original de la conversación filtrada.,#VerificaAntesDeCompartir,,2026-03-15 04:21:27,Verificado,1100.0,60000,2695.0,6.7,No,4
455,246.0,266,@gabrielasabana,TikTok,Comentario,todo el mundo etiquetando a NovaVolt pidiendo que se pronuncien,#VerificaAntesDeCompartir,NovaVolt,2026-03-15 03:41:59,Cuenta_Nueva,13.9,1813,35.0,0.1,No,0
456,418.0,43,@cesarmoreno,Foro anónimo,Comentario,"que oso si es verdad, y que oso si no lo es.",,,2026-03-15 04:31:14,Anónimo,399.3,2727,289.0,1.4,No,0
457,412.0,389,@kaisquad_748,X,Comentario,el recorte de 14 segundos le quita todo el contexto a lo que dijo,#JusticiaParaKai,,2026-03-15 04:11:22,Fan_Antiguo,0.0,2592,60.0,6.8,No,0
458,,298,@juliancastro_ug,X,Comentario,ya perdí la cuenta de cuántos hilos van sobre esto...,#Cancelado #EvaluandoLaSituacion,,2026-03-15 03:29:27,Anónimo,11.5,268,174.0,0.5,No,0
459,431.0,357,@noloocultes_757,TikTok,Repost/Cita,esto es un ESCÁNDALO y las marcas lo están tapando #CancelenAKai,#CancelenAKai,,2026-03-15 05:02:54,Bot_Sospechoso,2.2,23996,58.0,22.8,No,0
460,358.0,295,@kevin15,TikTok,Transcripción de audio/video,"cada rato sale un testigo nuevo, esto ya parece novela y nadie sabe ni qué creer",#Cancelado,,2026-03-15 03:38:55,Anónimo,22.8,699,75.0,1.5,No,2
461,375.0,17,@ricardo_ug,TikTok,Comentario,"sea cual sea la verdad, la forma en que se está manejando esto es un desastre sinceramente.",,,2026-03-15 03:08:17,Anónimo,30.0,6602,30.0,4.3,No,2
462,405.0,330,@johana_uni,Foro anónimo,Comentario,ya perdí la cuenta de cuántos hilos van sobre esto sinceramente,#JusticiaParaKai,,2026-03-15 03:37:02,Cuenta_Nueva,0.0,444,94.0,1.3,No,0
463,432.0,187,@kevingomez03,Instagram,Descripción de captura,clásico: pasa algo de madrugada y para el mediodía ya todos tienen opinión sinceramente,#KaiDuarte #Cancelado,,2026-03-15 03:19:52,Fan_Antiguo,454.0,24484,17.0,5.7,No,0
464,115.0,129,@isabellabogota,Foro anónimo,Comentario,"la marca ya se está lavando las manos, típico otra vez.",#EvaluandoLaSituacion,,2026-03-15 03:18:52,Fan_Antiguo,470.7,1846,25.0,0.1,No,0
465,390.0,76,@valentinaco,Instagram,Comentario,Si esto no se aclara hoy se va a armar una novela de meses y cada rato cambia la versión.,#KaiDuarte,,2026-03-15 04:31:12,Verificado,1652.5,5797,32.0,1.7,No,0
466,,89,@cesarcun,TikTok,Descripción de captura,esto me recuerda a como diez casos parecidos y todavía falta que hable Kai 🤔,,,2026-03-15 03:36:27,Verificado,947.0,678,16.0,2.0,No,0
467,400.0,140,@cristianramirez_,TikTok,Comentario,Yo creo que hay que esperar antes de sacar conclusiones sin exagerar,#EvaluandoLaSituacion #QueDijoKai,,2026-03-15 03:19:44,Verificado,853.0,1171,124.0,0.4,No,1
468,,46,@david,TikTok,Descripción de captura,yo sigo esperando que Kai diga algo y todavía falta que hable Kai 💀,#KaiDuarte #QueDijoKai,,2026-03-15 04:05:15,Fan_Antiguo,1595.0,587,40.0,4.1,No,0
469,147.0,345,@hectorramirez,X,Comentario,"Me contaron que alguien del equipo renunció por esto, sin confirmación",#KaiDuarte,,2026-03-15 04:21:46,Anónimo,12.3,170,197.0,14.6,Sí (idéntico a publicación de 2023 sobre otro creador),1
470,131.0,48,@yulianapardo_col,TikTok,Transcripción de audio/video,"Cada rato sale un testigo nuevo, esto ya parece novela y nadie sabe ni qué creer 🤔",,,2026-03-15 04:21:10,Fan_Antiguo,1261.8,5372,11.0,1.6,No,0
471,182.0,145,@hector,X,Comentario,todo el mundo etiquetando a NovaVolt pidiendo que se pronuncien,,NovaVolt,2026-03-15 02:52:25,Verificado,326.3,2336,99.0,2.7,No,0
472,248.0,369,@mvidalteam_730,TikTok,Repost/Cita,"confirmado, Kai amañó el sorteo, pasen la voz #CancelenAKai",#CancelenAKai,,2026-03-15 02:36:34,Bot_Sospechoso,2.8,5644,113.0,3.0,No,0
473,225.0,35,@ricardo_00,X,Comentario,  @UrbanKrew ustedes ya sabían de esto o no? necesitamos que hablen   ,,UrbanKrew,2026-03-15 02:28:51,Anónimo,1551.1,1838,69.0,3.3,No,0
474,351.0,20,@mateosabana,TikTok,Comentario,increíble como en una noche esto se salió de control sinceramente,,,2026-03-15 04:15:16,Anónimo,188.2,1186,39.0,2.9,No,0
475,,140,@cristianramirez_,Instagram,Comentario,Yo sigo esperando que Kai diga algo sinceramente.,,,2026-03-15 03:23:34,Verificado,853.0,1171,17.0,3.1,No,1
476,417.0,396,@kaisquad_927,X,Comentario,"ese clip está cortado, en el audio completo se nota que es sarcasmo",#JusticiaParaKai,,2026-03-15 04:24:50,Fan_Antiguo,187.8,3273,340.0,13.0,No,1
477,160.0,21,@tatiana22,X,Repost/Cita,"que fastidio, otra vez cancelando a alguien sin dejarlo hablar sinceramente",,,2026-03-15 04:00:35,Fan_Antiguo,605.7,8908,156.0,5.3,No,1
478,361.0,99,@paola07,TikTok,Repost/Cita,honestamente ya perdí la cuenta de cuántas pruebas van de verdad,#EvaluandoLaSituacion,,2026-03-15 04:29:33,Anónimo,30.0,6228,127.0,1.2,No,0
479,404.0,309,@valentinapinzonco,X,Comentario,"honestamente, vi la transmisión completa dos veces, no encuentro el corte que muestran",#JusticiaParaKai #Cancelado,,2026-03-15 03:32:42,Cuenta_Nueva,6.8,35,77.0,3.3,No,0
480,351.0,179,@hector15,TikTok,Comentario,@PulsoTech ustedes ya sabían de esto o no? necesitamos que hablen,,PulsoTech,2026-03-15 04:12:28,Anónimo,1917.0,11210,79.0,1.5,No,0
481,360.0,327,@yuliana07,Foro anónimo,Comentario,alguien juró que tiene capturas del chat privado pero nunca las publicó,#Cancelado,,2026-03-15 04:22:39,Cuenta_Nueva,14.7,52,40.0,11.9,Sí (idéntico a publicación de 2023 sobre otro creador),1
482,476.0,198,@kevincastro03,X,Descripción de captura,literal me desperté y lo primero que vi fue esto otra vez 💀,#Cancelado,,2026-03-15 04:47:12,Fan_Antiguo,30.0,1746,377.0,1.8,No,0
483,,25,@andres_ug,Instagram,Comentario,clásico: pasa algo de madrugada y para el mediodía ya todos tienen opinión...,#YoLeCreoAKai,,2026-03-15 03:57:00,Verificado,732.4,3288,41.0,3.4,No,0
484,400.0,300,@ivan2020,X,Comentario,circula que un influencer chiquito aseguró que tiene pruebas pero no las ha mostrado,,,2026-03-15 03:22:11,Cuenta_Nueva,17.7,815,358.0,2.1,No,0
485,413.0,281,@david_,TikTok,Comentario,"cada quien cree lo que quiere creer, ya nadie mira pruebas y todavía falta que hable Kai...",#EvaluandoLaSituacion #Cancelado,,2026-03-15 03:42:30,Anónimo,18.4,401,19.0,0.7,No,1
486,269.0,238,@johanacruzx,Instagram,Comentario,yo creo que hay que esperar antes de sacar conclusiones de verdad 💀💀,#QueDijoKai,,2026-03-15 04:03:50,Verificado,1232.8,9864,30.0,1.9,No,0
487,222.0,416,@teamkai_969,X,Comentario,"nadie ha mostrado una prueba real, todo son capturas sin verificar",#JusticiaParaKai,,2026-03-15 04:28:16,Anónimo,334.0,265,160.0,0.1,No,1
488,385.0,205,@andrescruz,X,Transcripción de audio/video,"todo mundo subiendo teorías, nadie subiendo pruebas y nadie sabe ni qué creer 😭😭",,,2026-03-15 04:28:51,Anónimo,30.0,14604,77.0,5.1,No,0
489,290.0,99,@paola07,TikTok,Repost/Cita,yo llevo horas viendo hilos sobre esto en vez de dormir y nadie sabe ni qué creer,#Cancelado #QueDijoKai,,2026-03-15 04:12:51,Anónimo,30.0,6228,72.0,0.8,No,1
490,306.0,376,@despiertaya_109,TikTok,Repost/Cita,"KAI ES CULPABLE, ya hay pruebas, no lo defiendan más #CancelenAKai",#CancelenAKai,,2026-03-15 03:18:41,Bot_Sospechoso,1.7,25160,148.0,21.8,No,0
491,447.0,74,@samuel_col,TikTok,Comentario,esto se siente exactamente igual a lo del año pasado con otro streamer ya en serio...,,,2026-03-15 04:30:40,Verificado,2095.2,7866,20.0,3.0,No,0
492,220.0,35,@ricardo_00,Instagram,Repost/Cita,"que oso si es verdad, y que oso si no lo es sinceramente 🤔",#VerificaAntesDeCompartir,,2026-03-15 04:08:17,Anónimo,1551.1,1838,71.0,2.3,No,0
493,433.0,285,@estebanortiz99,X,Comentario,"el proceso del sorteo se hizo con testigos externos, no solo del equipo de Kai",#EvaluandoLaSituacion,,2026-03-15 04:15:30,Cuenta_Nueva,8.7,515,133.0,3.3,No,4
494,438.0,338,@cesarsabana,TikTok,Comentario,"cada rato sale un testigo nuevo, esto ya parece novela",,,2026-03-15 04:41:16,Cuenta_Nueva,2.6,970,79.0,1.0,No,0
495,,181,@adrianagomez99,TikTok,Post original,alguien me explica bien qué fue lo que pasó anoche y eso que apenas empieza el día 🤔🤔,,,2026-03-15 04:11:52,Anónimo,519.8,405,89.0,0.8,No,0
496,492.0,323,@jhonmedina15,X,Comentario,me acaban de contar que circula el rumor de que hay más pruebas guardadas para después,#CancelenAKai,,2026-03-15 04:11:47,Cuenta_Nueva,17.5,1391,655.0,9.2,No,1
497,395.0,30,@luisa15,Instagram,Comentario,"yo hacía memes de Kai, ahora no sé ni qué publicar sinceramente...",#KaiDuarte #FakeNews,,2026-03-15 04:18:24,Fan_Antiguo,1581.7,3787,85.0,6.8,No,0
498,369.0,395,@porsiempreKai_915,Instagram,Comentario,"si tuvieran algo sólido ya lo hubieran mostrado completo, no en pedazos",#JusticiaParaKai,,2026-03-15 04:22:03,Fan_Antiguo,535.4,2483,167.0,10.8,No,5
499,490.0,355,@apoyomateo_602,TikTok,Repost/Cita,esto es un ESCÁNDALO y las marcas lo están tapando #CancelenAKai,#CancelenAKai,,2026-03-15 03:30:50,Bot_Sospechoso,1.5,3987,148.0,17.9,No,0
500,444.0,215,@johanaortiz_col,X,Comentario,esto se siente exactamente igual a lo del año pasado con otro streamer la verdad.,,,2026-03-15 03:13:42,Anónimo,925.1,969,21.0,3.2,No,0
501,74.0,302,@carlos_oficial,TikTok,Transcripción de audio/video,todo el mundo etiquetando a UrbanKrew pidiendo que se pronuncien,#QueDijoKai,PulsoTech,2026-03-15 02:29:48,Cuenta_Nueva,1.1,9,11.0,3.4,No,0
502,451.0,331,@angietv,X,Comentario,"esto se puso serio rapidísimo, hace una hora era chisme",,,2026-03-15 04:25:36,Anónimo,10.6,413,116.0,1.5,No,1
503,,186,@monicarios,Instagram,Descripción de captura,clásico: pasa algo de madrugada y para el mediodía ya todos tienen opinión y cada rato cambia la versión 😳😳,#KaiDuarte,,2026-03-15 04:19:16,Anónimo,885.4,3535,27.0,4.7,No,0
504,487.0,424,@porsiempreKai_817,Instagram,Comentario,"esa imagen no es nueva, ya circulaba con otro nombre hace tiempo",#JusticiaParaKai,,2026-03-15 04:54:03,Anónimo,0.0,459,131.0,12.4,No,1
505,387.0,271,@manuela34,TikTok,Repost/Cita,"A mi me da igual, no sigo a Kai pero el trending me tiene aquí leyendo y eso que apenas empieza el día",#KaiEsInocente #QueDijoKai,,2026-03-15 03:56:10,Anónimo,6.3,555,23.0,1.8,No,0
506,370.0,29,@antonia34,X,Comentario,me parece raro que PulsoTech se pronuncie tan rápido sin saber toda la historia,#FakeNews,UrbanKrew,2026-03-15 04:36:49,Verificado,1009.1,48489,68.0,0.1,No,0
507,,185,@miguelsalazar07,X,Comentario,esto me recuerda a como diez casos parecidos ya en serio,#QueDijoKai,,2026-03-15 03:00:33,Anónimo,1417.0,3528,87.0,2.8,No,0
508,338.0,291,@alejandrolopez2020,X,Transcripción de audio/video,alguien me explica bien qué fue lo que pasó anoche y eso que apenas empieza el día,,,2026-03-15 03:29:58,Cuenta_Nueva,7.1,2281,21.0,4.3,No,0
509,,138,@carloslopezbogota,X,Transcripción de audio/video,"cada quien cree lo que quiere creer, ya nadie mira pruebas y las marcas ni se han pronunciado bien",,,2026-03-15 01:57:29,Fan_Antiguo,30.0,9800,24.0,2.9,No,0
510,393.0,300,@ivan2020,Instagram,Comentario,"Dato: conozco a alguien que ganó un sorteo anterior de Kai, todo fue legal",#YoLeCreoAKai #EvaluandoLaSituacion,,2026-03-15 04:09:08,Cuenta_Nueva,17.7,815,62.0,0.3,No,1
511,335.0,246,@julianninobogota,X,Comentario,"honestamente, nadie de los que participamos notó nada fuera de lo normal esa noche",,,2026-03-15 03:49:07,Bot_Sospechoso,909.3,961,320.0,0.1,No,3
512,448.0,293,@sara_ug,X,Comentario,literal me desperté y lo primero que vi fue esto...,,,2026-03-15 03:49:39,Anónimo,10.3,1071,36.0,3.0,No,0
513,267.0,174,@mateocruz_col,Foro anónimo,Descripción de captura,Cada hora aparece un ángulo nuevo de esto sin exagerar,,,2026-03-15 04:17:08,Anónimo,1499.3,2558,65.0,2.0,No,0
514,477.0,141,@carloscardenasx,X,Comentario,el trending de hoy tenía que ser esto obviamente de verdad,,,2026-03-15 04:02:31,Fan_Antiguo,1245.7,605,389.0,1.4,No,0
515,132.0,133,@tomas,X,Comentario,no había visto esta cantidad de gente opinando de algo en meses y cada rato cambia la versión,#FakeNews #OjoConEstoKai,,2026-03-15 04:22:57,Anónimo,412.0,630,146.0,4.3,No,0
516,457.0,394,@fansdekai_163,Instagram,Comentario,"eso que están pasando como prueba nueva es de un caso viejo, no es de ahora",#JusticiaParaKai,,2026-03-15 04:20:32,Anónimo,716.1,699,68.0,5.0,No,0
517,416.0,112,@kevinmoreno34,Instagram,Comentario,actualización: revisé el reglamento público del sorteo y coincide con lo que se hizo,#KaiEsInocente,,2026-03-15 04:49:52,Verificado,100.5,1674,503.0,2.4,No,2
518,,46,@david,Instagram,Post original,"cada quien cree lo que quiere creer, ya nadie mira pruebas sinceramente",,,2026-03-15 04:04:22,Fan_Antiguo,1595.0,587,94.0,0.6,No,0
519,443.0,78,@carloscun,X,Comentario,"ojo con esto: me contaron que alguien del equipo renunció por esto, sin confirmación",,,2026-03-15 03:31:55,Verificado,,4722,2263.0,16.2,Posible (similar a una publicación anterior),0
520,,199,@mariax,X,Transcripción de audio/video,"vi que NovaVolt sacó un comunicado, muy tibio la verdad",,PulsoTech,2026-03-15 00:11:15,Anónimo,1742.6,13297,384.0,3.0,No,0
521,486.0,403,@teamkai_304,Instagram,Comentario,"esas capturas ya las vi hace años en otro escándalo, esto es reciclado",#JusticiaParaKai,,2026-03-15 04:09:51,Anónimo,805.1,110,164.0,10.5,No,2
522,,203,@danielaperez2020,Instagram,Repost/Cita,cada hora aparece un ángulo nuevo de esto la verdad 💀💀,,,2026-03-15 00:41:37,Verificado,30.0,3012,46.0,1.9,No,0
523,335.0,84,@laurasuarez_00,Instagram,Comentario,yo creo que yo estaba conectado desde el minuto uno y no vi nada extraño,#YoLeCreoAKai,,2026-03-15 03:46:37,Verificado,911.9,44186,1503.0,3.9,No,2
524,522.0,13,@jhon_oficial,TikTok,Descripción de captura,La cantidad de cuentas nuevas comentando esto me da mala espina ya en serio 😳😳,#QueDijoKai,,2026-03-15 02:09:10,Fan_Antiguo,570.2,324,26.0,4.0,No,0
525,506.0,55,@samuelco,X,Repost/Cita,"  yo hacía memes de Kai, ahora no sé ni qué publicar y las marcas ni se han pronunciado bien.   ",#YoLeCreoAKai #JusticiaParaKai,,2026-03-15 04:39:55,Fan_Antiguo,123.3,7061,118.0,0.6,No,0
526,,162,@haroldsalazar,X,Repost/Cita,si PulsoTech no rompe el contrato hoy yo dejo de comprarles,#EvaluandoLaSituacion,UrbanKrew,2026-03-15 02:17:32,Fan_Antiguo,748.1,2236,86.0,3.5,No,1
527,440.0,306,@carloslopez_col,TikTok,Comentario,Una cuenta que no conozco subió una captura que supuestamente confirma todo,,,2026-03-15 05:30:01,Anónimo,13.2,420,482.0,12.1,No,0
528,481.0,341,@manuelaortizsabana,Foro anónimo,Comentario,alguien juró que tiene capturas del chat privado pero nunca las publicó,#QueDijoKai #KaiMentiroso,,2026-03-15 04:26:36,Cuenta_Nueva,11.3,220,426.0,11.3,No,1
529,348.0,320,@yuliana22,X,Comentario,dejen a la gente en paz hasta que se sepa la verdad sinceramente,,,2026-03-15 04:14:15,Cuenta_Nueva,18.5,191,121.0,1.6,No,0
530,422.0,302,@carlos_oficial,X,Comentario,posta que alguien juró que tiene capturas del chat privado pero nunca las publicó,,,2026-03-15 04:27:19,Cuenta_Nueva,1.1,9,155.0,23.6,No,0
531,497.0,42,@natalia03,TikTok,Repost/Cita,"a mi me da igual, no sigo a Kai pero el trending me tiene aquí leyendo sinceramente",#QueDijoKai #KaiDuarte,,2026-03-15 04:26:51,Anónimo,642.8,13959,363.0,0.1,No,0
532,516.0,408,@teamkai_358,TikTok,Comentario,"eso que están pasando como prueba nueva es de un caso viejo, no es de ahora",#JusticiaParaKai,,2026-03-15 04:24:08,Anónimo,729.5,521,382.0,17.7,No,1
533,496.0,267,@camilacastro34,TikTok,Comentario,me acaban de contar que circula una lista de pruebas pero ninguna se puede verificar bien,#KaiDuarte #CancelenAKai,,2026-03-15 04:20:48,Anónimo,15.2,433,1224.0,7.2,No,1
534,,145,@hector,TikTok,Comentario,increíble como en una noche esto se salió de control y todavía falta que hable Kai 💀,#KaiDuarte #QueDijoKai,,2026-03-15 00:59:18,Verificado,326.3,2336,71.0,3.5,No,1
535,,232,@fabianleon,X,Repost/Cita,la cantidad de cuentas nuevas comentando esto me da mala espina y nadie sabe ni qué creer.,#Cancelado,,2026-03-15 01:44:43,Anónimo,1212.4,8191,27.0,2.8,No,0
536,,43,@cesarmoreno,Instagram,Descripción de captura,clásico: pasa algo de madrugada y para el mediodía ya todos tienen opinión y eso que apenas empieza el día.,#KaiDuarte,,2026-03-15 03:56:57,Anónimo,399.3,2727,47.0,2.9,No,0
537,480.0,18,@paula15,TikTok,Transcripción de audio/video,esto va a ser tendencia todo el día seguro la verdad...,,,2026-03-15 04:14:14,Verificado,1607.4,3263,61.0,1.4,No,0
538,139.0,281,@david_,Foro anónimo,Comentario,"esto se puso serio rapidísimo, hace una hora era chisme la verdad.",,,2026-03-15 03:47:58,Anónimo,18.4,401,22.0,2.5,No,0
539,472.0,140,@cristianramirez_,TikTok,Comentario,"esto se puso serio rapidísimo, hace una hora era chisme ya en serio",#YoLeCreoAKai,,2026-03-15 04:07:37,Verificado,853.0,1171,63.0,0.1,No,0
540,293.0,150,@miguelcardenas,X,Descripción de captura,Tremendo desorden se armó de la nada anoche otra vez 🤔,#Cancelado,,2026-03-15 04:58:19,Verificado,1066.3,10079,56.0,4.8,No,0
541,459.0,334,@juliana,Instagram,Comentario,Dicen que un tiktok con millones de vistas ya lo dio por hecho,#KaiDuarte,,2026-03-15 05:20:16,Cuenta_Nueva,0.9,203,1105.0,17.0,No,1
542,,182,@davidcastro,TikTok,Transcripción de audio/video,alguien me explica bien qué fue lo que pasó anoche y nadie sabe ni qué creer,#QueDijoKai,,2026-03-15 01:19:46,Fan_Antiguo,30.0,494,26.0,4.6,No,1
543,400.0,337,@antoniaperez99,X,Comentario,"ojo con esto: me contaron que alguien del equipo renunció por esto, sin confirmación",#CancelenAKai,,2026-03-15 03:18:58,Cuenta_Nueva,4.0,172,140.0,15.3,No,1
544,,344,@brayan99,Instagram,Repost/Cita,literal me desperté y lo primero que vi fue esto y nadie sabe ni qué creer...,#EvaluandoLaSituacion,,2026-03-15 03:58:14,Anónimo,0.0,84,84.0,0.5,No,0
545,518.0,141,@carloscardenasx,X,Comentario,"Esto ya lo vi venir hace rato, algo raro pasaba de verdad...",#KaiEsInocente #QueDijoKai,,2026-03-15 04:12:06,Fan_Antiguo,1245.7,605,96.0,2.9,No,0
546,290.0,44,@santiago_,Instagram,Comentario,"honestamente, seguridad del evento confirmó que hubo varios testigos presentes",#EvaluandoLaSituacion,,2026-03-15 04:03:06,Verificado,30.0,172,88.0,5.8,No,1
547,240.0,135,@ximena03,Instagram,Comentario,"a mi me da igual, no sigo a Kai pero el trending me tiene aquí leyendo otra vez",,,2026-03-15 04:10:10,Anónimo,609.3,1810,185.0,2.8,No,0
548,472.0,348,@david22,X,Comentario,yo sigo esperando que Kai diga algo la verdad 🤔🤔,#KaiDuarte,,2026-03-15 02:37:27,Cuenta_Nueva,10.5,106,25.0,1.8,No,0
549,436.0,327,@yuliana07,X,Comentario,Me acaban de contar que circula una lista de pruebas pero ninguna se puede verificar bien,,,2026-03-15 04:30:32,Cuenta_Nueva,14.7,52,1812.0,15.1,Sí (idéntico a publicación de 2023 sobre otro creador),0
550,386.0,332,@natalia_real,X,Comentario,me acaban de contar que un influencer chiquito aseguró que tiene pruebas pero no las ha mostrado,,,2026-03-15 04:52:14,Anónimo,18.2,64,479.0,15.0,Sí (idéntico a publicación de 2023 sobre otro creador),1
551,499.0,310,@lilianacardenas_real,Instagram,Comentario,Circula que circula una lista de pruebas pero ninguna se puede verificar bien,#EvaluandoLaSituacion #Cancelado,,2026-03-15 03:58:06,Anónimo,13.7,85,428.0,3.8,No,1
552,340.0,133,@tomas,X,Comentario,yo creo que nadie de los que participamos notó nada fuera de lo normal esa noche,#YoLeCreoAKai #EvaluandoLaSituacion,,2026-03-15 03:16:35,Anónimo,412.0,630,68.0,7.1,No,4
553,364.0,340,@carlospardoco,Instagram,Comentario,"para que sepan: conozco a alguien que ganó un sorteo anterior de Kai, todo fue legal",#YoLeCreoAKai,,2026-03-15 04:36:51,Cuenta_Nueva,12.3,86,86.0,2.2,No,2
554,,36,@sebastian_00,TikTok,Repost/Cita,cada hora aparece un ángulo nuevo de esto de verdad,,,2026-03-15 02:48:14,Verificado,1113.8,958,8.0,1.9,No,0
555,325.0,223,@ricardo07,Instagram,Comentario,"actualización: el clip completo, sin el corte de 14 segundos, cuenta una historia distinta",#KaiDuarte,,2026-03-15 03:27:25,Fan_Antiguo,1197.3,1391,101.0,3.5,No,3
556,,236,@tomas_col,TikTok,Post original,no puedo creer lo que está pasando con Kai sin exagerar,#EvaluandoLaSituacion #Cancelado,,2026-03-15 01:13:02,Fan_Antiguo,367.2,2412,69.0,4.8,No,0
557,495.0,238,@johanacruzx,Instagram,Repost/Cita,"A mi me da igual, no sigo a Kai pero el trending me tiene aquí leyendo otra vez",,,2026-03-15 04:12:51,Verificado,1232.8,9864,60.0,2.4,No,0
558,375.0,185,@miguelsalazar07,X,Repost/Cita,Increíble como en una noche esto se salió de control y las marcas ni se han pronunciado bien,#KaiMentiroso,,2026-03-15 04:16:27,Anónimo,1417.0,3528,10.0,0.2,No,1
559,528.0,78,@carloscun,X,Repost/Cita,esto se siente exactamente igual a lo del año pasado con otro streamer y las marcas ni se han pronunciado bien 😭😭,,,2026-03-15 04:37:59,Verificado,1139.1,4722,231.0,4.0,No,0
560,340.0,146,@kevinmoreno2020,TikTok,Comentario,la cantidad de cuentas nuevas comentando esto me da mala espina la verdad,,,2026-03-15 03:37:13,Fan_Antiguo,632.8,8319,7.0,2.4,No,0
561,544.0,195,@sofia_ug,X,Comentario,"yo hacía memes de Kai, ahora no sé ni qué publicar ya en serio 🤔",#Cancelado #KaiMentiroso,,2026-03-15 04:08:50,Fan_Antiguo,1096.8,1324,41.0,0.1,No,0
562,310.0,334,@juliana,Foro anónimo,Comentario,@PulsoTech ustedes ya sabían de esto o no? necesitamos que hablen,,PulsoTech,2026-03-15 04:39:06,Cuenta_Nueva,0.9,203,65.0,1.5,No,0
563,301.0,216,@vivianaramirez_ug,X,Transcripción de audio/video,tremendo desorden se armó de la nada anoche y nadie sabe ni qué creer,#KaiEsInocente,,2026-03-15 04:18:46,Anónimo,448.1,1917,61.0,2.5,No,0
564,467.0,15,@ivanbogota,X,Transcripción de audio/video,increíble como en una noche esto se salió de control de verdad,#OjoConEstoKai,,2026-03-15 03:21:03,Anónimo,398.5,843,111.0,2.5,No,0
565,427.0,294,@melissa_,Instagram,Comentario,esto me recuerda a como diez casos parecidos la verdad...,#YoLeCreoAKai #QueDijoKai,,2026-03-15 03:36:17,Cuenta_Nueva,14.6,1198,145.0,2.5,No,1
566,468.0,49,@sebastian98,Instagram,Repost/Cita,yo llevo horas viendo hilos sobre esto en vez de dormir la verdad,,,2026-03-15 04:07:37,Anónimo,,4642,46.0,4.0,No,1
567,238.0,190,@carlosmedinatv,TikTok,Comentario,tremendo desorden se armó de la nada anoche y nadie sabe ni qué creer.,#Cancelado,,2026-03-15 02:23:13,Verificado,1927.5,11752,151.0,3.5,No,0
568,381.0,353,@mvidalteam_304,X,Repost/Cita,"COMPARTAN esto antes de que lo borren, la verdad sobre Kai #CancelenAKai",#CancelenAKai,,2026-03-15 03:25:50,Bot_Sospechoso,2.8,12794,318.0,11.2,No,0
569,564.0,349,@jorgecun,X,Repost/Cita,Yo llevo horas viendo hilos sobre esto en vez de dormir...,#QueDijoKai,,2026-03-15 03:25:35,Cuenta_Nueva,2.2,337,67.0,4.6,No,0
570,,48,@yulianapardo_col,Foro anónimo,Transcripción de audio/video,"esto se puso serio rapidísimo, hace una hora era chisme ya en serio.",#Cancelado #EvaluandoLaSituacion,,2026-03-15 01:37:43,Fan_Antiguo,1261.8,5372,62.0,3.9,No,0
571,364.0,223,@ricardo07,TikTok,Comentario,"para que sepan: la plataforma que usaron para el sorteo es auditable, cualquiera puede revisarla",,,2026-03-15 04:23:57,Fan_Antiguo,1197.3,1391,20.0,2.2,No,3
572,264.0,110,@yuliana,X,Comentario,yo sigo esperando que Kai diga algo de verdad 💀💀,,,2026-03-15 04:13:49,Verificado,1050.4,12050,39.0,0.1,No,0
573,,227,@fabian03,X,Comentario,esto habla más de nosotros como internet que de Kai la verdad y eso que apenas empieza el día,#EvaluandoLaSituacion,,2026-03-15 03:12:59,Anónimo,865.1,645,29.0,3.0,No,0
574,335.0,24,@johanarios34,X,Comentario,yo estaba conectado desde el minuto uno y no vi nada extraño,,,2026-03-15 03:44:52,Fan_Antiguo,30.0,7666,49.0,4.6,No,2
575,571.0,345,@hectorramirez,X,Comentario,"Dato: tengo un conocido que trabajó en la producción, dice que todo estuvo en orden",#EvaluandoLaSituacion,,2026-03-15 04:42:27,Anónimo,12.3,170,26.0,3.6,No,2
576,402.0,90,@carlos_real,X,Comentario,"Que fastidio, otra vez cancelando a alguien sin dejarlo hablar y eso que apenas empieza el día 💀",,,2026-03-15 04:39:08,Fan_Antiguo,30.0,249,10.0,0.6,No,1
577,424.0,338,@cesarsabana,TikTok,Comentario,"dicen que me contaron que alguien del equipo renunció por esto, sin confirmación",,,2026-03-15 03:33:21,Cuenta_Nueva,2.6,970,914.0,9.0,No,0
578,533.0,161,@lauramoreno22,X,Repost/Cita,"cada rato sale un testigo nuevo, esto ya parece novela la verdad",,,2026-03-15 04:47:18,Anónimo,30.0,6893,19.0,0.1,No,1
579,,54,@haroldriosbogota,Instagram,Post original,cada hora aparece un ángulo nuevo de esto sinceramente...,#Cancelado,,2026-03-15 03:01:05,Fan_Antiguo,1270.7,672,25.0,2.7,No,0
580,559.0,73,@lilianarios_00,Instagram,Repost/Cita,no puedo creer lo que está pasando con Kai otra vez,,,2026-03-15 04:39:47,Fan_Antiguo,248.8,8978,27.0,3.6,No,1
581,,322,@angie_oficial,X,Post original,El trending de hoy tenía que ser esto obviamente y cada rato cambia la versión 😳😳,,,2026-03-14 23:56:38,Cuenta_Nueva,6.1,178,59.0,3.1,No,0
582,,212,@sofiaco,Instagram,Comentario,tremendo desorden se armó de la nada anoche de verdad 💀,,,2026-03-15 01:32:38,Fan_Antiguo,597.0,3332,119.0,2.9,No,1
583,305.0,292,@valentinasuarez_real,X,Comentario,"sea cual sea la verdad, la forma en que se está manejando esto es un desastre y eso que apenas empieza el día",#FueraKai #KaiDuarte,,2026-03-15 04:30:10,Anónimo,6.5,446,63.0,1.9,No,0
584,440.0,276,@carlos03,TikTok,Comentario,"yo hacía memes de Kai, ahora no sé ni qué publicar sinceramente 💀💀",,,2026-03-15 05:20:11,Anónimo,10.1,109,69.0,2.4,No,0
585,551.0,258,@cesarlopez98,Foro anónimo,Comentario,yo esperaría el comunicado oficial antes de opinar y cada rato cambia la versión,,,2026-03-15 04:01:50,Cuenta_Nueva,10.1,239,39.0,1.7,No,0
586,551.0,268,@viviana_real,X,Comentario,circula que un tiktok con millones de vistas ya lo dio por hecho,#FueraKai,,2026-03-15 04:14:06,Cuenta_Nueva,10.6,1154,496.0,0.9,No,0
587,359.0,354,@mvidalteam_128,X,Repost/Cita,"no dejen que borren la evidencia, guarden capturas ya #CancelenAKai",#CancelenAKai,,2026-03-15 02:14:27,Bot_Sospechoso,1.9,10228,76.0,22.3,No,0
588,408.0,307,@adrianacun,Instagram,Comentario,"para que sepan: tengo un conocido que trabajó en la producción, dice que todo estuvo en orden",#KaiDuarte #YoLeCreoAKai,,2026-03-15 04:20:02,Cuenta_Nueva,17.8,24,242.0,4.0,No,4
589,,177,@haroldgomez2020,TikTok,Repost/Cita,"cada rato sale un testigo nuevo, esto ya parece novela otra vez 😳",#Cancelado,,2026-03-15 01:43:30,Anónimo,300.7,699,72.0,0.5,No,1
590,538.0,185,@miguelsalazar07,X,Comentario,Dato: nadie de los que participamos notó nada fuera de lo normal esa noche,#YoLeCreoAKai,,2026-03-15 04:12:02,Anónimo,1417.0,3528,526.0,0.1,No,2
591,585.0,262,@oscarpinzon,X,Comentario,posta que un influencer chiquito aseguró que tiene pruebas pero no las ha mostrado,,,2026-03-15 04:12:58,Cuenta_Nueva,0.2,142,121.0,15.0,No,1
592,392.0,188,@santiago22,TikTok,Comentario,"Me acaban de contar que según un grupo de Facebook, esto ya se sabía desde hace meses",,,2026-03-15 04:25:45,Fan_Antiguo,2439.2,194,661.0,3.1,No,0
593,520.0,260,@samuelcun,Foro anónimo,Comentario,"que fastidio, otra vez cancelando a alguien sin dejarlo hablar y las marcas ni se han pronunciado bien...",,,2026-03-15 02:26:04,Cuenta_Nueva,12.4,486,61.0,2.9,No,0
594,545.0,239,@oscarrojascun,TikTok,Repost/Cita,todo el mundo etiquetando a UrbanKrew pidiendo que se pronuncien,#QueDijoKai,NovaVolt,2026-03-15 04:25:27,Anónimo,1224.3,1924,394.0,2.5,No,0
595,226.0,97,@mateoleon_real,X,Repost/Cita,esto habla más de nosotros como internet que de Kai la verdad y cada rato cambia la versión 😭😭,#JusticiaParaKai,,2026-03-15 03:59:01,Verificado,30.0,521,66.0,1.2,No,0
596,407.0,418,@fansdekai_039,X,Comentario,"esa imagen no es nueva, ya circulaba con otro nombre hace tiempo",#JusticiaParaKai,,2026-03-15 04:21:45,Fan_Antiguo,0.0,385,187.0,3.3,No,4
597,519.0,272,@oscarvargas34,TikTok,Comentario,"posta que me contaron que alguien del equipo renunció por esto, sin confirmación",,,2026-03-15 03:33:37,Cuenta_Nueva,8.7,103,160.0,1.4,Sí (idéntico a publicación de 2023 sobre otro creador),0
598,477.0,296,@johanatv,Instagram,Comentario,"honestamente, yo estuve cerca del evento y no noté nada raro esa noche",,,2026-03-15 04:18:55,Cuenta_Nueva,10.5,139,92.0,4.5,No,2
599,344.0,99,@paola07,TikTok,Comentario,esto habla más de nosotros como internet que de Kai la verdad y todavía falta que hable Kai,#QueDijoKai,,2026-03-15 05:18:16,Anónimo,30.0,6228,30.0,0.1,No,0
600,,62,@tomas_,X,Transcripción de audio/video,"Yo hacía memes de Kai, ahora no sé ni qué publicar y todavía falta que hable Kai",#KaiMentiroso,,2026-03-15 01:16:24,Anónimo,1442.6,3056,137.0,0.8,No,0
601,523.0,62,@tomas_,Instagram,Comentario,yo creo que seguridad del evento confirmó que hubo varios testigos presentes,,,2026-03-15 03:48:53,Anónimo,1442.6,3056,82.0,3.0,No,2
602,533.0,249,@daniela15,X,Comentario,"yo creo que conozco a alguien que ganó un sorteo anterior de Kai, todo fue legal",#QueDijoKai,,2026-03-15 04:21:43,Anónimo,1073.8,27330,948.0,5.4,No,0
603,422.0,65,@miguelgomez98,TikTok,Comentario,"me acaban de contar que me contaron que alguien del equipo renunció por esto, sin confirmación",#QueDijoKai,,2026-03-15 04:31:33,Verificado,736.6,556,561.0,9.9,No,1
604,498.0,290,@haroldbogota,X,Comentario,La cantidad de cuentas nuevas comentando esto me da mala espina de verdad,#Cancelado,,2026-03-15 05:12:31,Anónimo,8.1,277,99.0,0.7,No,0
605,446.0,349,@jorgecun,TikTok,Comentario,honestamente ya perdí la cuenta de cuántas pruebas van y todavía falta que hable Kai.,,,2026-03-15 05:22:41,Cuenta_Nueva,2.2,337,140.0,1.4,No,0
606,536.0,146,@kevinmoreno2020,Instagram,Comentario,"dicen que me contaron que alguien del equipo renunció por esto, sin confirmación",,,2026-03-15 04:36:57,Fan_Antiguo,632.8,8319,279.0,18.7,No,0
607,428.0,159,@sebastiantv,X,Repost/Cita,"Que oso si es verdad, y que oso si no lo es ya en serio...",,,2026-03-15 04:06:25,Verificado,878.4,281,35.0,0.4,No,0
608,285.0,264,@monica2020,X,Comentario,Mis amigas y yo llevamos toda la noche hablando de esto sin exagerar 🤔🤔,,,2026-03-15 04:02:26,Cuenta_Nueva,19.1,11,100.0,0.6,No,1
609,594.0,276,@carlos03,Instagram,Comentario,ojo con esto: supuestamente el ganador real habló pero borró el mensaje rapidísimo,#KaiMentiroso #CancelenAKai,,2026-03-15 04:33:10,Anónimo,10.1,109,69.0,16.2,Sí (idéntico a publicación de 2023 sobre otro creador),0
610,388.0,411,@fansdekai_135,TikTok,Comentario,"eso que están pasando como prueba nueva es de un caso viejo, no es de ahora",#JusticiaParaKai,,2026-03-15 04:51:40,Anónimo,438.7,1428,144.0,10.7,No,1
611,451.0,336,@juan_ug,TikTok,Comentario,posta que circula el rumor de que hay más pruebas guardadas para después,#FueraKai #CancelenAKai,,2026-03-15 04:25:20,Cuenta_Nueva,15.1,127,740.0,0.1,Sí (idéntico a publicación de 2023 sobre otro creador),0
612,490.0,111,@johana07,TikTok,Comentario,dicen que alguien juró que tiene capturas del chat privado pero nunca las publicó,,,2026-03-15 03:47:34,Anónimo,2802.4,5405,1115.0,4.6,No,1
613,448.0,358,@apoyomateo_927,X,Repost/Cita,"KAI ES CULPABLE, ya hay pruebas, no lo defiendan más #CancelenAKai",#CancelenAKai,,2026-03-15 03:05:30,Bot_Sospechoso,1.9,6389,190.0,24.1,No,0
614,503.0,315,@tomasperezbogota,X,Comentario,"  ojo con esto: me contaron que alguien del equipo renunció por esto, sin confirmación   ",#KaiMentiroso,,2026-03-15 04:27:56,Cuenta_Nueva,0.0,32,2187.0,10.8,No,1
615,,42,@natalia03,TikTok,Post original,honestamente ya perdí la cuenta de cuántas pruebas van y las marcas ni se han pronunciado bien...,#CancelenAKai,,2026-03-15 02:01:49,Anónimo,642.8,13959,239.0,2.1,No,0
616,379.0,200,@sofiasuarez_oficial,TikTok,Comentario,"que oso si es verdad, y que oso si no lo es.",#Cancelado,,2026-03-15 04:28:29,Anónimo,1916.5,2891,75.0,1.9,No,1
617,,96,@claudia_oficial,X,Comentario,"todo mundo subiendo teorías, nadie subiendo pruebas y cada rato cambia la versión",#QueDijoKai,,2026-03-15 01:18:15,Verificado,30.0,2448,138.0,0.1,No,0
618,,335,@manuelapinzon,TikTok,Comentario,esto va a ser tendencia todo el día seguro ya en serio,,,2026-03-15 03:07:46,Cuenta_Nueva,7.0,106,111.0,1.4,No,1
619,473.0,239,@oscarrojascun,TikTok,Transcripción de audio/video,Dejen a la gente en paz hasta que se sepa la verdad y cada rato cambia la versión,,,2026-03-15 04:13:14,Anónimo,1224.3,1924,41.0,2.8,No,0
620,353.0,97,@mateoleon_real,Foro anónimo,Comentario,Tremendo desorden se armó de la nada anoche de verdad 😳😳,#Cancelado #KaiDuarte,,2026-03-15 04:31:32,Verificado,30.0,521,68.0,0.1,No,1
621,165.0,188,@santiago22,X,Transcripción de audio/video,yo sigo esperando que Kai diga algo.,#KaiDuarte #EvaluandoLaSituacion,,2026-03-15 04:37:47,Fan_Antiguo,2439.2,194,59.0,1.5,No,0
622,270.0,192,@nataliacardenas15,TikTok,Comentario,"PulsoTech lleva media hora sin responder nada, mal ahí",#KaiDuarte,PulsoTech,2026-03-15 04:03:05,Anónimo,517.2,179,13.0,1.7,No,0
623,,82,@kevincardenas2020,X,Descripción de captura,"que fastidio, otra vez cancelando a alguien sin dejarlo hablar y cada rato cambia la versión",,,2026-03-15 03:09:12,Verificado,468.4,4255,28.0,2.0,No,0
624,596.0,409,@fansdekai_482,X,Comentario,el historial de Kai con sus sorteos ha sido limpio siempre,#JusticiaParaKai,,2026-03-15 04:24:55,Cuenta_Nueva,0.0,604,236.0,10.2,No,2
625,388.0,123,@liliananinoco,TikTok,Repost/Cita,dejen a la gente en paz hasta que se sepa la verdad ya en serio,#QueDijoKai #CancelenAKai,,2026-03-15 04:36:06,Anónimo,1093.5,4896,64.0,1.1,No,0
626,435.0,342,@kevin_00,X,Comentario,"posta que vi un live reaccionando que desmontó todo, aunque no lo vi completo",,,2026-03-15 04:17:03,Cuenta_Nueva,18.5,10457,253.0,13.7,Sí (idéntico a publicación de 2023 sobre otro creador),1
627,557.0,194,@cesar_ug,Foro anónimo,Repost/Cita,"cada rato sale un testigo nuevo, esto ya parece novela y eso que apenas empieza el día",#KaiDuarte,,2026-03-15 04:15:02,Anónimo,560.4,1122,267.0,0.1,No,0
628,332.0,90,@carlos_real,Instagram,Transcripción de audio/video,clásico: pasa algo de madrugada y para el mediodía ya todos tienen opinión la verdad,#VerificaAntesDeCompartir #OjoConEstoKai,,2026-03-15 04:23:37,Fan_Antiguo,30.0,249,69.0,3.2,No,0
629,509.0,310,@lilianacardenas_real,Instagram,Comentario,"que oso si es verdad, y que oso si no lo es la verdad.",,,2026-03-15 02:09:59,Anónimo,13.7,85,112.0,2.9,No,0
630,527.0,57,@tatianacun,Instagram,Comentario,"circula que me contaron que alguien del equipo renunció por esto, sin confirmación",#FueraKai #QueDijoKai,,2026-03-15 05:38:50,Fan_Antiguo,1900.8,2479,1662.0,2.2,No,1
631,442.0,353,@mvidalteam_304,TikTok,Repost/Cita,"no dejen que borren la evidencia, guarden capturas ya #CancelenAKai",#CancelenAKai,,2026-03-15 02:49:24,Bot_Sospechoso,2.8,12794,,29.6,No,0
632,624.0,406,@porsiempreKai_824,TikTok,Comentario,"esas capturas ya las vi hace años en otro escándalo, esto es reciclado",#JusticiaParaKai,,2026-03-15 04:27:46,Anónimo,0.0,1311,101.0,0.1,No,2
633,626.0,320,@yuliana22,Instagram,Comentario,posta que alguien juró que tiene capturas del chat privado pero nunca las publicó,,,2026-03-15 04:19:54,Cuenta_Nueva,18.5,191,146.0,17.1,No,1
634,572.0,335,@manuelapinzon,TikTok,Comentario,increíble como en una noche esto se salió de control la verdad,#Cancelado,,2026-03-15 04:34:59,Cuenta_Nueva,7.0,106,33.0,0.1,No,0
635,517.0,74,@samuel_col,X,Comentario,"honestamente, la plataforma que usaron para el sorteo es auditable, cualquiera puede revisarla",,,2026-03-15 04:55:10,Verificado,2095.2,7866,98.0,2.9,No,2
636,601.0,314,@esteban_uni,Instagram,Comentario,actualización: el ganador de mi ciudad sí recibió el premio sin ningún inconveniente,#KaiDuarte,,2026-03-15 03:54:56,Anónimo,4.7,256,617.0,8.5,No,7
637,517.0,83,@luisa_ug,TikTok,Comentario,"para que sepan: seguí el proceso desde el chat en vivo, a mí se vio transparente",#EvaluandoLaSituacion #Cancelado,,2026-03-15 04:59:15,Fan_Antiguo,1570.9,988,52.0,3.6,No,4
638,322.0,85,@antonia_real,Instagram,Comentario,Dejen a la gente en paz hasta que se sepa la verdad de verdad,,,2026-03-15 04:29:32,Verificado,583.1,465,24.0,0.1,No,0
639,342.0,144,@carolinapinzon34,TikTok,Comentario,@PulsoTech ustedes ya sabían de esto o no? necesitamos que hablen,,PulsoTech,2026-03-15 03:57:13,Fan_Antiguo,61.0,2900,70.0,2.5,No,0
640,518.0,39,@tatiana15,Foro anónimo,Repost/Cita,la cantidad de cuentas nuevas comentando esto me da mala espina sinceramente,,,2026-03-15 04:07:52,Anónimo,1660.6,1149,162.0,1.6,No,0
641,530.0,295,@kevin15,Foro anónimo,Comentario,posta que supuestamente el ganador real habló pero borró el mensaje rapidísimo,#KaiMentiroso #Cancelado,,2026-03-15 04:32:05,Anónimo,22.8,699,206.0,10.3,No,0
642,503.0,29,@antonia34,Foro anónimo,Comentario,cada hora aparece un ángulo nuevo de esto sin exagerar...,#EvaluandoLaSituacion #CancelenAKai,,2026-03-15 05:15:14,Verificado,1009.1,48489,57.0,2.3,No,0
643,437.0,85,@antonia_real,TikTok,Comentario,"cada rato sale un testigo nuevo, esto ya parece novela y eso que apenas empieza el día...",#Cancelado,,2026-03-15 03:13:25,Verificado,583.1,465,57.0,0.7,No,0
644,327.0,318,@angie03,X,Comentario,circula el rumor de que hay más pruebas guardadas para después,#EvaluandoLaSituacion,,2026-03-15 04:36:03,Cuenta_Nueva,,180,756.0,4.0,Sí (idéntico a publicación de 2023 sobre otro creador),1
645,398.0,343,@angie07,TikTok,Comentario,yo esperaría el comunicado oficial antes de opinar y nadie sabe ni qué creer,,,2026-03-15 03:08:30,Cuenta_Nueva,21.7,613,171.0,1.7,No,0
646,431.0,277,@yesidcastro,X,Descripción de captura,"que oso si es verdad, y que oso si no lo es la verdad 😭😭",,,2026-03-15 05:30:19,Anónimo,23.9,374,49.0,3.5,No,0
647,571.0,86,@saralopez34,Instagram,Comentario,para que sepan: yo estaba conectado desde el minuto uno y no vi nada extraño,,,2026-03-15 04:31:10,Verificado,749.9,14859,113.0,1.7,No,1
648,647.0,74,@samuel_col,TikTok,Comentario,"actualización: tengo un conocido que trabajó en la producción, dice que todo estuvo en orden",#JusticiaParaKai,,2026-03-15 04:35:30,Verificado,2095.2,7866,92.0,2.7,No,2
649,,304,@adrianariostv,Instagram,Comentario,"vi que NovaVolt sacó un comunicado, muy tibio la verdad",#Cancelado,UrbanKrew,2026-03-14 23:52:38,Cuenta_Nueva,13.2,764,89.0,2.3,No,1
650,454.0,256,@brayan15,X,Comentario,Actualización: un conocido trabaja en el canal y dice que ahí todo queda respaldado,,,2026-03-15 04:24:14,Anónimo,2.1,19,348.0,7.2,No,3
651,602.0,329,@monica34,Foro anónimo,Comentario,actualización: nadie de los que participamos notó nada fuera de lo normal esa noche,#JusticiaParaKai,,2026-03-15 04:26:54,Cuenta_Nueva,19.9,548,201.0,0.1,No,1
652,445.0,270,@julianacardenas34,X,Comentario,"dicen que me contaron que alguien del equipo renunció por esto, sin confirmación",#QueDijoKai,,2026-03-15 05:38:07,Cuenta_Nueva,0.0,1657,480.0,16.5,Sí (idéntico a publicación de 2023 sobre otro creador),1
653,397.0,139,@gabrielanino_real,TikTok,Comentario,tremendo desorden se armó de la nada anoche otra vez,#Cancelado #KaiDuarte,,2026-03-15 04:08:28,Anónimo,2428.8,1858,10.0,0.1,No,0
654,571.0,306,@carloslopez_col,X,Comentario,"la marca ya se está lavando las manos, típico",,,2026-03-15 04:32:19,Anónimo,13.2,420,6.0,1.3,No,0
655,559.0,226,@camilasuarezbogota,TikTok,Repost/Cita,en mi casa no se habla de otra cosa desde anoche,,,2026-03-15 04:59:22,Fan_Antiguo,1132.7,446,17.0,1.6,No,0
656,628.0,71,@luisatv,X,Comentario,"honestamente, tengo un conocido que trabajó en la producción, dice que todo estuvo en orden",,,2026-03-15 04:25:35,Anónimo,2238.0,4432,117.0,4.8,No,1
657,387.0,77,@alejandrorojas_11,Instagram,Comentario,mis amigas y yo llevamos toda la noche hablando de esto y nadie sabe ni qué creer...,#QueDijoKai,,2026-03-15 04:05:15,Anónimo,284.9,995,14.0,2.1,No,0
658,606.0,314,@esteban_uni,X,Comentario,me acaban de contar que dicen que hay un audio filtrado completo pero nadie lo ha mostrado,#KaiDuarte #KaiMentiroso,,2026-03-15 04:37:58,Anónimo,4.7,256,685.0,17.8,No,0
659,526.0,181,@adrianagomez99,TikTok,Repost/Cita,dejen a la gente en paz hasta que se sepa la verdad y eso que apenas empieza el día...,#EvaluandoLaSituacion,,2026-03-15 03:06:27,Anónimo,519.8,405,69.0,0.1,No,0
660,646.0,343,@angie07,X,Comentario,dicen que una cuenta que no conozco subió una captura que supuestamente confirma todo,#FueraKai #EvaluandoLaSituacion,,2026-03-15 05:41:33,Cuenta_Nueva,21.7,613,117.0,9.4,No,1
661,,287,@lilianax,TikTok,Comentario,UrbanKrew debería esperar los resultados antes de tomar una decisión así de grande,#KaiDuarte,PulsoTech,2026-03-15 01:37:48,Cuenta_Nueva,20.0,280,31.0,3.9,No,1
662,,203,@danielaperez2020,Foro anónimo,Repost/Cita,ya perdí la cuenta de cuántos hilos van sobre esto y todavía falta que hable Kai.,,,2026-03-15 03:11:16,Verificado,30.0,3012,75.0,3.8,No,0
663,637.0,289,@gabrielarojas,X,Comentario,"para que sepan: seguí el proceso desde el chat en vivo, a mí se vio transparente",,,2026-03-15 05:07:11,Cuenta_Nueva,0.0,2339,357.0,2.4,No,4
664,501.0,210,@oscarleon_ug,Foro anónimo,Repost/Cita,la cantidad de cuentas nuevas comentando esto me da mala espina ya en serio,,,2026-03-15 02:42:11,Fan_Antiguo,1298.5,4703,115.0,2.8,No,0
665,476.0,227,@fabian03,Instagram,Comentario,esto se siente exactamente igual a lo del año pasado con otro streamer sin exagerar 😭,#JusticiaParaKai #QueDijoKai,,2026-03-15 04:27:04,Anónimo,865.1,645,73.0,4.2,No,0
666,,245,@ricardoleonbogota,X,Comentario,yo sigo esperando que Kai diga algo ya en serio,#Cancelado #QueDijoKai,,2026-03-15 02:31:27,Fan_Antiguo,1107.8,45900,36.0,4.5,No,0
667,654.0,34,@valentina07,X,Comentario,"PulsoTech lleva media hora sin responder nada, mal ahí",,PulsoTech,2026-03-15 04:33:16,Anónimo,753.6,762,37.0,0.6,No,0
668,244.0,325,@felipe98,X,Comentario,En mi casa no se habla de otra cosa desde anoche y nadie sabe ni qué creer.,#QueDijoKai,,2026-03-15 02:55:19,Anónimo,4.6,84,109.0,0.9,No,1
669,499.0,383,@despiertaya_138,TikTok,Repost/Cita,"confirmado, Kai amañó el sorteo, pasen la voz #CancelenAKai",#CancelenAKai,,2026-03-15 03:32:17,Bot_Sospechoso,0.4,34510,148.0,21.0,No,0
670,,172,@camilacruz07,Instagram,Comentario,la cantidad de cuentas nuevas comentando esto me da mala espina de verdad...,#KaiDuarte,,2026-03-15 00:39:19,Verificado,647.4,4253,42.0,1.2,No,0
671,652.0,175,@johanasabana,Instagram,Comentario,Dejen a la gente en paz hasta que se sepa la verdad otra vez,#FueraKai #CancelenAKai,,2026-03-15 05:41:06,Verificado,1901.9,982,9.0,1.3,No,0
672,566.0,231,@hectorcun,Foro anónimo,Descripción de captura,cada hora aparece un ángulo nuevo de esto de verdad,,,2026-03-15 04:18:58,Verificado,30.0,2665,94.0,2.4,No,0
673,,149,@paola,Instagram,Comentario,"que fastidio, otra vez cancelando a alguien sin dejarlo hablar de verdad...",#QueDijoKai,,2026-03-15 03:09:57,Fan_Antiguo,890.2,6350,251.0,3.1,No,0
674,637.0,211,@sebastian03,TikTok,Comentario,"La plataforma que usaron para el sorteo es auditable, cualquiera puede revisarla",,,2026-03-15 05:12:58,Fan_Antiguo,30.0,2710,1359.0,3.9,No,3
675,626.0,60,@alejandropinzon99,TikTok,Repost/Cita,si esto no se aclara hoy se va a armar una novela de meses otra vez.,#YoLeCreoAKai,,2026-03-15 04:24:29,Anónimo,1712.2,2331,39.0,0.2,No,0
676,487.0,341,@manuelaortizsabana,X,Comentario,"a mi me da igual, no sigo a Kai pero el trending me tiene aquí leyendo y todavía falta que hable Kai 😳😳",#EvaluandoLaSituacion,,2026-03-15 04:56:26,Cuenta_Nueva,11.3,220,352.0,0.1,No,1
677,633.0,293,@sara_ug,TikTok,Comentario,"dicen que me llegó por WhatsApp que Kai sí arregló todo, no tengo la fuente original",#QueDijoKai,,2026-03-15 04:23:43,Anónimo,10.3,1071,2324.0,4.4,No,1
678,601.0,126,@sebastianalarconco,X,Comentario,cada hora aparece un ángulo nuevo de esto y nadie sabe ni qué creer,#FueraKai,,2026-03-15 04:02:28,Fan_Antiguo,142.0,1077,25.0,0.1,No,0
679,,322,@angie_oficial,Instagram,Comentario,dejen a la gente en paz hasta que se sepa la verdad sinceramente.,,,2026-03-15 01:18:26,Cuenta_Nueva,6.1,178,55.0,3.1,No,0
680,626.0,307,@adrianacun,X,Comentario,Dicen que hay un audio filtrado completo pero nadie lo ha mostrado,,,2026-03-15 04:21:40,Cuenta_Nueva,17.8,24,723.0,7.2,No,1
681,605.0,129,@isabellabogota,X,Comentario,el que suba a defenderlo sin pruebas también me da desconfianza ya en serio.,#KaiDuarte,,2026-03-15 05:26:10,Fan_Antiguo,470.7,1846,67.0,0.1,No,0
682,,334,@juliana,Instagram,Descripción de captura,el que suba a defenderlo sin pruebas también me da desconfianza ya en serio,,,2026-03-15 02:01:11,Cuenta_Nueva,0.9,203,43.0,4.9,No,0
683,325.0,141,@carloscardenasx,X,Comentario,no había visto esta cantidad de gente opinando de algo en meses,#Cancelado,,2026-03-15 03:26:04,Fan_Antiguo,1245.7,605,106.0,3.2,No,1
684,399.0,1,@yulianaramirez_col,X,Repost/Cita,"sea cual sea la verdad, la forma en que se está manejando esto es un desastre y eso que apenas empieza el día.",#QueDijoKai #Cancelado,,2026-03-15 04:47:22,Fan_Antiguo,30.0,11529,60.0,0.5,No,1
685,280.0,46,@david,Instagram,Descripción de captura,"cada rato sale un testigo nuevo, esto ya parece novela y todavía falta que hable Kai",#KaiMentiroso,,2026-03-15 04:30:25,Fan_Antiguo,1595.0,587,110.0,1.6,No,0
686,587.0,351,@noloocultes_349,X,Repost/Cita,"confirmado, Kai amañó el sorteo, pasen la voz #CancelenAKai",#CancelenAKai,,2026-03-15 03:08:09,Bot_Sospechoso,1.1,21880,258.0,19.5,No,0
687,586.0,337,@antoniaperez99,X,Comentario,Posta que alguien juró que tiene capturas del chat privado pero nunca las publicó,#QueDijoKai #EvaluandoLaSituacion,,2026-03-15 04:18:23,Cuenta_Nueva,4.0,172,358.0,13.2,Sí (idéntico a publicación de 2023 sobre otro creador),1
688,471.0,183,@paula_00,Foro anónimo,Repost/Cita,todo el mundo etiquetando a NovaVolt pidiendo que se pronuncien,#KaiDuarte,NovaVolt,2026-03-15 03:43:34,Fan_Antiguo,1199.9,53184,31.0,4.1,No,1
689,652.0,22,@karenpinzon_,X,Repost/Cita,esto va a ser tendencia todo el día seguro sin exagerar,#FakeNews,,2026-03-15 05:42:08,Anónimo,2028.6,20256,29.0,2.6,No,1
690,633.0,30,@luisa15,X,Comentario,esto habla más de nosotros como internet que de Kai la verdad y eso que apenas empieza el día,,,2026-03-15 04:30:51,Fan_Antiguo,1581.7,3787,71.0,0.1,No,0
691,279.0,258,@cesarlopez98,X,Comentario,Yo llevo horas viendo hilos sobre esto en vez de dormir y cada rato cambia la versión,#JusticiaParaKai #Cancelado,,2026-03-15 04:50:59,Cuenta_Nueva,10.1,239,29.0,3.2,No,0
692,591.0,254,@nicolasperez_uni,X,Comentario,"yo hacía memes de Kai, ahora no sé ni qué publicar la verdad",#KaiDuarte,,2026-03-15 04:17:43,Verificado,1272.7,8096,25.0,2.4,No,1
693,528.0,81,@nicolassalazar_col,X,Comentario,dejen a la gente en paz hasta que se sepa la verdad y eso que apenas empieza el día 😭😭,#EvaluandoLaSituacion,,2026-03-15 04:40:21,Anónimo,91.6,76,118.0,1.5,No,0
694,639.0,204,@esteban03,X,Comentario,para que sepan: nadie de los que participamos notó nada fuera de lo normal esa noche,,,2026-03-15 04:11:49,Verificado,1936.3,6350,42.0,0.2,No,0
695,674.0,208,@diegoco,TikTok,Comentario,"honestamente, yo estaba conectado desde el minuto uno y no vi nada extraño",#QueDijoKai #JusticiaParaKai,,2026-03-15 05:15:22,Fan_Antiguo,2705.8,6040,32.0,4.1,No,0
696,646.0,56,@viviana_uni,Instagram,Comentario,ya perdí la cuenta de cuántos hilos van sobre esto y nadie sabe ni qué creer,,,2026-03-15 05:33:11,Fan_Antiguo,1184.2,4271,33.0,0.1,No,0
697,598.0,416,@teamkai_969,TikTok,Comentario,"esas capturas ya las vi hace años en otro escándalo, esto es reciclado",#JusticiaParaKai,,2026-03-15 04:28:11,Anónimo,334.0,265,197.0,12.1,No,0
698,627.0,103,@harold98,X,Descripción de captura,"cada rato sale un testigo nuevo, esto ya parece novela sin exagerar 🤔",#Cancelado,,2026-03-15 04:20:03,Fan_Antiguo,421.2,854,91.0,0.1,No,0
699,,71,@luisatv,X,Post original,"sea cual sea la verdad, la forma en que se está manejando esto es un desastre y eso que apenas empieza el día 😳😳",,,2026-03-15 03:50:03,Anónimo,2238.0,4432,43.0,3.6,No,0
700,,208,@diegoco,Instagram,Post original,dejen a la gente en paz hasta que se sepa la verdad.,,,2026-03-15 04:08:49,Fan_Antiguo,2705.8,6040,74.0,0.1,No,0
701,359.0,303,@melissa2020,TikTok,Comentario,me acaban de contar que circula una lista de pruebas pero ninguna se puede verificar bien,,,2026-03-15 03:30:07,Anónimo,12.1,971,288.0,1.5,Sí (idéntico a publicación de 2023 sobre otro creador),0
702,466.0,159,@sebastiantv,X,Repost/Cita,esto va a ser tendencia todo el día seguro y eso que apenas empieza el día...,#FueraKai #Cancelado,,2026-03-15 03:37:31,Verificado,878.4,281,54.0,1.4,No,1
703,623.0,345,@hectorramirez,Instagram,Repost/Cita,en mi casa no se habla de otra cosa desde anoche sinceramente 🤔,#Cancelado,,2026-03-15 03:10:36,Anónimo,12.3,170,74.0,1.6,No,0
704,559.0,154,@miguelcardenascun,X,Comentario,"sea cual sea la verdad, la forma en que se está manejando esto es un desastre y todavía falta que hable Kai",#KaiDuarte,,2026-03-15 04:40:08,Fan_Antiguo,791.9,3144,17.0,0.4,No,1
705,622.0,179,@hector15,TikTok,Comentario,esto se siente exactamente igual a lo del año pasado con otro streamer ya en serio,,,2026-03-15 04:09:38,Anónimo,1917.0,11210,144.0,0.1,No,2
706,,339,@vivianatv,TikTok,Repost/Cita,mis amigas y yo llevamos toda la noche hablando de esto otra vez,#FakeNews,,2026-03-15 01:16:08,Anónimo,0.1,521,161.0,3.0,No,0
707,598.0,103,@harold98,Instagram,Comentario,"honestamente, yo estuve cerca del evento y no noté nada raro esa noche",,,2026-03-15 04:26:09,Fan_Antiguo,421.2,854,43.0,0.7,No,5
708,407.0,393,@kaisquad_426,TikTok,Comentario,"nadie ha mostrado una prueba real, todo son capturas sin verificar",#JusticiaParaKai,,2026-03-15 04:33:51,Anónimo,671.8,889,78.0,11.8,No,0
709,301.0,190,@carlosmedinatv,X,Comentario,en mi casa no se habla de otra cosa desde anoche de verdad...,#EvaluandoLaSituacion #FueraKai,,2026-03-15 04:08:02,Verificado,1927.5,11752,49.0,0.1,No,0
710,445.0,388,@despiertaya_820,X,Repost/Cita,"confirmado, Kai amañó el sorteo, pasen la voz #CancelenAKai",#CancelenAKai,,2026-03-15 05:10:10,Bot_Sospechoso,1.3,11277,40.0,12.9,No,0
711,540.0,183,@paula_00,X,Comentario,todo el mundo etiquetando a PulsoTech pidiendo que se pronuncien,#Cancelado #EvaluandoLaSituacion,PulsoTech,2026-03-15 05:04:34,Fan_Antiguo,1199.9,53184,37.0,3.8,No,0
712,663.0,75,@cristianmedina_,X,Comentario,"cada quien cree lo que quiere creer, ya nadie mira pruebas sinceramente 😭",,,2026-03-15 05:09:29,Fan_Antiguo,30.0,58934,227.0,2.7,No,0
713,481.0,190,@carlosmedinatv,Foro anónimo,Comentario,honestamente ya perdí la cuenta de cuántas pruebas van,#QueDijoKai,,2026-03-15 04:32:41,Verificado,1927.5,11752,463.0,2.1,No,0
714,601.0,123,@liliananinoco,TikTok,Comentario,yo vine a leer los comentarios que siempre son mejores que la noticia sin exagerar,,,2026-03-15 04:05:01,Anónimo,1093.5,4896,43.0,5.3,No,0
715,,444,@VerificaYA_Co,X,Post original,"El patrón de creación de cuentas alrededor de este tema es atípico, seguimos documentando.",#VerificaAntesDeCompartir,,2026-03-15 02:07:37,Verificado,1600.0,90000,,4.6,No,1
716,624.0,232,@fabianleon,X,Comentario,yo llevo horas viendo hilos sobre esto en vez de dormir y todavía falta que hable Kai,#Cancelado,,2026-03-15 04:35:36,Anónimo,1212.4,8191,89.0,3.9,No,0
717,476.0,428,@kaisquad_528,TikTok,Comentario,"en ningún sorteo anterior de Kai hubo una queja así, raro que ahora sí",#JusticiaParaKai,,2026-03-15 04:33:50,Cuenta_Nueva,1253.1,5202,144.0,4.2,No,1
718,542.0,8,@sara07,X,Comentario,"que oso si es verdad, y que oso si no lo es la verdad",,,2026-03-15 01:30:53,Verificado,1779.8,696,62.0,2.6,No,0
719,450.0,81,@nicolassalazar_col,X,Comentario,"a mi me da igual, no sigo a Kai pero el trending me tiene aquí leyendo sin exagerar",,,2026-03-15 04:23:13,Anónimo,91.6,76,29.0,2.2,No,0
720,448.0,318,@angie03,X,Comentario,circula una lista de pruebas pero ninguna se puede verificar bien,#FueraKai,,2026-03-15 03:08:39,Cuenta_Nueva,9.1,180,1681.0,11.1,Posible (similar a una publicación anterior),0
721,,170,@claudiaortiz_00,TikTok,Comentario,yo sigo esperando que Kai diga algo sinceramente,#QueDijoKai #CancelenAKai,,2026-03-15 03:17:33,Anónimo,1323.5,1493,145.0,0.1,No,0
722,677.0,325,@felipe98,TikTok,Comentario,yo vine a leer los comentarios que siempre son mejores que la noticia la verdad,#EvaluandoLaSituacion #KaiDuarte,,2026-03-15 04:30:08,Anónimo,4.6,84,28.0,1.1,No,1
723,616.0,313,@felipesalazar03,Instagram,Comentario,"la marca ya se está lavando las manos, típico y cada rato cambia la versión",,,2026-03-15 04:49:14,Anónimo,0.6,52,22.0,2.4,No,0
724,453.0,216,@vivianaramirez_ug,X,Comentario,la gente ya no espera pruebas para cancelar a nadie y nadie sabe ni qué creer,#VerificaAntesDeCompartir,,2026-03-15 04:24:37,Anónimo,448.1,1917,16.0,0.1,No,0
725,533.0,291,@alejandrolopez2020,Instagram,Comentario,alguien juró que tiene capturas del chat privado pero nunca las publicó,,,2026-03-15 04:24:24,Cuenta_Nueva,7.1,2281,133.0,8.4,No,0
726,,292,@valentinasuarez_real,X,Comentario,esto va a ser tendencia todo el día seguro 😳,,,2026-03-15 04:06:29,Anónimo,6.5,446,38.0,0.1,No,0
727,428.0,198,@kevincastro03,TikTok,Repost/Cita,si NovaVolt no rompe el contrato hoy yo dejo de comprarles,#KaiMentiroso,NovaVolt,2026-03-15 04:06:07,Fan_Antiguo,30.0,1746,74.0,2.7,No,2
728,590.0,101,@jorgesalazarbogota,X,Comentario,esto se siente exactamente igual a lo del año pasado con otro streamer,,,2026-03-15 04:16:24,Fan_Antiguo,2121.2,2922,54.0,2.6,No,0
729,614.0,82,@kevincardenas2020,X,Comentario,una cuenta que no conozco subió una captura que supuestamente confirma todo,,,2026-03-15 04:33:45,Verificado,468.4,4255,409.0,3.9,No,1
730,684.0,177,@haroldgomez2020,Foro anónimo,Comentario,yo sigo esperando que Kai diga algo y las marcas ni se han pronunciado bien,#QueDijoKai #FueraKai,,2026-03-15 05:25:35,Anónimo,300.7,699,124.0,2.6,No,0
731,469.0,82,@kevincardenas2020,Instagram,Comentario,"que fastidio, otra vez cancelando a alguien sin dejarlo hablar otra vez.",#KaiDuarte,,2026-03-15 04:24:23,Verificado,468.4,4255,106.0,1.5,No,1
732,616.0,288,@monicatv,Instagram,Comentario,"me contaron que alguien del equipo renunció por esto, sin confirmación",#KaiMentiroso #KaiDuarte,,2026-03-15 04:30:33,Anónimo,7.2,413,,4.3,Sí (idéntico a publicación de 2023 sobre otro creador),1
733,591.0,235,@ricardo98,Instagram,Descripción de captura,yo llevo horas viendo hilos sobre esto en vez de dormir y eso que apenas empieza el día,,,2026-03-15 04:20:17,Fan_Antiguo,1284.4,3028,68.0,0.8,No,0
734,587.0,297,@jhon_real,X,Comentario,dicen que hay un audio filtrado completo pero nadie lo ha mostrado,,,2026-03-15 02:21:21,Cuenta_Nueva,0.0,57,392.0,12.0,Sí (idéntico a publicación de 2023 sobre otro creador),0
735,652.0,187,@kevingomez03,Instagram,Comentario,"ojo con esto: según un grupo de Facebook, esto ya se sabía desde hace meses",#FueraKai #Cancelado,,2026-03-15 05:51:11,Fan_Antiguo,454.0,24484,2280.0,13.3,No,1
736,614.0,262,@oscarpinzon,X,Comentario,ojo con esto: supuestamente el ganador real habló pero borró el mensaje rapidísimo,#Cancelado,,2026-03-15 04:39:02,Cuenta_Nueva,0.2,142,287.0,6.0,No,0
737,580.0,156,@wilson_uni,X,Comentario,para que sepan: revisé el reglamento público del sorteo y coincide con lo que se hizo,#EvaluandoLaSituacion #KaiDuarte,,2026-03-15 04:50:36,Anónimo,540.8,1025,419.0,2.4,No,3
738,639.0,163,@felipeleon_col,X,Repost/Cita,yo llevo horas viendo hilos sobre esto en vez de dormir y eso que apenas empieza el día 🤔,#QueDijoKai #KaiDuarte,,2026-03-15 04:01:54,Fan_Antiguo,1225.3,7999,94.0,0.1,No,1
739,621.0,98,@marialeon_col,X,Comentario,Yo llevo horas viendo hilos sobre esto en vez de dormir sinceramente,,,2026-03-15 04:41:23,Fan_Antiguo,1483.0,14224,19.0,0.1,No,0
740,577.0,276,@carlos03,TikTok,Comentario,Posta que circula el rumor de que hay más pruebas guardadas para después,,,2026-03-15 03:49:02,Anónimo,10.1,109,421.0,9.8,No,1
741,646.0,125,@jorge15,TikTok,Transcripción de audio/video,  cada hora aparece un ángulo nuevo de esto y las marcas ni se han pronunciado bien   ,#VerificaAntesDeCompartir #QueDijoKai,,2026-03-15 05:31:55,Anónimo,30.0,724,63.0,5.3,No,2
742,647.0,54,@haroldriosbogota,X,Comentario,la gente ya no espera pruebas para cancelar a nadie y cada rato cambia la versión,,,2026-03-15 04:32:53,Fan_Antiguo,1270.7,672,232.0,2.0,No,1
743,686.0,356,@noloocultes_564,TikTok,Repost/Cita,"KAI ES CULPABLE, ya hay pruebas, no lo defiendan más #CancelenAKai",#CancelenAKai,,2026-03-15 03:30:25,Bot_Sospechoso,0.4,14531,140.0,18.7,No,0
744,644.0,93,@julianasabana,X,Comentario,dicen que una cuenta que no conozco subió una captura que supuestamente confirma todo,#CancelenAKai,,2026-03-15 04:43:56,Verificado,776.3,2783,1161.0,0.1,No,0
745,,47,@felipex,Instagram,Comentario,"cada rato sale un testigo nuevo, esto ya parece novela y nadie sabe ni qué creer",#KaiEsInocente #Cancelado,,2026-03-15 02:51:17,Verificado,1856.1,893,11.0,3.1,No,0
746,516.0,407,@porsiempreKai_472,TikTok,Comentario,"nadie ha mostrado una prueba real, todo son capturas sin verificar",#JusticiaParaKai,,2026-03-15 04:21:57,Fan_Antiguo,0.0,9580,104.0,8.6,No,1
747,743.0,371,@despiertaya_582,X,Repost/Cita,"confirmado, Kai amañó el sorteo, pasen la voz #CancelenAKai",#CancelenAKai,,2026-03-15 03:32:49,Bot_Sospechoso,2.3,8112,50.0,21.6,No,3
748,725.0,191,@davidramirezco,Instagram,Transcripción de audio/video,mis amigas y yo llevamos toda la noche hablando de esto otra vez 😭,,,2026-03-15 04:27:13,Fan_Antiguo,2472.9,3398,22.0,0.8,No,0
749,467.0,73,@lilianarios_00,TikTok,Comentario,esto va a ser tendencia todo el día seguro 🤔,,,2026-03-15 04:07:26,Fan_Antiguo,248.8,8978,70.0,4.3,No,1
750,,202,@melissagomez_11,Instagram,Repost/Cita,literal me desperté y lo primero que vi fue esto y nadie sabe ni qué creer...,,,2026-03-15 03:24:31,Anónimo,1288.8,466,58.0,2.8,No,0
751,636.0,182,@davidcastro,X,Repost/Cita,"cada quien cree lo que quiere creer, ya nadie mira pruebas sin exagerar 😭😭",#Cancelado,,2026-03-15 03:55:55,Fan_Antiguo,30.0,494,125.0,1.7,No,0
752,656.0,26,@juliana03,TikTok,Comentario,"para que sepan: la plataforma que usaron para el sorteo es auditable, cualquiera puede revisarla",,,2026-03-15 04:34:37,Anónimo,2019.6,4115,286.0,0.4,No,2
753,685.0,306,@carloslopez_col,Instagram,Comentario,  yo llevo horas viendo hilos sobre esto en vez de dormir y cada rato cambia la versión...   ,#QueDijoKai #Cancelado,,2026-03-15 04:33:06,Anónimo,13.2,420,250.0,0.7,No,1
754,665.0,245,@ricardoleonbogota,Instagram,Comentario,dato: seguridad del evento confirmó que hubo varios testigos presentes,#JusticiaParaKai,,2026-03-15 04:42:55,Fan_Antiguo,1107.8,45900,248.0,7.2,No,3
755,735.0,301,@harold99,TikTok,Comentario,yo creo que hay que esperar antes de sacar conclusiones y cada rato cambia la versión...,,,2026-03-15 05:53:00,Anónimo,12.6,293,103.0,2.0,No,0
756,751.0,149,@paola,TikTok,Comentario,"dato: vi la transmisión completa dos veces, no encuentro el corte que muestran",#Cancelado,,2026-03-15 04:11:09,Fan_Antiguo,890.2,6350,78.0,2.3,No,4
757,491.0,183,@paula_00,Foro anónimo,Descripción de captura,mis amigas y yo llevamos toda la noche hablando de esto y todavía falta que hable Kai,#VerificaAntesDeCompartir #EvaluandoLaSituacion,,2026-03-15 04:34:22,Fan_Antiguo,1199.9,53184,27.0,5.2,No,0
758,689.0,55,@samuelco,X,Comentario,esto va a ser tendencia todo el día seguro y todavía falta que hable Kai 😭,#KaiMentiroso,,2026-03-15 05:53:39,Fan_Antiguo,123.3,7061,41.0,2.5,No,1
759,,209,@isabellamoreno99,Foro anónimo,Descripción de captura,increíble como en una noche esto se salió de control y las marcas ni se han pronunciado bien,,,2026-03-15 03:39:32,Fan_Antiguo,30.0,659,50.0,1.9,No,0
760,748.0,130,@brayan_,Foro anónimo,Comentario,la cantidad de cuentas nuevas comentando esto me da mala espina de verdad.,,,2026-03-15 04:39:17,Verificado,,160,63.0,4.3,No,0
761,,299,@yuliana_ug,Instagram,Comentario,si esto resulta ser falso alguien tiene que responder por el daño y nadie sabe ni qué creer,,,2026-03-15 00:21:17,Anónimo,7.3,318,25.0,2.1,No,1
762,744.0,183,@paula_00,X,Repost/Cita,mis amigas y yo llevamos toda la noche hablando de esto y eso que apenas empieza el día 🤔🤔,#EvaluandoLaSituacion,,2026-03-15 05:08:32,Fan_Antiguo,1199.9,53184,157.0,1.9,No,0
763,605.0,19,@gabrielamedina07,X,Comentario,si esto resulta ser falso alguien tiene que responder por el daño la verdad,,,2026-03-15 05:29:46,Fan_Antiguo,1199.2,4505,44.0,1.5,No,2
764,343.0,254,@nicolasperez_uni,X,Comentario,yo sigo esperando que Kai diga algo y cada rato cambia la versión,,,2026-03-15 04:50:18,Verificado,1272.7,8096,74.0,1.2,No,0
765,445.0,299,@yuliana_ug,TikTok,Comentario,Circula que un tiktok con millones de vistas ya lo dio por hecho,,,2026-03-15 05:10:22,Anónimo,7.3,318,705.0,7.5,No,0
766,632.0,391,@fansdekai_508,TikTok,Comentario,"Kai lleva años siendo transparente con sus sorteos, esto no cuadra",#JusticiaParaKai,,2026-03-15 04:33:17,Fan_Antiguo,0.0,3856,176.0,4.5,No,2
767,538.0,236,@tomas_col,TikTok,Comentario,ya perdí la cuenta de cuántos hilos van sobre esto sinceramente,,,2026-03-15 03:55:06,Fan_Antiguo,367.2,2412,46.0,2.9,No,0
768,459.0,377,@despiertaya_618,X,Repost/Cita,"no dejen que borren la evidencia, guarden capturas ya #CancelenAKai",#CancelenAKai,,2026-03-15 05:06:52,Bot_Sospechoso,3.0,985,136.0,21.0,No,2
769,694.0,57,@tatianacun,Instagram,Comentario,"actualización: la plataforma que usaron para el sorteo es auditable, cualquiera puede revisarla",#QueDijoKai,,2026-03-15 04:18:24,Fan_Antiguo,1900.8,2479,150.0,2.1,No,1
770,,338,@cesarsabana,X,Comentario,esto va a ser tendencia todo el día seguro otra vez...,#QueDijoKai,,2026-03-15 03:28:55,Cuenta_Nueva,2.6,970,11.0,2.8,No,0
771,695.0,301,@harold99,TikTok,Comentario,"vi la transmisión completa dos veces, no encuentro el corte que muestran",#KaiDuarte,,2026-03-15 05:25:17,Anónimo,12.6,293,226.0,0.7,No,4
772,717.0,391,@fansdekai_508,Instagram,Comentario,"ese clip está cortado, en el audio completo se nota que es sarcasmo",#JusticiaParaKai,,2026-03-15 04:49:50,Fan_Antiguo,0.0,3856,43.0,7.5,No,1
773,766.0,236,@tomas_col,Instagram,Comentario,"que fastidio, otra vez cancelando a alguien sin dejarlo hablar sinceramente",,,2026-03-15 04:38:51,Fan_Antiguo,367.2,2412,59.0,0.6,No,0
774,382.0,1,@yulianaramirez_col,Instagram,Comentario,ya perdí la cuenta de cuántos hilos van sobre esto la verdad,#Cancelado,,2026-03-15 04:17:23,Fan_Antiguo,30.0,11529,13.0,3.3,No,0
775,739.0,341,@manuelaortizsabana,TikTok,Comentario,mis amigas y yo llevamos toda la noche hablando de esto y todavía falta que hable Kai 😳,#CancelenAKai,,2026-03-15 04:46:23,Cuenta_Nueva,11.3,220,70.0,2.2,No,0
776,669.0,380,@mvidalteam_435,TikTok,Repost/Cita,"no dejen que borren la evidencia, guarden capturas ya #CancelenAKai",#CancelenAKai,,2026-03-15 03:38:43,Bot_Sospechoso,2.0,67969,137.0,22.1,No,0
777,,44,@santiago_,Foro anónimo,Post original,la gente ya no espera pruebas para cancelar a nadie otra vez,,,2026-03-15 00:34:06,Verificado,30.0,172,,1.3,No,0
778,581.0,133,@tomas,Instagram,Comentario,literal me desperté y lo primero que vi fue esto ya en serio,,,2026-03-15 03:08:31,Anónimo,412.0,630,83.0,5.5,No,1
779,575.0,220,@juliannino_00,X,Comentario,"honestamente, yo estaba conectado desde el minuto uno y no vi nada extraño",#JusticiaParaKai,,2026-03-15 04:47:10,Verificado,423.8,1149,196.0,2.5,No,3
780,624.0,344,@brayan99,X,Repost/Cita,@NovaVolt ustedes ya sabían de esto o no? necesitamos que hablen,#Cancelado,UrbanKrew,2026-03-15 04:27:45,Anónimo,0.0,84,25.0,0.5,No,1
781,641.0,314,@esteban_uni,TikTok,Comentario,circula una lista de pruebas pero ninguna se puede verificar bien,,,2026-03-15 04:35:36,Anónimo,4.7,256,137.0,8.0,No,0
782,697.0,391,@fansdekai_508,Instagram,Comentario,el historial de Kai con sus sorteos ha sido limpio siempre,#JusticiaParaKai,,2026-03-15 04:32:50,Fan_Antiguo,0.0,3856,273.0,8.8,No,1
783,486.0,178,@sofiasalazarcun,X,Comentario,Si esto resulta ser falso alguien tiene que responder por el daño sinceramente,#KaiDuarte #EvaluandoLaSituacion,,2026-03-15 04:16:11,Verificado,1747.0,8260,19.0,2.2,No,0
784,751.0,326,@ricardo_uni,TikTok,Repost/Cita,Esto habla más de nosotros como internet que de Kai la verdad sinceramente 😭😭,#QueDijoKai,,2026-03-15 03:58:17,Anónimo,10.3,901,28.0,3.5,No,0
785,586.0,328,@carolina99,X,Comentario,dejen a la gente en paz hasta que se sepa la verdad y nadie sabe ni qué creer,,,2026-03-15 04:16:17,Anónimo,16.4,76,29.0,2.2,No,0
786,406.0,49,@sebastian98,Instagram,Repost/Cita,honestamente ya perdí la cuenta de cuántas pruebas van y cada rato cambia la versión,#YoLeCreoAKai,,2026-03-15 02:36:03,Anónimo,1400.7,4642,46.0,1.1,No,0
787,490.0,356,@noloocultes_564,X,Repost/Cita,"KAI ES CULPABLE, ya hay pruebas, no lo defiendan más #CancelenAKai",#CancelenAKai,,2026-03-15 03:20:26,Bot_Sospechoso,0.4,14531,96.0,16.7,No,0
788,,29,@antonia34,TikTok,Transcripción de audio/video,"esto se puso serio rapidísimo, hace una hora era chisme y todavía falta que hable Kai",#EvaluandoLaSituacion,,2026-03-15 02:51:57,Verificado,1009.1,48489,89.0,1.4,No,1
789,692.0,361,@noloocultes_193,X,Repost/Cita,"COMPARTAN esto antes de que lo borren, la verdad sobre Kai #CancelenAKai",#CancelenAKai,,2026-03-15 04:31:46,Bot_Sospechoso,1.8,21144,129.0,12.3,No,0
790,710.0,366,@mvidalteam_057,X,Repost/Cita,esto es un ESCÁNDALO y las marcas lo están tapando #CancelenAKai,#CancelenAKai,,2026-03-15 05:44:29,Bot_Sospechoso,2.5,16887,58.0,13.8,No,0
791,,222,@fabian07,X,Comentario,no había visto esta cantidad de gente opinando de algo en meses,,,2026-03-15 01:53:10,Verificado,519.2,3479,47.0,0.1,No,0
792,701.0,273,@laurasabana,X,Comentario,"dicen que me contaron que alguien del equipo renunció por esto, sin confirmación",#KaiMentiroso #KaiDuarte,,2026-03-15 03:42:49,Cuenta_Nueva,0.0,258,592.0,5.4,No,1
793,547.0,292,@valentinasuarez_real,Instagram,Comentario,dicen que circula una lista de pruebas pero ninguna se puede verificar bien,,,2026-03-15 04:25:26,Anónimo,6.5,446,695.0,12.8,No,1
794,720.0,338,@cesarsabana,X,Comentario,"esto se puso serio rapidísimo, hace una hora era chisme y cada rato cambia la versión 😳😳",,,2026-03-15 03:15:34,Cuenta_Nueva,2.6,970,73.0,2.9,No,0
795,,128,@laura99,X,Transcripción de audio/video,tremendo desorden se armó de la nada anoche otra vez,,,2026-03-15 01:44:41,Anónimo,481.6,2773,5.0,1.7,No,0
796,446.0,236,@tomas_col,X,Comentario,@PulsoTech ustedes ya sabían de esto o no? necesitamos que hablen,#KaiDuarte,NovaVolt,2026-03-15 05:26:17,Fan_Antiguo,367.2,2412,25.0,2.0,No,0
797,542.0,275,@ximenabogota,X,Comentario,"que fastidio, otra vez cancelando a alguien sin dejarlo hablar ya en serio",,,2026-03-15 01:42:53,Cuenta_Nueva,5.0,676,47.0,3.8,No,0
798,414.0,151,@karen,TikTok,Repost/Cita,"que fastidio, otra vez cancelando a alguien sin dejarlo hablar y eso que apenas empieza el día 💀",,,2026-03-15 04:43:06,Anónimo,182.9,10084,34.0,4.6,No,0
799,,77,@alejandrorojas_11,TikTok,Repost/Cita,clásico: pasa algo de madrugada y para el mediodía ya todos tienen opinión sinceramente 😭,#OjoConEstoKai,,2026-03-15 04:09:37,Anónimo,284.9,995,41.0,1.3,No,0
800,554.0,276,@carlos03,X,Comentario,el que suba a defenderlo sin pruebas también me da desconfianza y eso que apenas empieza el día 🤔🤔,#KaiDuarte,,2026-03-15 02:55:44,Anónimo,10.1,109,33.0,4.7,No,0
801,474.0,123,@liliananinoco,TikTok,Comentario,"sea cual sea la verdad, la forma en que se está manejando esto es un desastre sinceramente",,,2026-03-15 04:19:32,Anónimo,1093.5,4896,44.0,1.2,No,0
802,,187,@kevingomez03,Instagram,Comentario,  Esto habla más de nosotros como internet que de Kai la verdad sinceramente   ,#Cancelado #EvaluandoLaSituacion,,2026-03-15 03:16:41,Fan_Antiguo,454.0,24484,31.0,4.4,No,1
803,625.0,325,@felipe98,Foro anónimo,Comentario,la cantidad de cuentas nuevas comentando esto me da mala espina y eso que apenas empieza el día.,,,2026-03-15 04:55:13,Anónimo,4.6,84,101.0,3.8,No,1
804,490.0,384,@despiertaya_630,X,Repost/Cita,"no dejen que borren la evidencia, guarden capturas ya #CancelenAKai",#CancelenAKai,,2026-03-15 03:21:30,Bot_Sospechoso,0.1,40015,100.0,23.0,No,0
805,669.0,16,@lilianapinzonbogota,TikTok,Repost/Cita,"PulsoTech lleva media hora sin responder nada, mal ahí",,PulsoTech,2026-03-15 04:10:18,Fan_Antiguo,809.0,2277,43.0,3.5,No,0
806,636.0,142,@isabellasabana,X,Comentario,actualización: un conocido trabaja en el canal y dice que ahí todo queda respaldado,#KaiEsInocente #EvaluandoLaSituacion,,2026-03-15 04:07:45,Fan_Antiguo,448.8,11085,631.0,3.5,Posible (similar a una publicación anterior),7
807,405.0,95,@adrianacastro03,Instagram,Repost/Cita,@UrbanKrew ustedes ya sabían de esto o no? necesitamos que hablen,#KaiMentiroso,PulsoTech,2026-03-15 04:21:36,Anónimo,1581.4,1951,118.0,4.1,No,0
808,688.0,297,@jhon_real,X,Comentario,esto habla más de nosotros como internet que de Kai la verdad la verdad.,#QueDijoKai,,2026-03-15 03:45:22,Cuenta_Nueva,0.0,57,23.0,3.1,No,2
809,678.0,302,@carlos_oficial,Instagram,Descripción de captura,"Todo mundo subiendo teorías, nadie subiendo pruebas",#QueDijoKai,,2026-03-15 04:05:13,Cuenta_Nueva,1.1,9,98.0,0.1,No,1
810,,163,@felipeleon_col,X,Post original,la cantidad de cuentas nuevas comentando esto me da mala espina ya en serio 🤔🤔,#Cancelado,,2026-03-15 04:07:21,Fan_Antiguo,1225.3,7999,68.0,5.0,No,0
811,635.0,126,@sebastianalarconco,TikTok,Comentario,"la plataforma que usaron para el sorteo es auditable, cualquiera puede revisarla",#EvaluandoLaSituacion #YoLeCreoAKai,,2026-03-15 04:58:33,Fan_Antiguo,142.0,1077,360.0,0.1,No,2
812,,100,@liliana_uni,TikTok,Transcripción de audio/video,me parece raro que PulsoTech se pronuncie tan rápido sin saber toda la historia,#KaiMentiroso,NovaVolt,2026-03-15 02:17:29,Anónimo,1762.8,2550,80.0,0.1,No,2
813,786.0,412,@fansdekai_685,TikTok,Comentario,"esas capturas ya las vi hace años en otro escándalo, esto es reciclado",#JusticiaParaKai,,2026-03-15 02:40:58,Anónimo,577.4,1530,208.0,9.7,No,2
814,615.0,26,@juliana03,TikTok,Comentario,alguien me explica bien qué fue lo que pasó anoche otra vez,#Cancelado,,2026-03-15 03:41:42,Anónimo,2019.6,4115,28.0,4.4,No,1
815,,69,@miguelramirez2020,X,Comentario,"que oso si es verdad, y que oso si no lo es y eso que apenas empieza el día...",#EvaluandoLaSituacion,,2026-03-15 02:45:48,Fan_Antiguo,1147.2,5895,68.0,3.3,No,0
816,422.0,146,@kevinmoreno2020,Instagram,Comentario,ya perdí la cuenta de cuántos hilos van sobre esto y las marcas ni se han pronunciado bien 😭😭,#QueDijoKai #FueraKai,,2026-03-15 04:35:00,Fan_Antiguo,632.8,8319,,2.6,No,1
817,705.0,304,@adrianariostv,X,Comentario,"a mi me da igual, no sigo a Kai pero el trending me tiene aquí leyendo y eso que apenas empieza el día.",#EvaluandoLaSituacion,,2026-03-15 04:10:24,Cuenta_Nueva,13.2,764,53.0,3.3,No,1
818,656.0,229,@luisa98,Instagram,Descripción de captura,"Yo hacía memes de Kai, ahora no sé ni qué publicar y todavía falta que hable Kai",#FueraKai,,2026-03-15 04:32:32,Fan_Antiguo,603.8,369,130.0,2.5,No,0
819,,445,@DatosClarosCo,X,Post original,Seguimos revisando la evidencia compartida; por ahora no hay elementos suficientes para confirmar ni descartar.,#VerificaAntesDeCompartir,,2026-03-15 02:24:35,Verificado,2400.0,130000,407.0,3.1,No,1
820,676.0,169,@vivianacruz_00,X,Comentario,en mi casa no se habla de otra cosa desde anoche sin exagerar...,#KaiMentiroso,,2026-03-15 05:06:45,Anónimo,313.8,38563,33.0,1.7,No,0
821,,91,@cesarramirezcun,X,Repost/Cita,"yo hacía memes de Kai, ahora no sé ni qué publicar la verdad",,,2026-03-15 03:00:42,Verificado,2835.2,1010,46.0,4.5,No,0
822,746.0,401,@porsiempreKai_785,Instagram,Comentario,"si tuvieran algo sólido ya lo hubieran mostrado completo, no en pedazos",#JusticiaParaKai,,2026-03-15 04:23:32,Anónimo,250.2,268,201.0,2.8,No,2
823,667.0,70,@kevincruz,X,Comentario,"vi que PulsoTech sacó un comunicado, muy tibio la verdad",#QueDijoKai,PulsoTech,2026-03-15 04:43:50,Fan_Antiguo,,457,93.0,0.4,No,0
824,457.0,293,@sara_ug,X,Comentario,"yo hacía memes de Kai, ahora no sé ni qué publicar y eso que apenas empieza el día",#KaiMentiroso,,2026-03-15 04:17:39,Anónimo,10.3,1071,66.0,0.3,No,0
825,462.0,69,@miguelramirez2020,TikTok,Comentario,yo vine a leer los comentarios que siempre son mejores que la noticia otra vez,#CancelenAKai,,2026-03-15 03:56:59,Fan_Antiguo,1147.2,5895,51.0,4.7,No,0
826,647.0,155,@monicaalarcon22,TikTok,Comentario,me parece raro que PulsoTech se pronuncie tan rápido sin saber toda la historia,#QueDijoKai,UrbanKrew,2026-03-15 04:36:03,Fan_Antiguo,397.5,1537,21.0,1.4,No,0
827,644.0,269,@mateo_real,Instagram,Comentario,"posta que vi un live reaccionando que desmontó todo, aunque no lo vi completo",#QueDijoKai,,2026-03-15 04:36:58,Cuenta_Nueva,0.0,621,1046.0,1.9,No,1
828,782.0,428,@kaisquad_528,TikTok,Comentario,"si escuchan el audio completo, Kai está bromeando, no confesando nada",#JusticiaParaKai,,2026-03-15 04:43:56,Cuenta_Nueva,1253.1,5202,26.0,0.1,No,0
829,637.0,109,@juanlopez07,X,Comentario,"Seguí el proceso desde el chat en vivo, a mí se vio transparente",#QueDijoKai,,2026-03-15 05:05:10,Anónimo,633.6,1789,1504.0,1.2,No,4
830,781.0,350,@yulianaleon_real,TikTok,Comentario,alguien juró que tiene capturas del chat privado pero nunca las publicó,#CancelenAKai #QueDijoKai,,2026-03-15 04:43:12,Cuenta_Nueva,0.0,556,5724.0,8.4,Sí (idéntico a publicación de 2023 sobre otro creador),0
831,829.0,128,@laura99,Foro anónimo,Comentario,"dicen que vi un live reaccionando que desmontó todo, aunque no lo vi completo",,,2026-03-15 05:14:23,Anónimo,481.6,2773,368.0,10.0,No,0
832,828.0,418,@fansdekai_039,TikTok,Comentario,"esas capturas ya las vi hace años en otro escándalo, esto es reciclado",#JusticiaParaKai,,2026-03-15 04:46:47,Fan_Antiguo,0.0,385,93.0,13.4,No,1
833,788.0,243,@monicapinzon2020,TikTok,Comentario,"yo creo que la plataforma que usaron para el sorteo es auditable, cualquiera puede revisarla",#JusticiaParaKai #Cancelado,,2026-03-15 03:05:45,Fan_Antiguo,1268.8,9767,209.0,0.3,No,2
834,,299,@yuliana_ug,TikTok,Descripción de captura,"Esto se puso serio rapidísimo, hace una hora era chisme la verdad",#Cancelado,,2026-03-15 04:12:44,Anónimo,7.3,318,,0.1,No,1
835,737.0,174,@mateocruz_col,TikTok,Comentario,"Honestamente, revisé el reglamento público del sorteo y coincide con lo que se hizo",,,2026-03-15 04:54:39,Anónimo,1499.3,2558,93.0,2.9,No,3
836,790.0,280,@fabianrojas34,X,Comentario,"vi un live reaccionando que desmontó todo, aunque no lo vi completo",#KaiMentiroso,,2026-03-15 05:47:56,Cuenta_Nueva,4.1,139,1104.0,9.4,No,1
837,,256,@brayan15,X,Comentario,"cada rato sale un testigo nuevo, esto ya parece novela la verdad",,,2026-03-15 04:14:26,Anónimo,2.1,19,204.0,0.7,No,0
838,834.0,102,@valentinamedina2020,TikTok,Repost/Cita,"a mi me da igual, no sigo a Kai pero el trending me tiene aquí leyendo sinceramente",,,2026-03-15 04:14:31,Fan_Antiguo,1475.2,2289,245.0,1.1,No,0
839,829.0,51,@jhon07,X,Comentario,"honestamente, seguí el proceso desde el chat en vivo, a mí se vio transparente",#KaiDuarte,,2026-03-15 05:12:21,Verificado,798.0,45910,65.0,6.9,No,2
840,,119,@santiagomedinatv,X,Descripción de captura,yo vine a leer los comentarios que siempre son mejores que la noticia la verdad,,,2026-03-15 04:17:40,Verificado,911.6,4906,125.0,1.9,No,0
841,752.0,187,@kevingomez03,X,Comentario,el que suba a defenderlo sin pruebas también me da desconfianza sinceramente...,#Cancelado #QueDijoKai,,2026-03-15 04:40:48,Fan_Antiguo,454.0,24484,12.0,0.1,No,1
842,733.0,6,@carolina,Instagram,Descripción de captura,esto se siente exactamente igual a lo del año pasado con otro streamer y eso que apenas empieza el día,#QueDijoKai,,2026-03-15 04:32:51,Anónimo,1964.7,16177,104.0,0.2,No,1
843,811.0,165,@alejandro_ug,Instagram,Comentario,  actualización: el ganador de mi ciudad sí recibió el premio sin ningún inconveniente   ,,,2026-03-15 06:07:41,Verificado,692.5,990,207.0,4.5,No,4
844,579.0,75,@cristianmedina_,Instagram,Comentario,esto se siente exactamente igual a lo del año pasado con otro streamer y todavía falta que hable Kai 💀,,,2026-03-15 03:08:41,Fan_Antiguo,30.0,58934,60.0,1.9,No,0
845,732.0,320,@yuliana22,Instagram,Comentario,Dicen que alguien juró que tiene capturas del chat privado pero nunca las publicó,,,2026-03-15 04:32:46,Cuenta_Nueva,18.5,191,1174.0,7.1,No,1
846,,261,@camilalopez99,TikTok,Comentario,"Sea cual sea la verdad, la forma en que se está manejando esto es un desastre sin exagerar 🤔",#KaiEsInocente,,2026-03-15 03:49:05,Anónimo,1.5,5573,59.0,1.2,No,0
847,,447,@RedFactCheckCo,X,Post original,Aún no hemos podido contactar a la fuente original de la conversación filtrada.,#VerificaAntesDeCompartir,,2026-03-15 02:44:40,Verificado,3000.0,210000,1248.0,1.1,No,1
848,669.0,34,@valentina07,Instagram,Comentario,Cada hora aparece un ángulo nuevo de esto y cada rato cambia la versión.,#QueDijoKai,,2026-03-15 03:40:44,Anónimo,753.6,762,40.0,0.1,No,1
849,680.0,169,@vivianacruz_00,Instagram,Comentario,ya perdí la cuenta de cuántos hilos van sobre esto y nadie sabe ni qué creer...,#EvaluandoLaSituacion #KaiDuarte,,2026-03-15 04:28:43,Anónimo,313.8,38563,8.0,5.3,No,0
850,750.0,226,@camilasuarezbogota,Instagram,Comentario,"dato: el proceso del sorteo se hizo con testigos externos, no solo del equipo de Kai",#JusticiaParaKai #YoLeCreoAKai,,2026-03-15 03:25:23,Fan_Antiguo,1132.7,446,205.0,9.1,No,2
851,744.0,275,@ximenabogota,X,Comentario,circula que una cuenta que no conozco subió una captura que supuestamente confirma todo,,,2026-03-15 04:50:37,Cuenta_Nueva,5.0,676,408.0,5.9,Sí (idéntico a publicación de 2023 sobre otro creador),1
852,537.0,51,@jhon07,Foro anónimo,Comentario,"que oso si es verdad, y que oso si no lo es y cada rato cambia la versión",,,2026-03-15 04:44:25,Verificado,798.0,45910,33.0,3.1,No,1
853,792.0,158,@nataliacun,Instagram,Descripción de captura,dejen a la gente en paz hasta que se sepa la verdad sinceramente...,#Cancelado,,2026-03-15 03:58:22,Anónimo,30.0,624,4.0,4.6,No,0
854,741.0,266,@gabrielasabana,X,Comentario,circula que circula una lista de pruebas pero ninguna se puede verificar bien,#KaiDuarte #KaiMentiroso,,2026-03-15 05:40:18,Cuenta_Nueva,13.9,1813,79.0,7.6,No,0
855,740.0,262,@oscarpinzon,TikTok,Comentario,"ojo con esto: me contaron que alguien del equipo renunció por esto, sin confirmación",#FueraKai #EvaluandoLaSituacion,,2026-03-15 04:04:27,Cuenta_Nueva,0.2,142,242.0,9.1,Sí (idéntico a publicación de 2023 sobre otro creador),0
856,,59,@antoniaco,Foro anónimo,Transcripción de audio/video,yo llevo horas viendo hilos sobre esto en vez de dormir y las marcas ni se han pronunciado bien 😭,#KaiDuarte #FueraKai,,2026-03-15 01:18:00,Verificado,555.6,640,34.0,2.8,No,0
857,844.0,117,@estebanlopez98,Instagram,Comentario,"Honestamente, nadie de los que participamos notó nada fuera de lo normal esa noche",,,2026-03-15 03:14:59,Verificado,2699.5,522,128.0,0.1,No,3
858,635.0,329,@monica34,X,Comentario,una cuenta que no conozco subió una captura que supuestamente confirma todo,#Cancelado #CancelenAKai,,2026-03-15 04:58:12,Cuenta_Nueva,19.9,548,447.0,15.8,No,0
859,613.0,365,@despiertaya_531,X,Repost/Cita,"confirmado, Kai amañó el sorteo, pasen la voz #CancelenAKai",#CancelenAKai,,2026-03-15 03:12:40,Bot_Sospechoso,2.6,14140,105.0,24.9,No,0
860,,446,@ChequeoDigitalCO,X,Post original,Seguimos revisando la evidencia compartida; por ahora no hay elementos suficientes para confirmar ni descartar.,#VerificaAntesDeCompartir,,2026-03-15 04:07:14,Verificado,1100.0,60000,688.0,3.5,No,1
861,793.0,262,@oscarpinzon,Instagram,Repost/Cita,la gente ya no espera pruebas para cancelar a nadie sinceramente,,,2026-03-15 04:40:02,Cuenta_Nueva,0.2,142,72.0,0.6,No,0
862,637.0,77,@alejandrorojas_11,X,Comentario,"honestamente, el clip completo, sin el corte de 14 segundos, cuenta una historia distinta",#KaiDuarte,,2026-03-15 05:01:28,Anónimo,284.9,995,105.0,6.8,Sí (idéntico a publicación de 2023 sobre otro creador),3
863,,97,@mateoleon_real,X,Repost/Cita,dejen a la gente en paz hasta que se sepa la verdad y eso que apenas empieza el día,,,2026-03-15 04:12:57,Verificado,30.0,521,68.0,0.1,No,0
864,,174,@mateocruz_col,TikTok,Repost/Cita,"cada quien cree lo que quiere creer, ya nadie mira pruebas y eso que apenas empieza el día...",#KaiEsInocente,,2026-03-15 03:44:05,Anónimo,1499.3,2558,21.0,1.0,No,1
865,790.0,282,@daniela22,X,Comentario,dicen que dicen que hay un audio filtrado completo pero nadie lo ha mostrado,,,2026-03-15 05:56:25,Cuenta_Nueva,6.0,153,985.0,3.1,No,1
866,859.0,113,@monica_,Instagram,Descripción de captura,la gente ya no espera pruebas para cancelar a nadie y las marcas ni se han pronunciado bien...,#EvaluandoLaSituacion #KaiEsInocente,,2026-03-15 04:03:03,Anónimo,30.0,44636,119.0,2.9,No,1
867,756.0,324,@david_00,TikTok,Comentario,"me contaron que alguien del equipo renunció por esto, sin confirmación",#EvaluandoLaSituacion,,2026-03-15 04:19:22,Anónimo,2.3,146,2725.0,12.7,No,0
868,,318,@angie03,X,Descripción de captura,NovaVolt debería esperar los resultados antes de tomar una decisión así de grande,,PulsoTech,2026-03-15 02:32:40,Cuenta_Nueva,9.1,180,427.0,1.3,No,0
869,600.0,329,@monica34,X,Comentario,"Me acaban de contar que me contaron que alguien del equipo renunció por esto, sin confirmación",#Cancelado,,2026-03-15 01:25:23,Cuenta_Nueva,19.9,548,2498.0,16.3,No,1
870,498.0,143,@johanaleon2020,X,Comentario,el que suba a defenderlo sin pruebas también me da desconfianza,,,2026-03-15 04:24:14,Verificado,1114.5,52359,7.0,0.7,No,0
871,,222,@fabian07,X,Comentario,Increíble como en una noche esto se salió de control y eso que apenas empieza el día,#FakeNews,,2026-03-15 03:40:47,Verificado,519.2,3479,59.0,0.4,No,1
872,588.0,347,@luisarojas_,TikTok,Comentario,yo estaba conectado desde el minuto uno y no vi nada extraño,,,2026-03-15 04:30:55,Anónimo,10.7,40,183.0,2.7,No,1
873,798.0,25,@andres_ug,X,Comentario,"todo mundo subiendo teorías, nadie subiendo pruebas sinceramente",#EvaluandoLaSituacion,,2026-03-15 06:28:31,Verificado,732.4,3288,71.0,3.1,No,0
874,766.0,420,@fansdekai_721,TikTok,Comentario,"si escuchan el audio completo, Kai está bromeando, no confesando nada",#JusticiaParaKai,,2026-03-15 04:36:04,Fan_Antiguo,37.7,1500,281.0,12.7,No,3
875,820.0,329,@monica34,TikTok,Comentario,"que oso si es verdad, y que oso si no lo es y cada rato cambia la versión",#YoLeCreoAKai #KaiEsInocente,,2026-03-15 05:16:59,Cuenta_Nueva,19.9,548,56.0,4.3,No,0
876,800.0,332,@natalia_real,X,Comentario,yo esperaría el comunicado oficial antes de opinar y eso que apenas empieza el día,#Cancelado,,2026-03-15 03:21:12,Anónimo,18.2,64,41.0,1.3,No,0
877,710.0,36,@sebastian_00,X,Comentario,Actualización: un conocido trabaja en el canal y dice que ahí todo queda respaldado,#Cancelado,,2026-03-15 05:17:01,Verificado,1113.8,958,379.0,4.1,No,3
878,838.0,296,@johanatv,X,Comentario,"me llegó por WhatsApp que Kai sí arregló todo, no tengo la fuente original",#Cancelado #KaiDuarte,,2026-03-15 04:17:52,Cuenta_Nueva,10.5,139,405.0,12.5,No,1
879,776.0,351,@noloocultes_349,X,Repost/Cita,"KAI ES CULPABLE, ya hay pruebas, no lo defiendan más #CancelenAKai",#CancelenAKai,,2026-03-15 03:41:10,Bot_Sospechoso,1.1,21880,,0.1,No,0
880,588.0,43,@cesarmoreno,Instagram,Comentario,"La marca ya se está lavando las manos, típico.",,,2026-03-15 04:28:46,Anónimo,399.3,2727,71.0,2.4,No,0
881,813.0,427,@fansdekai_532,TikTok,Comentario,el recorte de 14 segundos le quita todo el contexto a lo que dijo,#JusticiaParaKai,,2026-03-15 03:46:54,Anónimo,1350.2,110,247.0,13.8,No,0
882,744.0,158,@nataliacun,Foro anónimo,Comentario,el trending de hoy tenía que ser esto obviamente y nadie sabe ni qué creer,#KaiDuarte,,2026-03-15 04:47:27,Anónimo,30.0,624,49.0,2.2,No,0
883,,144,@carolinapinzon34,Instagram,Descripción de captura,honestamente ya perdí la cuenta de cuántas pruebas van y las marcas ni se han pronunciado bien 💀,#Cancelado,,2026-03-15 03:40:52,Fan_Antiguo,61.0,2900,296.0,2.5,No,0
884,829.0,426,@fansdekai_453,X,Comentario,"esas capturas ya las vi hace años en otro escándalo, esto es reciclado",#JusticiaParaKai,,2026-03-15 05:10:09,Fan_Antiguo,913.6,190,208.0,5.9,No,3
885,637.0,311,@wilson2020,X,Comentario,no había visto esta cantidad de gente opinando de algo en meses y las marcas ni se han pronunciado bien.,,,2026-03-15 05:11:05,Cuenta_Nueva,15.0,121,211.0,3.1,No,0
886,,224,@jorgecardenasbogota,X,Transcripción de audio/video,en mi casa no se habla de otra cosa desde anoche.,#KaiDuarte,,2026-03-15 03:32:20,Fan_Antiguo,742.1,1582,29.0,1.5,No,0
887,865.0,335,@manuelapinzon,TikTok,Comentario,"según un grupo de Facebook, esto ya se sabía desde hace meses",#Cancelado,,2026-03-15 05:58:06,Cuenta_Nueva,7.0,106,376.0,13.3,No,1
888,772.0,417,@porsiempreKai_461,TikTok,Comentario,"esa imagen no es nueva, ya circulaba con otro nombre hace tiempo",#JusticiaParaKai,,2026-03-15 04:54:53,Cuenta_Nueva,0.0,231,147.0,11.8,No,2
889,775.0,247,@antonia2020,Instagram,Comentario,"UrbanKrew lleva media hora sin responder nada, mal ahí",#EvaluandoLaSituacion,UrbanKrew,2026-03-15 05:13:59,Verificado,881.8,4732,15.0,4.2,No,0
890,655.0,165,@alejandro_ug,Instagram,Comentario,"yo hacía memes de Kai, ahora no sé ni qué publicar y eso que apenas empieza el día.",,,2026-03-15 05:46:31,Verificado,692.5,990,59.0,2.3,No,0
891,832.0,419,@teamkai_012,TikTok,Comentario,"si escuchan el audio completo, Kai está bromeando, no confesando nada",#JusticiaParaKai,,2026-03-15 04:56:38,Anónimo,802.1,1381,259.0,8.2,No,2
892,709.0,287,@lilianax,X,Comentario,no puedo creer lo que está pasando con Kai otra vez,,,2026-03-15 04:15:08,Cuenta_Nueva,20.0,280,701.0,1.8,No,0
893,,320,@yuliana22,Instagram,Descripción de captura,el trending de hoy tenía que ser esto obviamente ya en serio...,#YoLeCreoAKai,,2026-03-15 02:40:26,Cuenta_Nueva,18.5,191,3.0,2.6,No,0
894,723.0,44,@santiago_,Instagram,Repost/Cita,"pobre la gente que ganó de verdad el sorteo, ahora todos van a dudar de ellos y cada rato cambia la versión...",#QueDijoKai,,2026-03-15 04:50:55,Verificado,30.0,172,19.0,2.3,No,0
895,887.0,234,@david03,TikTok,Comentario,"  cada quien cree lo que quiere creer, ya nadie mira pruebas sin exagerar   ",#KaiDuarte,,2026-03-15 05:59:06,Fan_Antiguo,1143.8,3770,46.0,1.5,No,0
896,792.0,278,@isabellaalarcon_11,TikTok,Comentario,posta que circula una lista de pruebas pero ninguna se puede verificar bien,#Cancelado,,2026-03-15 03:49:05,Anónimo,11.2,119,1231.0,3.2,No,1
897,821.0,38,@yesid,X,Repost/Cita,yo llevo horas viendo hilos sobre esto en vez de dormir ya en serio,,,2026-03-15 03:03:08,Anónimo,1156.1,1653,16.0,2.8,No,0
898,891.0,395,@porsiempreKai_915,Instagram,Comentario,"si escuchan el audio completo, Kai está bromeando, no confesando nada",#JusticiaParaKai,,2026-03-15 05:08:31,Fan_Antiguo,535.4,2483,313.0,0.1,No,2
899,614.0,300,@ivan2020,Instagram,Repost/Cita,Increíble como en una noche esto se salió de control y todavía falta que hable Kai 💀💀,,,2026-03-15 04:48:28,Cuenta_Nueva,17.7,815,23.0,1.1,No,0
900,766.0,112,@kevinmoreno34,Foro anónimo,Descripción de captura,"esto ya lo vi venir hace rato, algo raro pasaba y nadie sabe ni qué creer",#JusticiaParaKai,,2026-03-15 04:45:00,Verificado,100.5,1674,59.0,0.1,No,1
901,657.0,13,@jhon_oficial,X,Descripción de captura,mis amigas y yo llevamos toda la noche hablando de esto y todavía falta que hable Kai...,#QueDijoKai #FueraKai,,2026-03-15 04:07:38,Fan_Antiguo,570.2,324,43.0,3.9,No,0
902,669.0,377,@despiertaya_618,X,Repost/Cita,"KAI ES CULPABLE, ya hay pruebas, no lo defiendan más #CancelenAKai",#CancelenAKai,,2026-03-15 03:34:08,Bot_Sospechoso,3.0,985,43.0,26.0,No,0
903,819.0,188,@santiago22,TikTok,Comentario,para que sepan: un conocido trabaja en el canal y dice que ahí todo queda respaldado,,,2026-03-15 03:22:24,Fan_Antiguo,2439.2,194,367.0,8.0,No,0
904,701.0,318,@angie03,X,Comentario,Ojo con esto: alguien juró que tiene capturas del chat privado pero nunca las publicó,,,2026-03-15 03:46:32,Cuenta_Nueva,9.1,180,433.0,9.8,No,1
905,,313,@felipesalazar03,X,Repost/Cita,dejen a la gente en paz hasta que se sepa la verdad,#FakeNews,,2026-03-15 03:28:55,Anónimo,0.6,52,51.0,0.8,No,0
906,706.0,260,@samuelcun,Foro anónimo,Transcripción de audio/video,increíble como en una noche esto se salió de control otra vez 🤔,#QueDijoKai,,2026-03-15 02:33:07,Cuenta_Nueva,12.4,486,166.0,0.3,No,0
907,,8,@sara07,X,Comentario,la cantidad de cuentas nuevas comentando esto me da mala espina ya en serio 🤔,#EvaluandoLaSituacion #CancelenAKai,,2026-03-15 00:52:35,Verificado,1779.8,696,49.0,3.0,No,0
908,,165,@alejandro_ug,Instagram,Post original,mis amigas y yo llevamos toda la noche hablando de esto la verdad,,,2026-03-15 00:11:15,Verificado,692.5,990,209.0,1.7,No,0
909,,34,@valentina07,TikTok,Post original,"vi que NovaVolt sacó un comunicado, muy tibio la verdad",#QueDijoKai,NovaVolt,2026-03-15 02:03:21,Anónimo,753.6,762,295.0,2.3,No,0
910,699.0,307,@adrianacun,TikTok,Comentario,increíble como en una noche esto se salió de control de verdad,#Cancelado #KaiDuarte,,2026-03-15 03:55:26,Cuenta_Nueva,17.8,24,49.0,2.8,No,0
911,716.0,107,@tomascastro_,X,Comentario,dejen a la gente en paz hasta que se sepa la verdad y todavía falta que hable Kai,#EvaluandoLaSituacion #OjoConEstoKai,,2026-03-15 04:37:11,Anónimo,1158.0,1947,40.0,1.9,No,0
912,551.0,236,@tomas_col,TikTok,Comentario,literal me desperté y lo primero que vi fue esto ya en serio,,,2026-03-15 04:01:40,Fan_Antiguo,367.2,2412,35.0,2.4,No,0
913,810.0,317,@felipelopez22,TikTok,Comentario,"actualización: seguí el proceso desde el chat en vivo, a mí se vio transparente",#JusticiaParaKai #Cancelado,,2026-03-15 04:39:42,Cuenta_Nueva,0.5,30,80.0,0.1,No,7
914,,121,@gabrielabogota,X,Post original,"a mi me da igual, no sigo a Kai pero el trending me tiene aquí leyendo otra vez...",#KaiDuarte,,2026-03-15 00:52:21,Fan_Antiguo,1413.4,8207,11.0,3.3,No,1
915,,275,@ximenabogota,Instagram,Comentario,literal me desperté y lo primero que vi fue esto de verdad 🤔🤔,#KaiDuarte,,2026-03-15 03:35:00,Cuenta_Nueva,5.0,676,42.0,0.7,No,0
916,587.0,240,@alejandrogomez,TikTok,Comentario,"esto ya lo vi venir hace rato, algo raro pasaba la verdad 🤔",#OjoConEstoKai #QueDijoKai,,2026-03-15 02:17:39,Verificado,2138.9,9085,29.0,4.6,No,0
917,,316,@andres03,X,Post original,si NovaVolt no rompe el contrato hoy yo dejo de comprarles,,NovaVolt,2026-03-15 02:00:53,Anónimo,20.3,898,62.0,2.9,No,0
918,806.0,294,@melissa_,X,Comentario,UrbanKrew debería esperar los resultados antes de tomar una decisión así de grande,#EvaluandoLaSituacion,PulsoTech,2026-03-15 04:08:18,Cuenta_Nueva,14.6,1198,38.0,4.3,No,0
919,579.0,23,@valentinacardenasco,TikTok,Repost/Cita,yo vine a leer los comentarios que siempre son mejores que la noticia y todavía falta que hable Kai 🤔,#QueDijoKai #Cancelado,,2026-03-15 03:06:15,Anónimo,437.3,376,217.0,0.1,No,0
920,847.0,247,@antonia2020,TikTok,Comentario,para que sepan: nadie de los que participamos notó nada fuera de lo normal esa noche,#KaiDuarte,,2026-03-15 04:13:49,Verificado,,4732,159.0,0.1,No,3
921,847.0,347,@luisarojas_,TikTok,Comentario,"actualización: conozco a alguien que ganó un sorteo anterior de Kai, todo fue legal",#YoLeCreoAKai #EvaluandoLaSituacion,,2026-03-15 02:46:44,Anónimo,10.7,40,501.0,0.1,No,4
922,556.0,213,@julianortiz_col,X,Comentario,Esto se siente exactamente igual a lo del año pasado con otro streamer ya en serio 🤔🤔,,,2026-03-15 01:26:36,Anónimo,1832.8,3359,152.0,0.1,No,0
923,799.0,349,@jorgecun,X,Comentario,esto me recuerda a como diez casos parecidos sin exagerar,#Cancelado,,2026-03-15 04:14:58,Cuenta_Nueva,2.2,337,265.0,0.4,No,0
924,754.0,60,@alejandropinzon99,Instagram,Comentario,me parece raro que UrbanKrew se pronuncie tan rápido sin saber toda la historia,,NovaVolt,2026-03-15 04:48:22,Anónimo,1712.2,2331,29.0,4.2,No,0
925,829.0,268,@viviana_real,TikTok,Comentario,posta que una cuenta que no conozco subió una captura que supuestamente confirma todo,,,2026-03-15 05:13:31,Cuenta_Nueva,10.6,1154,576.0,11.7,Sí (idéntico a publicación de 2023 sobre otro creador),1
926,689.0,198,@kevincastro03,TikTok,Repost/Cita,No había visto esta cantidad de gente opinando de algo en meses sinceramente.,#Cancelado,,2026-03-15 05:43:23,Fan_Antiguo,30.0,1746,60.0,1.2,No,0
927,903.0,306,@carloslopez_col,X,Descripción de captura,@UrbanKrew ustedes ya sabían de esto o no? necesitamos que hablen,#QueDijoKai #KaiDuarte,PulsoTech,2026-03-15 03:33:13,Anónimo,13.2,420,43.0,1.4,No,0
928,859.0,377,@despiertaya_618,X,Repost/Cita,"no dejen que borren la evidencia, guarden capturas ya #CancelenAKai",#CancelenAKai,,2026-03-15 03:19:17,Bot_Sospechoso,3.0,985,299.0,9.0,No,0
929,725.0,392,@teamkai_498,Instagram,Comentario,"Kai lleva años siendo transparente con sus sorteos, esto no cuadra",#JusticiaParaKai,,2026-03-15 04:57:35,Cuenta_Nueva,920.5,1235,335.0,0.1,No,2
930,,44,@santiago_,Instagram,Comentario,yo sigo esperando que Kai diga algo otra vez.,#KaiDuarte,,2026-03-15 02:12:23,Verificado,30.0,172,40.0,4.2,No,1
931,804.0,276,@carlos03,TikTok,Comentario,ojo con esto: circula el rumor de que hay más pruebas guardadas para después,,,2026-03-15 03:56:24,Anónimo,10.1,109,1088.0,9.2,No,1
932,879.0,326,@ricardo_uni,Instagram,Comentario,una cuenta que no conozco subió una captura que supuestamente confirma todo,#Cancelado #EvaluandoLaSituacion,,2026-03-15 03:44:31,Anónimo,10.3,901,190.0,11.1,No,1
933,843.0,17,@ricardo_ug,TikTok,Comentario,"yo creo que el clip completo, sin el corte de 14 segundos, cuenta una historia distinta",#YoLeCreoAKai,,2026-03-15 06:27:40,Anónimo,30.0,6602,97.0,5.0,No,3
934,,220,@juliannino_00,X,Repost/Cita,"todo mundo subiendo teorías, nadie subiendo pruebas y eso que apenas empieza el día.",,,2026-03-15 01:28:28,Verificado,423.8,1149,25.0,2.2,No,0
935,766.0,245,@ricardoleonbogota,TikTok,Comentario,yo llevo horas viendo hilos sobre esto en vez de dormir ya en serio...,#KaiDuarte,,2026-03-15 04:40:33,Fan_Antiguo,1107.8,45900,198.0,0.1,No,0
936,,345,@hectorramirez,Instagram,Comentario,no había visto esta cantidad de gente opinando de algo en meses y todavía falta que hable Kai,,,2026-03-15 01:36:48,Anónimo,12.3,170,22.0,1.8,No,0
937,740.0,77,@alejandrorojas_11,TikTok,Comentario,"esto ya lo vi venir hace rato, algo raro pasaba y cada rato cambia la versión.",#EvaluandoLaSituacion,,2026-03-15 04:07:30,Anónimo,284.9,995,32.0,1.3,No,1
938,752.0,9,@yulianasuarez07,X,Comentario,"dato: vi la transmisión completa dos veces, no encuentro el corte que muestran",#KaiDuarte,,2026-03-15 04:35:48,Fan_Antiguo,511.7,4216,468.0,0.8,No,1
939,,27,@cristiancruz15,TikTok,Comentario,"sea cual sea la verdad, la forma en que se está manejando esto es un desastre de verdad",#CancelenAKai #EvaluandoLaSituacion,,2026-03-15 00:23:53,Fan_Antiguo,122.4,272,127.0,0.1,No,1
940,724.0,5,@tatiana2020,X,Repost/Cita,"sea cual sea la verdad, la forma en que se está manejando esto es un desastre y eso que apenas empieza el día...",#QueDijoKai,,2026-03-15 04:42:33,Verificado,692.0,2193,7.0,2.8,No,0
941,925.0,333,@monicamedinasabana,Instagram,Comentario,"ojo con esto: vi un live reaccionando que desmontó todo, aunque no lo vi completo",#CancelenAKai,,2026-03-15 05:19:54,Anónimo,25.5,724,265.0,13.4,Posible (similar a una publicación anterior),0
942,902.0,366,@mvidalteam_057,TikTok,Repost/Cita,"confirmado, Kai amañó el sorteo, pasen la voz #CancelenAKai",#CancelenAKai,,2026-03-15 03:40:42,Bot_Sospechoso,2.5,16887,121.0,12.9,No,0
943,,134,@tatianamedina07,X,Descripción de captura,"que fastidio, otra vez cancelando a alguien sin dejarlo hablar de verdad 😳",,,2026-03-15 01:05:09,Verificado,898.6,490,35.0,0.8,No,2
944,904.0,119,@santiagomedinatv,X,Comentario,ojo con esto: dicen que hay un audio filtrado completo pero nadie lo ha mostrado,#CancelenAKai,,2026-03-15 03:51:56,Verificado,911.6,4906,664.0,0.1,No,1
945,,243,@monicapinzon2020,X,Repost/Cita,Tremendo desorden se armó de la nada anoche y las marcas ni se han pronunciado bien,#EvaluandoLaSituacion,,2026-03-15 03:27:53,Fan_Antiguo,1268.8,9767,92.0,0.2,No,0
946,663.0,103,@harold98,X,Comentario,esto se siente exactamente igual a lo del año pasado con otro streamer la verdad...,#Cancelado,,2026-03-15 05:12:06,Bot_Sospechoso,421.2,854,14.0,0.1,No,0
947,728.0,101,@jorgesalazarbogota,TikTok,Repost/Cita,"que oso si es verdad, y que oso si no lo es y nadie sabe ni qué creer 😳😳",#KaiDuarte #QueDijoKai,,2026-03-15 04:20:49,Fan_Antiguo,,2922,198.0,0.7,No,0
948,784.0,366,@mvidalteam_057,TikTok,Repost/Cita,"COMPARTAN esto antes de que lo borren, la verdad sobre Kai #CancelenAKai",#CancelenAKai,,2026-03-15 04:01:33,Bot_Sospechoso,2.5,16887,144.0,11.5,No,0
949,825.0,25,@andres_ug,TikTok,Comentario,si esto no se aclara hoy se va a armar una novela de meses y todavía falta que hable Kai,#EvaluandoLaSituacion #KaiDuarte,,2026-03-15 04:05:47,Verificado,,3288,31.0,3.6,No,0
950,859.0,374,@mvidalteam_863,TikTok,Repost/Cita,"no dejen que borren la evidencia, guarden capturas ya #CancelenAKai",#CancelenAKai,,2026-03-15 03:14:39,Bot_Sospechoso,2.2,15246,92.0,21.3,No,0
951,514.0,288,@monicatv,Instagram,Comentario,el trending de hoy tenía que ser esto obviamente la verdad,,,2026-03-15 04:06:36,Anónimo,7.2,413,52.0,2.5,No,0
952,,446,@ChequeoDigitalCO,X,Post original,Encontramos inconsistencias de horario en al menos dos de las pruebas que circulan.,#VerificaAntesDeCompartir,,2026-03-15 00:01:09,Verificado,1100.0,60000,851.0,0.3,No,1
953,843.0,22,@karenpinzon_,Instagram,Comentario,"para que sepan: el proceso del sorteo se hizo con testigos externos, no solo del equipo de Kai",,,2026-03-15 06:13:28,Anónimo,2028.6,20256,144.0,1.5,Posible (similar a una publicación anterior),7
954,827.0,171,@cesar07,Instagram,Comentario,yo sigo esperando que Kai diga algo sinceramente,,,2026-03-15 04:39:21,Verificado,1687.8,6372,42.0,5.1,No,0
955,869.0,240,@alejandrogomez,X,Comentario,el trending de hoy tenía que ser esto obviamente y cada rato cambia la versión...,#EvaluandoLaSituacion,,2026-03-15 01:35:50,Verificado,2138.9,9085,23.0,0.2,No,0
956,,66,@isabellax,X,Comentario,increíble como en una noche esto se salió de control sinceramente,#EvaluandoLaSituacion,,2026-03-15 01:05:17,Fan_Antiguo,1122.6,9527,13.0,2.5,No,0
957,829.0,149,@paola,X,Comentario,Yo estaba conectado desde el minuto uno y no vi nada extraño,#KaiDuarte,,2026-03-15 05:50:20,Fan_Antiguo,890.2,6350,23.0,1.3,No,5
958,869.0,300,@ivan2020,X,Comentario,Ojo con esto: un influencer chiquito aseguró que tiene pruebas pero no las ha mostrado,,,2026-03-15 04:16:07,Cuenta_Nueva,17.7,815,,2.4,Sí (idéntico a publicación de 2023 sobre otro creador),0
959,647.0,101,@jorgesalazarbogota,TikTok,Transcripción de audio/video,no había visto esta cantidad de gente opinando de algo en meses sin exagerar 💀💀,#KaiDuarte,,2026-03-15 04:34:17,Fan_Antiguo,2121.2,2922,40.0,1.2,No,0
960,,137,@ricardomorenocun,TikTok,Comentario,honestamente ya perdí la cuenta de cuántas pruebas van y cada rato cambia la versión...,,,2026-03-15 03:09:05,Fan_Antiguo,1378.5,3271,23.0,0.7,No,1
961,845.0,270,@julianacardenas34,X,Comentario,"circula que vi un live reaccionando que desmontó todo, aunque no lo vi completo",#Cancelado,,2026-03-15 04:47:00,Cuenta_Nueva,0.0,1657,2378.0,18.2,No,1
962,,298,@juliancastro_ug,TikTok,Comentario,honestamente ya perdí la cuenta de cuántas pruebas van y todavía falta que hable Kai,,,2026-03-15 02:25:11,Anónimo,11.5,268,11.0,3.2,No,0
963,882.0,128,@laura99,X,Repost/Cita,no puedo creer lo que está pasando con Kai de verdad,,,2026-03-15 04:53:19,Anónimo,481.6,2773,45.0,2.9,No,0
964,,60,@alejandropinzon99,X,Repost/Cita,increíble como en una noche esto se salió de control de verdad,,,2026-03-15 03:26:12,Anónimo,1712.2,2331,68.0,2.0,No,0
965,,129,@isabellabogota,TikTok,Post original,si esto no se aclara hoy se va a armar una novela de meses sinceramente,,,2026-03-15 03:51:30,Fan_Antiguo,470.7,1846,25.0,1.1,No,0
966,779.0,272,@oscarvargas34,X,Comentario,"Honestamente, la plataforma que usaron para el sorteo es auditable, cualquiera puede revisarla",,,2026-03-15 04:49:00,Cuenta_Nueva,8.7,103,106.0,0.1,No,4
967,660.0,295,@kevin15,Foro anónimo,Comentario,posta que dicen que hay un audio filtrado completo pero nadie lo ha mostrado,#CancelenAKai,,2026-03-15 05:49:01,Anónimo,22.8,699,844.0,8.2,No,0
968,966.0,128,@laura99,X,Comentario,actualización: seguridad del evento confirmó que hubo varios testigos presentes,,,2026-03-15 04:50:28,Anónimo,481.6,2773,272.0,5.1,No,3
969,568.0,346,@sebastianpardo_real,X,Comentario,la cantidad de cuentas nuevas comentando esto me da mala espina la verdad,#EvaluandoLaSituacion,,2026-03-15 03:32:11,Anónimo,12.0,15,128.0,2.0,No,0
970,869.0,7,@juliana_ug,Instagram,Transcripción de audio/video,"A mi me da igual, no sigo a Kai pero el trending me tiene aquí leyendo y nadie sabe ni qué creer",,,2026-03-15 03:03:35,Verificado,240.9,1015,158.0,1.4,No,0
971,662.0,209,@isabellamoreno99,TikTok,Comentario,no había visto esta cantidad de gente opinando de algo en meses y todavía falta que hable Kai,#EvaluandoLaSituacion,,2026-03-15 03:21:02,Fan_Antiguo,30.0,659,109.0,5.0,No,0
972,,255,@cristianalarconcun,Instagram,Post original,yo sigo esperando que Kai diga algo y eso que apenas empieza el día 😳😳,#EvaluandoLaSituacion,,2026-03-15 02:49:21,Fan_Antiguo,1035.4,3661,25.0,1.1,No,0
973,860.0,262,@oscarpinzon,TikTok,Comentario,  esto se siente exactamente igual a lo del año pasado con otro streamer y eso que apenas empieza el día   ,#EvaluandoLaSituacion #Cancelado,,2026-03-15 04:11:37,Cuenta_Nueva,0.2,142,101.0,2.9,No,1
974,677.0,40,@claudia_ug,Instagram,Repost/Cita,"esto se puso serio rapidísimo, hace una hora era chisme y las marcas ni se han pronunciado bien 😭😭",,,2026-03-15 04:28:05,Anónimo,678.4,5987,9.0,2.1,No,0
975,773.0,310,@lilianacardenas_real,X,Comentario,me acaban de contar que supuestamente el ganador real habló pero borró el mensaje rapidísimo,#QueDijoKai #Cancelado,,2026-03-15 04:42:02,Anónimo,13.7,85,611.0,9.2,No,1
976,692.0,255,@cristianalarconcun,X,Comentario,el trending de hoy tenía que ser esto obviamente y cada rato cambia la versión,#Cancelado,,2026-03-15 04:18:51,Fan_Antiguo,1035.4,3661,38.0,2.5,No,1
977,,266,@gabrielasabana,TikTok,Repost/Cita,"a mi me da igual, no sigo a Kai pero el trending me tiene aquí leyendo sin exagerar",#KaiDuarte,,2026-03-15 01:01:10,Cuenta_Nueva,13.9,1813,68.0,4.7,No,1
978,966.0,139,@gabrielanino_real,Instagram,Comentario,Esto me recuerda a como diez casos parecidos sin exagerar.,#KaiMentiroso #FueraKai,,2026-03-15 05:03:47,Anónimo,2428.8,1858,188.0,1.2,No,0
979,917.0,360,@despiertaya_807,X,Repost/Cita,"confirmado, Kai amañó el sorteo, pasen la voz #CancelenAKai",#CancelenAKai,,2026-03-15 02:12:05,Bot_Sospechoso,,11849,204.0,24.7,No,0
980,656.0,259,@karensuarez,Instagram,Comentario,honestamente ya perdí la cuenta de cuántas pruebas van y cada rato cambia la versión,#CancelenAKai,,2026-03-15 04:37:41,Anónimo,4.1,3606,102.0,3.2,No,0
981,552.0,80,@juansalazar03,TikTok,Comentario,cada hora aparece un ángulo nuevo de esto sinceramente,,,2026-03-15 04:03:22,Verificado,1451.6,2025,12.0,3.4,No,0
982,920.0,19,@gabrielamedina07,TikTok,Comentario,Yo creo que revisé el reglamento público del sorteo y coincide con lo que se hizo,,,2026-03-15 04:14:24,Fan_Antiguo,1199.2,4505,785.0,4.6,No,3
983,,284,@melissaramirez34,Instagram,Post original,honestamente ya perdí la cuenta de cuántas pruebas van y todavía falta que hable Kai.,#KaiDuarte #EvaluandoLaSituacion,,2026-03-15 02:50:41,Cuenta_Nueva,3.6,1338,18.0,1.0,No,0
984,959.0,311,@wilson2020,TikTok,Repost/Cita,el trending de hoy tenía que ser esto obviamente y nadie sabe ni qué creer,,,2026-03-15 04:56:54,Cuenta_Nueva,15.0,121,49.0,1.8,No,0
985,653.0,258,@cesarlopez98,Instagram,Descripción de captura,"que oso si es verdad, y que oso si no lo es y cada rato cambia la versión 😭😭",,,2026-03-15 04:14:35,Cuenta_Nueva,10.1,239,42.0,1.0,No,1
986,789.0,47,@felipex,TikTok,Descripción de captura,el que suba a defenderlo sin pruebas también me da desconfianza ya en serio 🤔🤔,,,2026-03-15 04:43:33,Verificado,1856.1,893,113.0,2.8,No,1
987,883.0,412,@fansdekai_685,X,Comentario,el historial de Kai con sus sorteos ha sido limpio siempre,#JusticiaParaKai,,2026-03-15 03:42:41,Anónimo,577.4,1530,61.0,11.1,No,3
988,,201,@cesar15,Instagram,Repost/Cita,alguien me explica bien qué fue lo que pasó anoche 😭,#EvaluandoLaSituacion,,2026-03-15 04:13:09,Anónimo,1280.8,4998,524.0,1.6,No,0
989,,190,@carlosmedinatv,TikTok,Post original,"a mi me da igual, no sigo a Kai pero el trending me tiene aquí leyendo y nadie sabe ni qué creer...",#Cancelado,,2026-03-15 04:17:50,Verificado,1927.5,11752,98.0,1.6,No,0
990,983.0,156,@wilson_uni,X,Transcripción de audio/video,ya perdí la cuenta de cuántos hilos van sobre esto de verdad,#Cancelado,,2026-03-15 03:06:09,Anónimo,540.8,1025,170.0,3.5,No,0
991,,268,@viviana_real,Instagram,Comentario,todo el mundo etiquetando a UrbanKrew pidiendo que se pronuncien,#EvaluandoLaSituacion,UrbanKrew,2026-03-15 02:35:26,Cuenta_Nueva,10.6,1154,60.0,0.4,No,0
992,961.0,317,@felipelopez22,TikTok,Comentario,"Cada rato sale un testigo nuevo, esto ya parece novela y nadie sabe ni qué creer",,,2026-03-15 04:58:42,Cuenta_Nueva,0.5,30,75.0,1.9,No,0
993,700.0,312,@ricardocun,Instagram,Comentario,dejen a la gente en paz hasta que se sepa la verdad y cada rato cambia la versión,,,2026-03-15 04:12:54,Anónimo,0.3,171,37.0,0.1,No,0
994,767.0,179,@hector15,Foro anónimo,Comentario,"La marca ya se está lavando las manos, típico y todavía falta que hable Kai",#KaiDuarte,,2026-03-15 03:57:57,Anónimo,1917.0,11210,100.0,1.4,No,0
995,824.0,236,@tomas_col,X,Comentario,"Que fastidio, otra vez cancelando a alguien sin dejarlo hablar de verdad",#KaiDuarte,,2026-03-15 04:29:50,Fan_Antiguo,367.2,2412,23.0,2.5,No,1
996,806.0,343,@angie07,X,Comentario,"Yo creo que vi la transmisión completa dos veces, no encuentro el corte que muestran",,,2026-03-15 04:11:07,Cuenta_Nueva,21.7,613,117.0,1.2,No,2
997,753.0,137,@ricardomorenocun,TikTok,Comentario,yo creo que nadie de los que participamos notó nada fuera de lo normal esa noche,#JusticiaParaKai,,2026-03-15 04:35:17,Fan_Antiguo,1378.5,3271,42.0,7.5,Sí (idéntico a publicación de 2023 sobre otro creador),1
998,951.0,415,@fansdekai_985,TikTok,Comentario,"si escuchan el audio completo, Kai está bromeando, no confesando nada",#JusticiaParaKai,,2026-03-15 04:10:51,Cuenta_Nueva,1059.5,2593,208.0,10.9,No,0
999,850.0,208,@diegoco,X,Comentario,esto me recuerda a como diez casos parecidos de verdad,,,2026-03-15 03:35:08,Fan_Antiguo,2705.8,6040,80.0,1.0,No,0
1000,900.0,216,@vivianaramirez_ug,X,Repost/Cita,honestamente ya perdí la cuenta de cuántas pruebas van y todavía falta que hable Kai...,#CancelenAKai #QueDijoKai,,2026-03-15 04:47:36,Anónimo,448.1,1917,144.0,0.8,No,0
1001,822.0,173,@mateox,TikTok,Transcripción de audio/video,La gente ya no espera pruebas para cancelar a nadie,,,2026-03-15 04:44:22,Verificado,604.3,958,66.0,1.7,No,0
1002,978.0,162,@haroldsalazar,X,Comentario,clásico: pasa algo de madrugada y para el mediodía ya todos tienen opinión sin exagerar,#KaiDuarte,,2026-03-15 05:04:46,Fan_Antiguo,748.1,2236,79.0,2.4,No,0
1003,994.0,360,@despiertaya_807,TikTok,Repost/Cita,"no dejen que borren la evidencia, guarden capturas ya #CancelenAKai",#CancelenAKai,,2026-03-15 04:14:34,Bot_Sospechoso,0.2,11849,193.0,21.0,No,2
1004,957.0,327,@yuliana07,X,Comentario,"honestamente, el clip completo, sin el corte de 14 segundos, cuenta una historia distinta",#QueDijoKai #YoLeCreoAKai,,2026-03-15 05:53:28,Cuenta_Nueva,14.7,52,184.0,0.3,No,2
1005,858.0,287,@lilianax,X,Comentario,dicen que un tiktok con millones de vistas ya lo dio por hecho,,,2026-03-15 05:00:25,Cuenta_Nueva,20.0,280,1016.0,16.6,No,0
1006,780.0,161,@lauramoreno22,TikTok,Repost/Cita,esto va a ser tendencia todo el día seguro y nadie sabe ni qué creer,,,2026-03-15 04:35:35,Anónimo,30.0,6893,482.0,5.6,No,0
1007,968.0,338,@cesarsabana,TikTok,Comentario,Dicen que dicen que hay un audio filtrado completo pero nadie lo ha mostrado,#EvaluandoLaSituacion,,2026-03-15 04:51:16,Cuenta_Nueva,2.6,970,,11.0,Posible (similar a una publicación anterior),1
1008,867.0,221,@carlosbogota,TikTok,Comentario,Circula el rumor de que hay más pruebas guardadas para después,,,2026-03-15 04:23:38,Fan_Antiguo,688.7,2235,550.0,3.0,Sí (idéntico a publicación de 2023 sobre otro creador),0
1009,858.0,342,@kevin_00,Instagram,Comentario,Literal me desperté y lo primero que vi fue esto ya en serio,#EvaluandoLaSituacion,,2026-03-15 05:02:57,Cuenta_Nueva,18.5,10457,,3.2,No,0
1010,965.0,289,@gabrielarojas,X,Comentario,"posta que vi un live reaccionando que desmontó todo, aunque no lo vi completo",,,2026-03-15 04:16:25,Cuenta_Nueva,0.0,2339,732.0,14.8,No,0
1011,883.0,338,@cesarsabana,X,Comentario,Si esto no se aclara hoy se va a armar una novela de meses y eso que apenas empieza el día.,#QueDijoKai #KaiDuarte,,2026-03-15 04:07:18,Cuenta_Nueva,2.6,970,169.0,3.2,No,0
1012,662.0,300,@ivan2020,Instagram,Comentario,"UrbanKrew lleva media hora sin responder nada, mal ahí",,UrbanKrew,2026-03-15 03:43:03,Cuenta_Nueva,17.7,815,25.0,0.4,No,1
1013,674.0,63,@saragomez22,X,Comentario,en mi casa no se habla de otra cosa desde anoche y las marcas ni se han pronunciado bien,#KaiDuarte,,2026-03-15 05:14:06,Verificado,30.0,9430,51.0,0.1,No,3
1014,829.0,318,@angie03,X,Transcripción de audio/video,no puedo creer lo que está pasando con Kai sin exagerar,#KaiDuarte,,2026-03-15 05:11:48,Cuenta_Nueva,9.1,180,32.0,0.3,No,1
1015,982.0,203,@danielaperez2020,TikTok,Comentario,la gente ya no espera pruebas para cancelar a nadie y nadie sabe ni qué creer,#VerificaAntesDeCompartir,,2026-03-15 04:24:08,Verificado,30.0,3012,117.0,1.7,No,0
1016,813.0,68,@gabriela99,TikTok,Comentario,"honestamente, el ganador de mi ciudad sí recibió el premio sin ningún inconveniente",#KaiDuarte #EvaluandoLaSituacion,,2026-03-15 03:00:49,Verificado,1575.7,29670,747.0,6.3,No,3
1017,953.0,350,@yulianaleon_real,Instagram,Comentario,"actualización: el clip completo, sin el corte de 14 segundos, cuenta una historia distinta",#Cancelado #KaiEsInocente,,2026-03-15 06:42:01,Cuenta_Nueva,0.0,556,320.0,5.9,No,2
1018,778.0,169,@vivianacruz_00,Instagram,Comentario,"para que sepan: el clip completo, sin el corte de 14 segundos, cuenta una historia distinta",#YoLeCreoAKai,,2026-03-15 03:12:03,Anónimo,313.8,38563,38.0,7.1,Posible (similar a una publicación anterior),3
1019,754.0,221,@carlosbogota,Instagram,Comentario,"yo creo que el proceso del sorteo se hizo con testigos externos, no solo del equipo de Kai",,,2026-03-15 05:00:00,Fan_Antiguo,688.7,2235,378.0,3.9,No,3
1020,754.0,32,@valeria,X,Comentario,Mis amigas y yo llevamos toda la noche hablando de esto...,#EvaluandoLaSituacion #CancelenAKai,,2026-03-15 04:44:26,Verificado,380.2,6269,127.0,3.0,No,0
1021,990.0,35,@ricardo_00,TikTok,Repost/Cita,yo creo que hay que esperar antes de sacar conclusiones y cada rato cambia la versión...,#QueDijoKai,,2026-03-15 03:20:29,Anónimo,1551.1,1838,16.0,2.7,No,0
1022,982.0,282,@daniela22,Foro anónimo,Comentario,"Dato: vi la transmisión completa dos veces, no encuentro el corte que muestran",,,2026-03-15 04:16:01,Cuenta_Nueva,6.0,153,50.0,3.3,No,2
1023,845.0,266,@gabrielasabana,Instagram,Comentario,Posta que circula el rumor de que hay más pruebas guardadas para después,,,2026-03-15 04:36:51,Cuenta_Nueva,13.9,1813,507.0,4.1,Posible (similar a una publicación anterior),1
1024,839.0,223,@ricardo07,TikTok,Comentario,yo creo que seguridad del evento confirmó que hubo varios testigos presentes,,,2026-03-15 05:33:47,Fan_Antiguo,1197.3,1391,106.0,2.0,No,0
1025,879.0,8,@sara07,TikTok,Repost/Cita,La gente ya no espera pruebas para cancelar a nadie y todavía falta que hable Kai.,#OjoConEstoKai #FakeNews,,2026-03-15 03:42:30,Verificado,1779.8,696,24.0,0.1,No,0
1026,822.0,415,@fansdekai_985,Instagram,Comentario,"eso que están pasando como prueba nueva es de un caso viejo, no es de ahora",#JusticiaParaKai,,2026-03-15 04:39:51,Cuenta_Nueva,1059.5,2593,143.0,0.1,No,3
1027,1026.0,271,@manuela34,X,Comentario,Yo esperaría el comunicado oficial antes de opinar sin exagerar 🤔,#QueDijoKai,,2026-03-15 04:41:30,Anónimo,6.3,555,101.0,2.0,No,0
1028,996.0,341,@manuelaortizsabana,X,Comentario,no había visto esta cantidad de gente opinando de algo en meses y las marcas ni se han pronunciado bien,#Cancelado,,2026-03-15 04:16:37,Cuenta_Nueva,11.3,220,27.0,2.2,No,0
1029,,337,@antoniaperez99,Instagram,Transcripción de audio/video,yo sigo esperando que Kai diga algo y todavía falta que hable Kai...,#EvaluandoLaSituacion,,2026-03-15 04:10:20,Cuenta_Nueva,4.0,172,37.0,3.4,No,1
1030,,218,@camilacardenas,Instagram,Repost/Cita,yo llevo horas viendo hilos sobre esto en vez de dormir sinceramente,#EvaluandoLaSituacion,,2026-03-15 02:43:26,Verificado,2503.6,13569,7.0,1.9,No,0
1031,777.0,117,@estebanlopez98,X,Comentario,"cada rato sale un testigo nuevo, esto ya parece novela ya en serio",,,2026-03-15 01:06:50,Verificado,2699.5,522,327.0,2.3,No,0
1032,,281,@david_,X,Repost/Cita,yo vine a leer los comentarios que siempre son mejores que la noticia ya en serio...,#KaiDuarte #EvaluandoLaSituacion,,2026-03-15 03:07:10,Anónimo,18.4,401,130.0,2.5,No,0
1033,1023.0,308,@johanacun,TikTok,Comentario,posta que circula una lista de pruebas pero ninguna se puede verificar bien,,,2026-03-15 04:38:32,Cuenta_Nueva,4.5,537,,10.3,No,0
1034,859.0,262,@oscarpinzon,X,Comentario,Posta que alguien juró que tiene capturas del chat privado pero nunca las publicó,,,2026-03-15 03:24:47,Cuenta_Nueva,0.2,142,221.0,9.1,No,1
1035,981.0,321,@antonianino_11,X,Comentario,no puedo creer lo que está pasando con Kai ya en serio,#QueDijoKai,,2026-03-15 04:15:45,Cuenta_Nueva,4.7,191,86.0,0.5,No,1
1036,632.0,121,@gabrielabogota,TikTok,Transcripción de audio/video,"cada rato sale un testigo nuevo, esto ya parece novela sinceramente.",,,2026-03-15 04:30:15,Fan_Antiguo,1413.4,8207,74.0,1.9,No,1
1037,,5,@tatiana2020,Instagram,Transcripción de audio/video,"  Que oso si es verdad, y que oso si no lo es y las marcas ni se han pronunciado bien.   ",#EvaluandoLaSituacion,,2026-03-15 02:10:12,Verificado,692.0,2193,76.0,2.7,No,1
1038,908.0,109,@juanlopez07,TikTok,Comentario,alguien me explica bien qué fue lo que pasó anoche y cada rato cambia la versión,#QueDijoKai #KaiDuarte,,2026-03-15 03:16:07,Anónimo,633.6,1789,61.0,0.7,No,0
1039,768.0,385,@despiertaya_406,TikTok,Repost/Cita,"confirmado, Kai amañó el sorteo, pasen la voz #CancelenAKai",#CancelenAKai,,2026-03-15 05:15:01,Bot_Sospechoso,1.5,11369,170.0,14.3,No,0
1040,1015.0,136,@valeriacastro07,X,Comentario,El que suba a defenderlo sin pruebas también me da desconfianza de verdad.,#Cancelado,,2026-03-15 04:41:03,Fan_Antiguo,1670.2,1030,50.0,2.0,No,0
1041,916.0,121,@gabrielabogota,Instagram,Transcripción de audio/video,Ya perdí la cuenta de cuántos hilos van sobre esto y las marcas ni se han pronunciado bien,#EvaluandoLaSituacion #Cancelado,,2026-03-15 03:15:00,Fan_Antiguo,1413.4,8207,189.0,0.8,No,0
1042,1003.0,367,@noloocultes_218,X,Repost/Cita,esto es un ESCÁNDALO y las marcas lo están tapando #CancelenAKai,#CancelenAKai,,2026-03-15 04:15:35,Bot_Sospechoso,1.0,4889,137.0,27.8,No,0
1043,861.0,33,@cristiansabana,Instagram,Comentario,ya perdí la cuenta de cuántos hilos van sobre esto 😭😭,#YoLeCreoAKai,,2026-03-15 05:32:45,Anónimo,883.4,15683,320.0,2.7,No,0
1044,683.0,193,@tatiana,X,Transcripción de audio/video,El trending de hoy tenía que ser esto obviamente la verdad,#KaiDuarte,,2026-03-15 03:31:04,Anónimo,486.5,1215,22.0,0.1,No,0
1045,893.0,173,@mateox,Instagram,Comentario,  yo llevo horas viendo hilos sobre esto en vez de dormir y cada rato cambia la versión   ,,,2026-03-15 02:44:53,Verificado,604.3,958,91.0,4.0,No,0
1046,982.0,43,@cesarmoreno,TikTok,Comentario,"honestamente, el proceso del sorteo se hizo con testigos externos, no solo del equipo de Kai",,,2026-03-15 04:22:22,Bot_Sospechoso,399.3,2727,1116.0,0.8,No,4
1047,921.0,365,@despiertaya_531,X,Repost/Cita,"confirmado, Kai amañó el sorteo, pasen la voz #CancelenAKai",#CancelenAKai,,2026-03-15 03:01:20,Bot_Sospechoso,2.6,14140,192.0,13.5,No,0
1048,958.0,261,@camilalopez99,TikTok,Comentario,"me acaban de contar que me contaron que alguien del equipo renunció por esto, sin confirmación",,,2026-03-15 04:17:01,Anónimo,1.5,5573,107.0,8.4,Posible (similar a una publicación anterior),1
1049,827.0,245,@ricardoleonbogota,Instagram,Comentario,yo creo que revisé el reglamento público del sorteo y coincide con lo que se hizo,#QueDijoKai,,2026-03-15 04:44:02,Fan_Antiguo,1107.8,45900,228.0,6.9,No,0
1050,,290,@haroldbogota,X,Post original,si esto resulta ser falso alguien tiene que responder por el daño y nadie sabe ni qué creer 💀,#EvaluandoLaSituacion #VerificaAntesDeCompartir,,2026-03-15 03:17:41,Anónimo,8.1,277,135.0,1.2,No,0
1051,950.0,355,@apoyomateo_602,TikTok,Repost/Cita,esto es un ESCÁNDALO y las marcas lo están tapando #CancelenAKai,#CancelenAKai,,2026-03-15 04:13:56,Bot_Sospechoso,1.5,3987,145.0,11.0,No,0
1052,884.0,394,@fansdekai_163,X,Comentario,"esa imagen no es nueva, ya circulaba con otro nombre hace tiempo",#JusticiaParaKai,,2026-03-15 05:15:21,Anónimo,716.1,699,632.0,9.0,No,0
1053,,349,@jorgecun,X,Comentario,yo vine a leer los comentarios que siempre son mejores que la noticia.,#Cancelado,,2026-03-15 02:01:27,Cuenta_Nueva,2.2,337,14.0,1.4,No,0
1054,806.0,286,@miguelco,TikTok,Comentario,"honestamente, tengo un conocido que trabajó en la producción, dice que todo estuvo en orden",#EvaluandoLaSituacion #YoLeCreoAKai,,2026-03-15 04:16:03,Cuenta_Nueva,21.1,181,257.0,6.6,No,3
1055,914.0,420,@fansdekai_721,X,Comentario,"llevo horas buscando la prueba de verdad y no existe, es puro rumor",#JusticiaParaKai,,2026-03-15 03:05:13,Fan_Antiguo,37.7,1500,299.0,2.2,No,0
1056,1018.0,139,@gabrielanino_real,X,Comentario,"vi la transmisión completa dos veces, no encuentro el corte que muestran",,,2026-03-15 03:39:12,Anónimo,2428.8,1858,162.0,0.7,No,2
1057,835.0,186,@monicarios,X,Repost/Cita,"la marca ya se está lavando las manos, típico sin exagerar 😭",#EvaluandoLaSituacion #QueDijoKai,,2026-03-15 05:01:52,Anónimo,885.4,3535,36.0,1.7,No,0
1058,733.0,225,@yesidgomez_real,Instagram,Comentario,honestamente ya perdí la cuenta de cuántas pruebas van otra vez...,,,2026-03-15 04:23:01,Fan_Antiguo,1699.7,2882,9.0,1.9,No,0
1059,899.0,64,@isabella,TikTok,Comentario,en mi casa no se habla de otra cosa desde anoche y nadie sabe ni qué creer.,#QueDijoKai #KaiDuarte,,2026-03-15 04:50:06,Verificado,591.4,922,28.0,0.9,No,0
1060,,210,@oscarleon_ug,Instagram,Descripción de captura,clásico: pasa algo de madrugada y para el mediodía ya todos tienen opinión y nadie sabe ni qué creer,#EvaluandoLaSituacion,,2026-03-15 04:20:15,Fan_Antiguo,1298.5,4703,35.0,0.9,No,0
1061,,342,@kevin_00,X,Post original,"cada rato sale un testigo nuevo, esto ya parece novela.",#KaiEsInocente,,2026-03-15 00:17:36,Cuenta_Nueva,18.5,10457,4.0,3.5,No,0
1062,1051.0,114,@tomaspinzonsabana,X,Comentario,"posta que según un grupo de Facebook, esto ya se sabía desde hace meses",,,2026-03-15 04:16:48,Fan_Antiguo,30.0,1697,362.0,12.7,Sí (idéntico a publicación de 2023 sobre otro creador),0
1063,1046.0,180,@lilianacruz_real,Instagram,Comentario,Yo creo que yo estaba conectado desde el minuto uno y no vi nada extraño,,,2026-03-15 04:25:25,Fan_Antiguo,1202.1,3063,495.0,0.1,No,3
1064,1051.0,385,@despiertaya_406,X,Repost/Cita,"COMPARTAN esto antes de que lo borren, la verdad sobre Kai #CancelenAKai",#CancelenAKai,,2026-03-15 04:30:00,Bot_Sospechoso,1.5,11369,214.0,6.2,No,0
1065,874.0,61,@juan34,TikTok,Comentario,el que suba a defenderlo sin pruebas también me da desconfianza sinceramente,#KaiDuarte,,2026-03-15 04:39:43,Anónimo,30.0,1023,94.0,4.5,No,0
1066,912.0,71,@luisatv,X,Repost/Cita,"vi que NovaVolt sacó un comunicado, muy tibio la verdad",#FueraKai,NovaVolt,2026-03-15 04:08:58,Anónimo,2238.0,4432,36.0,3.3,No,0
1067,955.0,180,@lilianacruz_real,Instagram,Comentario,yo creo que hay que esperar antes de sacar conclusiones de verdad,#YoLeCreoAKai,,2026-03-15 02:15:35,Fan_Antiguo,1202.1,3063,72.0,0.1,No,0
1068,896.0,327,@yuliana07,TikTok,Comentario,"ojo con esto: me llegó por WhatsApp que Kai sí arregló todo, no tengo la fuente original",,,2026-03-15 03:52:22,Cuenta_Nueva,14.7,52,453.0,9.5,Sí (idéntico a publicación de 2023 sobre otro creador),1
1069,950.0,387,@noloocultes_981,X,Repost/Cita,"no dejen que borren la evidencia, guarden capturas ya #CancelenAKai",#CancelenAKai,,2026-03-15 03:24:18,Bot_Sospechoso,3.0,11156,470.0,24.2,No,0
1070,966.0,55,@samuelco,X,Comentario,"Seguí el proceso desde el chat en vivo, a mí se vio transparente",,,2026-03-15 04:51:35,Fan_Antiguo,123.3,7061,68.0,0.1,No,2
1071,,192,@nataliacardenas15,Instagram,Comentario,PulsoTech debería esperar los resultados antes de tomar una decisión así de grande,#EvaluandoLaSituacion,PulsoTech,2026-03-15 03:37:53,Anónimo,517.2,179,49.0,3.7,No,0
1072,838.0,79,@isabella15,X,Comentario,increíble como en una noche esto se salió de control y nadie sabe ni qué creer 😳,,,2026-03-15 04:18:23,Verificado,759.5,2372,14.0,2.0,No,0
1073,1045.0,189,@maria15,X,Repost/Cita,Yo sigo esperando que Kai diga algo y las marcas ni se han pronunciado bien.,#FakeNews #OjoConEstoKai,,2026-03-15 04:00:12,Verificado,1261.6,8295,23.0,2.6,No,0
1074,1051.0,266,@gabrielasabana,X,Comentario,"circula que me contaron que alguien del equipo renunció por esto, sin confirmación",#KaiMentiroso,,2026-03-15 04:16:26,Cuenta_Nueva,13.9,1813,185.0,1.6,No,1
1075,,191,@davidramirezco,X,Post original,"esto ya lo vi venir hace rato, algo raro pasaba y las marcas ni se han pronunciado bien.",#YoLeCreoAKai #KaiDuarte,,2026-03-15 03:56:51,Fan_Antiguo,2472.9,3398,475.0,0.1,No,0
1076,1065.0,265,@luisacun,X,Comentario,me acaban de contar que dicen que hay un audio filtrado completo pero nadie lo ha mostrado,,,2026-03-15 04:44:04,Cuenta_Nueva,13.2,1241,28.0,0.1,No,1
1077,990.0,282,@daniela22,Instagram,Comentario,circula que un tiktok con millones de vistas ya lo dio por hecho,#FueraKai #CancelenAKai,,2026-03-15 03:15:49,Cuenta_Nueva,6.0,153,167.0,9.9,No,0
1078,1010.0,330,@johana_uni,X,Comentario,"dicen que según un grupo de Facebook, esto ya se sabía desde hace meses",#CancelenAKai,,2026-03-15 04:25:54,Cuenta_Nueva,0.0,444,,12.5,No,1
1079,839.0,115,@claudiasabana,TikTok,Descripción de captura,Yo sigo esperando que Kai diga algo y nadie sabe ni qué creer...,#Cancelado #QueDijoKai,,2026-03-15 05:12:44,Fan_Antiguo,638.0,12316,25.0,4.4,No,0
1080,,334,@juliana,X,Transcripción de audio/video,"cada quien cree lo que quiere creer, ya nadie mira pruebas de verdad 💀💀",#KaiDuarte #CancelenAKai,,2026-03-15 00:14:45,Cuenta_Nueva,0.9,203,50.0,3.4,No,1
1081,923.0,276,@carlos03,X,Comentario,"  pobre la gente que ganó de verdad el sorteo, ahora todos van a dudar de ellos la verdad 😳   ",,,2026-03-15 04:17:50,Anónimo,10.1,109,64.0,0.1,No,0
1082,892.0,370,@mvidalteam_340,TikTok,Repost/Cita,"KAI ES CULPABLE, ya hay pruebas, no lo defiendan más #CancelenAKai",#CancelenAKai,,2026-03-15 04:24:31,Bot_Sospechoso,0.0,21752,77.0,22.1,No,0
1083,1046.0,54,@haroldriosbogota,Foro anónimo,Comentario,"honestamente, un conocido trabaja en el canal y dice que ahí todo queda respaldado",#Cancelado,,2026-03-15 04:25:51,Fan_Antiguo,1270.7,672,77.0,1.5,No,1
1084,804.0,374,@mvidalteam_863,X,Repost/Cita,"COMPARTAN esto antes de que lo borren, la verdad sobre Kai #CancelenAKai",#CancelenAKai,,2026-03-15 03:33:32,Bot_Sospechoso,2.2,15246,204.0,22.6,No,0
1085,776.0,309,@valentinapinzonco,Instagram,Comentario,Circula que supuestamente el ganador real habló pero borró el mensaje rapidísimo,,,2026-03-15 03:43:41,Cuenta_Nueva,6.8,35,949.0,5.9,No,1
1086,854.0,113,@monica_,Instagram,Comentario,dicen que hay un audio filtrado completo pero nadie lo ha mostrado,,,2026-03-15 05:45:50,Anónimo,30.0,44636,4100.0,19.5,No,1
1087,1073.0,131,@oscar,X,Comentario,no había visto esta cantidad de gente opinando de algo en meses y nadie sabe ni qué creer,,,2026-03-15 04:07:15,Fan_Antiguo,2015.6,9927,37.0,3.2,No,0
1088,1081.0,285,@estebanortiz99,X,Comentario,no puedo creer lo que está pasando con Kai la verdad.,#KaiEsInocente,,2026-03-15 04:22:10,Cuenta_Nueva,8.7,515,16.0,3.9,No,0
1089,766.0,425,@kaisquad_668,X,Comentario,"eso que están pasando como prueba nueva es de un caso viejo, no es de ahora",#JusticiaParaKai,,2026-03-15 04:45:01,Cuenta_Nueva,0.0,102,148.0,8.8,No,5
1090,,56,@viviana_uni,X,Repost/Cita,"esto ya lo vi venir hace rato, algo raro pasaba...",#QueDijoKai,,2026-03-15 03:43:58,Fan_Antiguo,1184.2,4271,159.0,5.4,No,0
1091,1046.0,177,@haroldgomez2020,X,Comentario,para que sepan: seguridad del evento confirmó que hubo varios testigos presentes,#JusticiaParaKai #KaiEsInocente,,2026-03-15 04:35:15,Anónimo,300.7,699,180.0,0.1,No,1
1092,797.0,151,@karen,X,Comentario,Esto va a ser tendencia todo el día seguro sin exagerar.,#EvaluandoLaSituacion #QueDijoKai,,2026-03-15 01:51:30,Anónimo,182.9,10084,49.0,1.8,No,0
1093,756.0,275,@ximenabogota,X,Comentario,"Dato: el clip completo, sin el corte de 14 segundos, cuenta una historia distinta",#KaiDuarte #YoLeCreoAKai,,2026-03-15 04:13:58,Cuenta_Nueva,5.0,676,182.0,0.1,No,5
1094,1093.0,70,@kevincruz,Instagram,Comentario,ojo con esto: circula una lista de pruebas pero ninguna se puede verificar bien,#CancelenAKai #KaiDuarte,,2026-03-15 04:16:53,Fan_Antiguo,1424.7,457,358.0,5.1,No,0
1095,1051.0,224,@jorgecardenasbogota,X,Comentario,no había visto esta cantidad de gente opinando de algo en meses y eso que apenas empieza el día,#KaiDuarte,,2026-03-15 04:19:28,Fan_Antiguo,742.1,1582,23.0,0.1,No,0
1096,1055.0,332,@natalia_real,X,Descripción de captura,tremendo desorden se armó de la nada anoche la verdad 😭😭,,,2026-03-15 03:10:37,Anónimo,18.2,64,43.0,2.4,No,0
1097,971.0,161,@lauramoreno22,X,Repost/Cita,El que suba a defenderlo sin pruebas también me da desconfianza de verdad...,,,2026-03-15 03:24:36,Anónimo,30.0,6893,36.0,1.8,No,1
1098,909.0,266,@gabrielasabana,X,Repost/Cita,"pobre la gente que ganó de verdad el sorteo, ahora todos van a dudar de ellos y todavía falta que hable Kai",,,2026-03-15 03:15:18,Cuenta_Nueva,13.9,1813,17.0,0.4,No,0
1099,832.0,342,@kevin_00,X,Comentario,Me acaban de contar que supuestamente el ganador real habló pero borró el mensaje rapidísimo,#KaiDuarte,,2026-03-15 04:53:59,Cuenta_Nueva,18.5,10457,238.0,7.0,Sí (idéntico a publicación de 2023 sobre otro creador),0
1100,1091.0,312,@ricardocun,X,Comentario,"yo creo que la plataforma que usaron para el sorteo es auditable, cualquiera puede revisarla",#YoLeCreoAKai,,2026-03-15 04:38:42,Anónimo,0.3,171,50.0,1.0,No,5
1101,869.0,417,@porsiempreKai_461,Instagram,Comentario,"esas capturas ya las vi hace años en otro escándalo, esto es reciclado",#JusticiaParaKai,,2026-03-15 03:45:52,Cuenta_Nueva,0.0,231,132.0,6.1,No,0
1102,1079.0,18,@paula15,Instagram,Transcripción de audio/video,yo creo que hay que esperar antes de sacar conclusiones y cada rato cambia la versión,#OjoConEstoKai,,2026-03-15 05:28:20,Verificado,1607.4,3263,10.0,1.2,No,1
1103,1010.0,103,@harold98,TikTok,Comentario,una cuenta que no conozco subió una captura que supuestamente confirma todo,,,2026-03-15 04:18:23,Fan_Antiguo,421.2,854,246.0,4.4,Sí (idéntico a publicación de 2023 sobre otro creador),1
1104,1003.0,366,@mvidalteam_057,X,Repost/Cita,esto es un ESCÁNDALO y las marcas lo están tapando #CancelenAKai,#CancelenAKai,,2026-03-15 04:18:38,Bot_Sospechoso,2.5,16887,74.0,13.7,No,0
1105,878.0,323,@jhonmedina15,Instagram,Comentario,ojo con esto: circula una lista de pruebas pero ninguna se puede verificar bien,,,2026-03-15 04:20:23,Cuenta_Nueva,17.5,1391,209.0,13.7,No,0
1106,,316,@andres03,Instagram,Repost/Cita,todo el mundo etiquetando a PulsoTech pidiendo que se pronuncien,#KaiDuarte,NovaVolt,2026-03-15 00:49:34,Anónimo,20.3,898,33.0,4.3,No,1
1107,875.0,58,@paulacun,TikTok,Comentario,me parece raro que UrbanKrew se pronuncie tan rápido sin saber toda la historia,,UrbanKrew,2026-03-15 05:22:32,Verificado,1052.5,20877,116.0,3.7,No,0
1108,831.0,36,@sebastian_00,TikTok,Comentario,si esto resulta ser falso alguien tiene que responder por el daño sinceramente...,,,2026-03-15 05:22:03,Verificado,1113.8,958,,0.2,No,0
1109,,445,@DatosClarosCo,X,Post original,Seguimos revisando la evidencia compartida; por ahora no hay elementos suficientes para confirmar ni descartar.,#VerificaAntesDeCompartir,,2026-03-15 01:44:23,Verificado,2400.0,130000,1984.0,1.6,No,0
1110,1077.0,189,@maria15,TikTok,Comentario,la gente ya no espera pruebas para cancelar a nadie sin exagerar...,#FueraKai #KaiMentiroso,,2026-03-15 03:17:51,Verificado,1261.6,8295,50.0,0.1,No,0
1111,782.0,167,@sofialopezx,X,Comentario,yo creo que hay que esperar antes de sacar conclusiones ya en serio.,#QueDijoKai,,2026-03-15 04:48:12,Fan_Antiguo,794.3,5818,52.0,2.4,No,0
1112,1003.0,358,@apoyomateo_927,X,Repost/Cita,esto es un ESCÁNDALO y las marcas lo están tapando #CancelenAKai,#CancelenAKai,,2026-03-15 04:25:21,Bot_Sospechoso,1.9,6389,38.0,36.8,No,0
1113,1002.0,276,@carlos03,TikTok,Comentario,si UrbanKrew no rompe el contrato hoy yo dejo de comprarles,#EvaluandoLaSituacion #Cancelado,PulsoTech,2026-03-15 05:15:14,Anónimo,10.1,109,85.0,2.9,No,0
1114,874.0,88,@carlosmedina,TikTok,Descripción de captura,el que suba a defenderlo sin pruebas también me da desconfianza sin exagerar 💀,#CancelenAKai,,2026-03-15 04:47:25,Verificado,857.9,1603,225.0,1.9,No,0
1115,1034.0,244,@harold_uni,X,Comentario,esto se siente exactamente igual a lo del año pasado con otro streamer sin exagerar...,#QueDijoKai #KaiDuarte,,2026-03-15 03:28:45,Fan_Antiguo,681.4,1856,1864.0,0.1,No,1
1116,983.0,237,@fabianvargas07,X,Descripción de captura,no puedo creer lo que está pasando con Kai sinceramente.,#FakeNews,,2026-03-15 03:33:49,Verificado,1530.9,6462,119.0,0.3,No,0
1117,1104.0,262,@oscarpinzon,X,Comentario,Circula que un influencer chiquito aseguró que tiene pruebas pero no las ha mostrado,#KaiDuarte #QueDijoKai,,2026-03-15 04:32:08,Cuenta_Nueva,0.2,142,1305.0,2.7,Sí (idéntico a publicación de 2023 sobre otro creador),1
1118,,296,@johanatv,TikTok,Comentario,increíble como en una noche esto se salió de control sinceramente...,#VerificaAntesDeCompartir #OjoConEstoKai,,2026-03-15 03:19:16,Cuenta_Nueva,10.5,139,99.0,3.1,No,0
1119,1059.0,300,@ivan2020,X,Comentario,Posta que alguien juró que tiene capturas del chat privado pero nunca las publicó,#EvaluandoLaSituacion #KaiMentiroso,,2026-03-15 05:02:55,Cuenta_Nueva,17.7,815,183.0,6.2,No,1
1120,,67,@antoniacun,X,Comentario,Cada hora aparece un ángulo nuevo de esto la verdad,#OjoConEstoKai #Cancelado,,2026-03-15 02:53:30,Anónimo,950.1,330,48.0,0.8,No,0
1121,1119.0,320,@yuliana22,Instagram,Comentario,"me acaban de contar que me contaron que alguien del equipo renunció por esto, sin confirmación",#KaiDuarte,,2026-03-15 05:20:28,Cuenta_Nueva,18.5,191,302.0,9.4,No,1
1122,,447,@RedFactCheckCo,X,Post original,Pedimos cautela: varias publicaciones repiten el mismo texto casi palabra por palabra en minutos.,#VerificaAntesDeCompartir,,2026-03-15 01:22:21,Verificado,3000.0,210000,339.0,0.1,No,4
1123,904.0,178,@sofiasalazarcun,Foro anónimo,Transcripción de audio/video,yo esperaría el comunicado oficial antes de opinar sinceramente 😭,,,2026-03-15 04:20:35,Verificado,1747.0,8260,253.0,4.5,No,1
1124,,238,@johanacruzx,Instagram,Repost/Cita,@NovaVolt ustedes ya sabían de esto o no? necesitamos que hablen,#Cancelado,PulsoTech,2026-03-15 02:54:17,Verificado,,9864,16.0,2.3,No,0
1125,811.0,18,@paula15,X,Repost/Cita,Tremendo desorden se armó de la nada anoche de verdad.,#Cancelado #OjoConEstoKai,,2026-03-15 05:15:02,Verificado,1607.4,3263,83.0,4.1,No,0
1126,1007.0,67,@antoniacun,Instagram,Comentario,honestamente ya perdí la cuenta de cuántas pruebas van sin exagerar 😭,,,2026-03-15 04:54:39,Anónimo,950.1,330,79.0,0.1,No,2
1127,1096.0,272,@oscarvargas34,X,Comentario,posta que circula una lista de pruebas pero ninguna se puede verificar bien,,,2026-03-15 03:11:34,Cuenta_Nueva,8.7,103,273.0,1.6,Posible (similar a una publicación anterior),1
1128,1094.0,303,@melissa2020,TikTok,Comentario,dicen que un influencer chiquito aseguró que tiene pruebas pero no las ha mostrado,#QueDijoKai,,2026-03-15 04:19:32,Anónimo,12.1,971,1163.0,12.0,Sí (idéntico a publicación de 2023 sobre otro creador),1
1129,1113.0,402,@teamkai_039,Instagram,Comentario,"en ningún sorteo anterior de Kai hubo una queja así, raro que ahora sí",#JusticiaParaKai,,2026-03-15 05:15:32,Fan_Antiguo,669.0,637,51.0,0.3,No,3
1130,699.0,349,@jorgecun,X,Comentario,"Esto se puso serio rapidísimo, hace una hora era chisme y eso que apenas empieza el día",#QueDijoKai #EvaluandoLaSituacion,,2026-03-15 04:09:33,Cuenta_Nueva,2.2,337,22.0,4.1,No,1
1131,1046.0,256,@brayan15,X,Comentario,"seguí el proceso desde el chat en vivo, a mí se vio transparente",#KaiDuarte,,2026-03-15 04:29:14,Anónimo,2.1,19,1268.0,2.7,No,3
1132,,350,@yulianaleon_real,TikTok,Comentario,"pobre la gente que ganó de verdad el sorteo, ahora todos van a dudar de ellos y todavía falta que hable Kai",,,2026-03-15 03:57:22,Cuenta_Nueva,0.0,556,147.0,5.5,No,0
1133,,221,@carlosbogota,Instagram,Comentario,esto va a ser tendencia todo el día seguro y las marcas ni se han pronunciado bien,,,2026-03-15 01:31:55,Fan_Antiguo,688.7,2235,341.0,1.5,No,0
1134,1107.0,276,@carlos03,Instagram,Comentario,Yo estaba conectado desde el minuto uno y no vi nada extraño,#QueDijoKai #EvaluandoLaSituacion,,2026-03-15 05:36:09,Anónimo,10.1,109,313.0,4.6,No,3
1135,1068.0,283,@juancruzx,X,Comentario,"circula que me contaron que alguien del equipo renunció por esto, sin confirmación",,,2026-03-15 04:09:41,Anónimo,6.8,201,1751.0,6.4,No,1
1136,1004.0,244,@harold_uni,TikTok,Comentario,"Conozco a alguien que ganó un sorteo anterior de Kai, todo fue legal",#QueDijoKai #KaiEsInocente,,2026-03-15 06:00:13,Fan_Antiguo,681.4,1856,517.0,5.1,No,1
1137,1080.0,80,@juansalazar03,TikTok,Comentario,no puedo creer lo que está pasando con Kai sin exagerar,#Cancelado,,2026-03-15 03:30:33,Verificado,1451.6,2025,112.0,1.7,No,0
1138,1061.0,61,@juan34,Instagram,Comentario,"a mi me da igual, no sigo a Kai pero el trending me tiene aquí leyendo y nadie sabe ni qué creer",#EvaluandoLaSituacion,,2026-03-15 00:41:06,Anónimo,30.0,1023,145.0,0.1,No,1
1139,,73,@lilianarios_00,TikTok,Comentario,no había visto esta cantidad de gente opinando de algo en meses y eso que apenas empieza el día,#KaiDuarte #EvaluandoLaSituacion,,2026-03-15 01:12:36,Fan_Antiguo,248.8,8978,76.0,1.7,No,0
1140,963.0,291,@alejandrolopez2020,X,Comentario,yo llevo horas viendo hilos sobre esto en vez de dormir la verdad...,#QueDijoKai,,2026-03-15 05:01:20,Cuenta_Nueva,,2281,14.0,1.4,No,1
1141,961.0,390,@porsiempreKai_197,Instagram,Comentario,"Kai lleva años siendo transparente con sus sorteos, esto no cuadra",#JusticiaParaKai,,2026-03-15 04:58:19,Fan_Antiguo,696.4,4495,116.0,0.1,No,4
1142,839.0,146,@kevinmoreno2020,TikTok,Comentario,actualización: un conocido trabaja en el canal y dice que ahí todo queda respaldado,#EvaluandoLaSituacion,,2026-03-15 05:18:24,Fan_Antiguo,632.8,8319,122.0,5.4,No,5
1143,777.0,227,@fabian03,Foro anónimo,Repost/Cita,"Sea cual sea la verdad, la forma en que se está manejando esto es un desastre de verdad.",#Cancelado #QueDijoKai,,2026-03-15 04:04:44,Anónimo,865.1,645,24.0,3.4,No,0
1144,1116.0,359,@mvidalteam_897,X,Repost/Cita,"COMPARTAN esto antes de que lo borren, la verdad sobre Kai #CancelenAKai",#CancelenAKai,,2026-03-15 03:39:33,Bot_Sospechoso,2.9,2794,211.0,29.4,No,0
1145,,59,@antoniaco,Instagram,Comentario,yo sigo esperando que Kai diga algo la verdad 😳😳,,,2026-03-15 02:12:50,Verificado,555.6,640,29.0,0.1,No,0
1146,928.0,335,@manuelapinzon,X,Comentario,Posta que circula una lista de pruebas pero ninguna se puede verificar bien,#EvaluandoLaSituacion,,2026-03-15 04:00:27,Cuenta_Nueva,7.0,106,254.0,1.7,No,0
1147,983.0,222,@fabian07,Instagram,Comentario,ojo con esto: supuestamente el ganador real habló pero borró el mensaje rapidísimo,,,2026-03-15 03:04:20,Verificado,519.2,3479,756.0,11.8,No,0
1148,1010.0,37,@sebastiancardenassaban,TikTok,Comentario,circula que alguien juró que tiene capturas del chat privado pero nunca las publicó,,,2026-03-15 04:17:58,Anónimo,1405.3,1061,2225.0,6.3,Sí (idéntico a publicación de 2023 sobre otro creador),1
1149,1142.0,8,@sara07,Instagram,Comentario,"tengo un conocido que trabajó en la producción, dice que todo estuvo en orden",,,2026-03-15 05:20:51,Verificado,1779.8,696,148.0,1.8,No,3
1150,968.0,301,@harold99,Foro anónimo,Comentario,"Honestamente, el ganador de mi ciudad sí recibió el premio sin ningún inconveniente",,,2026-03-15 05:12:57,Anónimo,12.6,293,48.0,7.9,No,1
1151,,25,@andres_ug,X,Repost/Cita,"esto ya lo vi venir hace rato, algo raro pasaba y nadie sabe ni qué creer",#FakeNews,,2026-03-15 02:04:32,Verificado,732.4,3288,150.0,4.1,No,0
1152,1116.0,43,@cesarmoreno,X,Comentario,No puedo creer lo que está pasando con Kai la verdad...,#KaiEsInocente,,2026-03-15 03:55:08,Anónimo,399.3,2727,156.0,4.1,No,0
1153,972.0,15,@ivanbogota,X,Comentario,yo esperaría el comunicado oficial antes de opinar sinceramente...,#Cancelado #KaiDuarte,,2026-03-15 04:03:03,Anónimo,398.5,843,13.0,3.2,No,0
1154,1144.0,362,@noloocultes_412,X,Repost/Cita,"COMPARTAN esto antes de que lo borren, la verdad sobre Kai #CancelenAKai",#CancelenAKai,,2026-03-15 03:41:11,Bot_Sospechoso,0.6,28264,49.0,20.2,No,0
1155,,192,@nataliacardenas15,X,Repost/Cita,"cada rato sale un testigo nuevo, esto ya parece novela y nadie sabe ni qué creer",#OjoConEstoKai,,2026-03-14 23:58:23,Anónimo,517.2,179,95.0,1.8,No,2
1156,997.0,292,@valentinasuarez_real,X,Comentario,tremendo desorden se armó de la nada anoche y cada rato cambia la versión,#KaiEsInocente #QueDijoKai,,2026-03-15 04:40:40,Anónimo,6.5,446,18.0,4.1,No,0
1157,1093.0,126,@sebastianalarconco,X,Comentario,dato: revisé el reglamento público del sorteo y coincide con lo que se hizo,,,2026-03-15 04:22:15,Fan_Antiguo,142.0,1077,84.0,3.2,No,0
1158,1104.0,365,@despiertaya_531,TikTok,Repost/Cita,"KAI ES CULPABLE, ya hay pruebas, no lo defiendan más #CancelenAKai",#CancelenAKai,,2026-03-15 04:34:31,Bot_Sospechoso,2.6,14140,42.0,22.5,No,0
1159,819.0,57,@tatianacun,X,Comentario,mis amigas y yo llevamos toda la noche hablando de esto y eso que apenas empieza el día...,#YoLeCreoAKai,,2026-03-15 02:28:36,Fan_Antiguo,1900.8,2479,48.0,4.8,No,1
1160,1009.0,168,@natalianino98,X,Comentario,"honestamente, vi la transmisión completa dos veces, no encuentro el corte que muestran",#EvaluandoLaSituacion,,2026-03-15 05:03:44,Anónimo,363.6,4660,113.0,1.0,No,3
1161,1068.0,172,@camilacruz07,TikTok,Comentario,"Circula que vi un live reaccionando que desmontó todo, aunque no lo vi completo",,,2026-03-15 04:06:54,Verificado,647.4,4253,286.0,0.1,No,1
1162,993.0,305,@kevinsuarezcun,X,Comentario,"pobre la gente que ganó de verdad el sorteo, ahora todos van a dudar de ellos de verdad 😳",#Cancelado #KaiDuarte,,2026-03-15 04:36:42,Anónimo,14.5,77,119.0,3.2,No,0
1163,1025.0,206,@mateo,TikTok,Comentario,ya perdí la cuenta de cuántos hilos van sobre esto sinceramente,,,2026-03-15 03:45:07,Fan_Antiguo,431.8,2415,65.0,1.5,No,1
1164,,250,@luisasabana,TikTok,Comentario,"Que oso si es verdad, y que oso si no lo es de verdad",#QueDijoKai #KaiEsInocente,,2026-03-15 02:52:10,Fan_Antiguo,2457.1,8429,76.0,1.0,No,0
1165,817.0,293,@sara_ug,TikTok,Repost/Cita,"que fastidio, otra vez cancelando a alguien sin dejarlo hablar y cada rato cambia la versión",#VerificaAntesDeCompartir #Cancelado,,2026-03-15 04:22:24,Anónimo,10.3,1071,71.0,2.4,No,2
1166,1036.0,249,@daniela15,X,Transcripción de audio/video,yo creo que hay que esperar antes de sacar conclusiones sin exagerar...,#KaiDuarte #FueraKai,,2026-03-15 04:35:28,Anónimo,1073.8,27330,70.0,2.5,No,1
1167,979.0,378,@mvidalteam_803,X,Repost/Cita,"confirmado, Kai amañó el sorteo, pasen la voz #CancelenAKai",#CancelenAKai,,2026-03-15 02:58:02,Bot_Sospechoso,2.6,17820,127.0,8.8,No,0
1168,,311,@wilson2020,Instagram,Post original,"que oso si es verdad, y que oso si no lo es ya en serio",,,2026-03-15 03:19:07,Cuenta_Nueva,15.0,121,294.0,2.5,No,0
1169,,211,@sebastian03,X,Repost/Cita,tremendo desorden se armó de la nada anoche y nadie sabe ni qué creer,#QueDijoKai,,2026-03-15 03:11:33,Fan_Antiguo,30.0,2710,129.0,5.4,No,0
1170,1104.0,284,@melissaramirez34,TikTok,Comentario,"dicen que me llegó por WhatsApp que Kai sí arregló todo, no tengo la fuente original",#EvaluandoLaSituacion #KaiDuarte,,2026-03-15 04:19:33,Cuenta_Nueva,3.6,1338,576.0,2.3,Posible (similar a una publicación anterior),1
1171,947.0,318,@angie03,X,Comentario,Una cuenta que no conozco subió una captura que supuestamente confirma todo,#Cancelado,,2026-03-15 04:24:21,Cuenta_Nueva,9.1,180,347.0,14.3,Sí (idéntico a publicación de 2023 sobre otro creador),0
1172,973.0,346,@sebastianpardo_real,X,Comentario,esto va a ser tendencia todo el día seguro y todavía falta que hable Kai...,#EvaluandoLaSituacion #QueDijoKai,,2026-03-15 04:14:54,Anónimo,12.0,15,33.0,2.8,No,0
1173,931.0,156,@wilson_uni,X,Repost/Cita,"a mi me da igual, no sigo a Kai pero el trending me tiene aquí leyendo ya en serio",#QueDijoKai,,2026-03-15 04:22:38,Anónimo,540.8,1025,81.0,0.4,No,0
1174,1064.0,363,@noloocultes_943,X,Repost/Cita,"confirmado, Kai amañó el sorteo, pasen la voz #CancelenAKai",#CancelenAKai,,2026-03-15 04:37:15,Bot_Sospechoso,4.6,42323,186.0,28.8,No,0
1175,760.0,319,@cesar99,Instagram,Comentario,tremendo desorden se armó de la nada anoche y nadie sabe ni qué creer 😳,#KaiMentiroso,,2026-03-15 04:53:41,Cuenta_Nueva,17.7,313,64.0,1.6,No,0
1176,1070.0,105,@samuelvargas2020,TikTok,Comentario,"dato: conozco a alguien que ganó un sorteo anterior de Kai, todo fue legal",#YoLeCreoAKai,,2026-03-15 04:56:43,Verificado,762.3,3148,697.0,3.3,Posible (similar a una publicación anterior),2
1177,1084.0,387,@noloocultes_981,X,Repost/Cita,"COMPARTAN esto antes de que lo borren, la verdad sobre Kai #CancelenAKai",#CancelenAKai,,2026-03-15 03:49:36,Bot_Sospechoso,3.0,11156,115.0,18.6,No,0
1178,1075.0,117,@estebanlopez98,Instagram,Comentario,"esto se puso serio rapidísimo, hace una hora era chisme y eso que apenas empieza el día 😭",#KaiDuarte #Cancelado,,2026-03-15 04:09:10,Verificado,,522,96.0,1.8,No,0
1179,,164,@wilsonalarcon_oficial,Instagram,Transcripción de audio/video,"cada rato sale un testigo nuevo, esto ya parece novela y nadie sabe ni qué creer...",#Cancelado #KaiDuarte,,2026-03-15 02:21:21,Verificado,656.4,5554,22.0,1.9,No,0
1180,,259,@karensuarez,X,Comentario,esto habla más de nosotros como internet que de Kai la verdad y nadie sabe ni qué creer,,,2026-03-15 00:18:42,Anónimo,4.1,3606,76.0,1.9,No,0
1181,1038.0,335,@manuelapinzon,TikTok,Repost/Cita,si esto resulta ser falso alguien tiene que responder por el daño sin exagerar,#FakeNews #KaiDuarte,,2026-03-15 03:17:07,Cuenta_Nueva,7.0,106,141.0,2.1,No,1
1182,,146,@kevinmoreno2020,X,Post original,yo creo que hay que esperar antes de sacar conclusiones sin exagerar 💀,,,2026-03-15 03:00:35,Fan_Antiguo,632.8,8319,35.0,3.0,No,0
1183,,185,@miguelsalazar07,X,Repost/Cita,no puedo creer lo que está pasando con Kai sin exagerar.,#FakeNews,,2026-03-15 02:46:45,Anónimo,1417.0,3528,177.0,1.5,No,0
1184,1124.0,314,@esteban_uni,X,Comentario,en mi casa no se habla de otra cosa desde anoche de verdad.,,,2026-03-15 02:55:17,Anónimo,4.7,256,59.0,4.4,No,0
1185,987.0,370,@mvidalteam_340,TikTok,Repost/Cita,"COMPARTAN esto antes de que lo borren, la verdad sobre Kai #CancelenAKai",#CancelenAKai,,2026-03-15 03:43:23,Bot_Sospechoso,0.0,21752,242.0,1.8,No,0
1186,1115.0,57,@tatianacun,TikTok,Comentario,"Tengo un conocido que trabajó en la producción, dice que todo estuvo en orden",#QueDijoKai,,2026-03-15 03:30:33,Fan_Antiguo,1900.8,2479,196.0,0.6,No,3
1187,1064.0,344,@brayan99,TikTok,Comentario,"circula que según un grupo de Facebook, esto ya se sabía desde hace meses",,,2026-03-15 04:33:27,Anónimo,0.0,84,343.0,6.3,Posible (similar a una publicación anterior),0
1188,1115.0,180,@lilianacruz_real,TikTok,Comentario,circula que una cuenta que no conozco subió una captura que supuestamente confirma todo,,,2026-03-15 03:33:24,Fan_Antiguo,1202.1,3063,663.0,0.1,No,1
1189,1106.0,238,@johanacruzx,Foro anónimo,Comentario,"actualización: vi la transmisión completa dos veces, no encuentro el corte que muestran",,,2026-03-15 03:47:53,Verificado,1232.8,9864,157.0,2.3,No,2
1190,1025.0,329,@monica34,X,Comentario,clásico: pasa algo de madrugada y para el mediodía ya todos tienen opinión y cada rato cambia la versión,#EvaluandoLaSituacion,,2026-03-15 03:49:06,Cuenta_Nueva,19.9,548,73.0,4.5,No,0
1191,1093.0,291,@alejandrolopez2020,TikTok,Comentario,"a mi me da igual, no sigo a Kai pero el trending me tiene aquí leyendo otra vez 🤔",,,2026-03-15 04:29:59,Cuenta_Nueva,7.1,2281,28.0,2.3,No,0
1192,1138.0,229,@luisa98,Instagram,Repost/Cita,"Que oso si es verdad, y que oso si no lo es y las marcas ni se han pronunciado bien...",,,2026-03-15 01:16:13,Fan_Antiguo,603.8,369,91.0,1.2,No,0
1193,,181,@adrianagomez99,X,Descripción de captura,"esto ya lo vi venir hace rato, algo raro pasaba y nadie sabe ni qué creer 😭",#QueDijoKai,,2026-03-15 04:10:54,Anónimo,519.8,405,21.0,1.3,No,0
1194,1083.0,307,@adrianacun,TikTok,Comentario,"yo creo que el proceso del sorteo se hizo con testigos externos, no solo del equipo de Kai",#JusticiaParaKai,,2026-03-15 04:31:03,Cuenta_Nueva,17.8,24,461.0,0.1,No,2
1195,1144.0,376,@despiertaya_109,TikTok,Repost/Cita,"KAI ES CULPABLE, ya hay pruebas, no lo defiendan más #CancelenAKai",#CancelenAKai,,2026-03-15 04:11:10,Bot_Sospechoso,1.7,25160,97.0,25.3,No,0
1196,976.0,146,@kevinmoreno2020,Instagram,Descripción de captura,"sea cual sea la verdad, la forma en que se está manejando esto es un desastre la verdad",#KaiDuarte #EvaluandoLaSituacion,,2026-03-15 04:24:57,Fan_Antiguo,632.8,8319,90.0,4.4,No,0
1197,1065.0,255,@cristianalarconcun,X,Repost/Cita,todo el mundo etiquetando a PulsoTech pidiendo que se pronuncien,,PulsoTech,2026-03-15 04:55:44,Fan_Antiguo,1035.4,3661,33.0,3.9,No,0
1198,1177.0,369,@mvidalteam_730,TikTok,Repost/Cita,"confirmado, Kai amañó el sorteo, pasen la voz #CancelenAKai",#CancelenAKai,,2026-03-15 03:52:29,Bot_Sospechoso,2.8,5644,47.0,8.0,No,3
1199,1160.0,318,@angie03,Instagram,Comentario,"Yo creo que conozco a alguien que ganó un sorteo anterior de Kai, todo fue legal",,,2026-03-15 05:07:01,Cuenta_Nueva,9.1,180,243.0,0.1,No,2
1200,,145,@hector,X,Repost/Cita,dejen a la gente en paz hasta que se sepa la verdad otra vez...,#EvaluandoLaSituacion,,2026-03-15 03:57:38,Verificado,326.3,2336,21.0,3.4,No,0
1201,1176.0,5,@tatiana2020,TikTok,Comentario,"Honestamente, yo estuve cerca del evento y no noté nada raro esa noche",#KaiDuarte,,2026-03-15 04:57:50,Verificado,692.0,2193,509.0,1.4,Posible (similar a una publicación anterior),5
1202,823.0,49,@sebastian98,Foro anónimo,Transcripción de audio/video,Honestamente ya perdí la cuenta de cuántas pruebas van de verdad,,,2026-03-15 04:45:12,Anónimo,1400.7,4642,11.0,1.8,No,0
1203,1131.0,234,@david03,TikTok,Comentario,"honestamente, el clip completo, sin el corte de 14 segundos, cuenta una historia distinta",,,2026-03-15 04:35:38,Fan_Antiguo,1143.8,3770,89.0,3.2,No,1
1204,1122.0,248,@nicolaspinzon22,X,Comentario,actualización: yo estuve cerca del evento y no noté nada raro esa noche,#KaiDuarte #KaiEsInocente,,2026-03-15 01:31:11,Anónimo,1947.6,12516,130.0,5.4,Posible (similar a una publicación anterior),2
1205,989.0,274,@tomaspardotv,TikTok,Comentario,la cantidad de cuentas nuevas comentando esto me da mala espina de verdad,,,2026-03-15 04:19:19,Cuenta_Nueva,7.3,52,22.0,2.2,No,0
1206,,172,@camilacruz07,Instagram,Post original,tremendo desorden se armó de la nada anoche,#KaiDuarte #Cancelado,,2026-03-15 02:26:10,Verificado,647.4,4253,389.0,1.9,No,0
1207,1131.0,86,@saralopez34,X,Repost/Cita,"que fastidio, otra vez cancelando a alguien sin dejarlo hablar sin exagerar 😭😭",#OjoConEstoKai,,2026-03-15 04:32:53,Verificado,749.9,14859,41.0,4.5,No,0
1208,1136.0,261,@camilalopez99,TikTok,Repost/Cita,honestamente ya perdí la cuenta de cuántas pruebas van otra vez...,#QueDijoKai,,2026-03-15 07:14:18,Anónimo,1.5,5573,84.0,1.2,No,1
1209,1189.0,138,@carloslopezbogota,Instagram,Comentario,"dato: el clip completo, sin el corte de 14 segundos, cuenta una historia distinta",,,2026-03-15 03:53:51,Fan_Antiguo,30.0,9800,481.0,1.6,No,0
1210,1158.0,372,@mvidalteam_151,TikTok,Repost/Cita,esto es un ESCÁNDALO y las marcas lo están tapando #CancelenAKai,#CancelenAKai,,2026-03-15 04:38:35,Bot_Sospechoso,1.0,4811,39.0,25.5,No,0
1211,929.0,393,@kaisquad_426,TikTok,Comentario,el recorte de 14 segundos le quita todo el contexto a lo que dijo,#JusticiaParaKai,,2026-03-15 05:02:42,Anónimo,671.8,889,408.0,14.1,No,1
1212,888.0,414,@teamkai_636,X,Comentario,"llevo horas buscando la prueba de verdad y no existe, es puro rumor",#JusticiaParaKai,,2026-03-15 05:05:08,Anónimo,1707.5,126,517.0,7.3,No,4
1213,,261,@camilalopez99,X,Post original,No puedo creer lo que está pasando con Kai y todavía falta que hable Kai...,,,2026-03-15 03:01:57,Anónimo,1.5,5573,55.0,5.7,No,0
1214,1015.0,90,@carlos_real,TikTok,Comentario,"sea cual sea la verdad, la forma en que se está manejando esto es un desastre y eso que apenas empieza el día",#Cancelado,,2026-03-15 04:38:13,Fan_Antiguo,30.0,249,78.0,2.0,No,1
1215,,229,@luisa98,Foro anónimo,Comentario,el trending de hoy tenía que ser esto obviamente otra vez 😭😭,,,2026-03-15 03:46:21,Fan_Antiguo,603.8,369,79.0,0.1,No,0
1216,1182.0,158,@nataliacun,TikTok,Comentario,"esto ya lo vi venir hace rato, algo raro pasaba y nadie sabe ni qué creer",,,2026-03-15 03:09:32,Anónimo,30.0,624,67.0,4.0,No,0
1217,1111.0,321,@antonianino_11,X,Descripción de captura,la gente ya no espera pruebas para cancelar a nadie sinceramente,#QueDijoKai,,2026-03-15 04:50:51,Cuenta_Nueva,4.7,191,98.0,1.9,No,0
1218,1089.0,415,@fansdekai_985,X,Comentario,"si escuchan el audio completo, Kai está bromeando, no confesando nada",#JusticiaParaKai,,2026-03-15 04:49:41,Cuenta_Nueva,1059.5,2593,145.0,6.0,No,1
1219,1195.0,355,@apoyomateo_602,X,Repost/Cita,esto es un ESCÁNDALO y las marcas lo están tapando #CancelenAKai,#CancelenAKai,,2026-03-15 04:12:44,Bot_Sospechoso,1.5,3987,72.0,13.1,No,0
1220,,265,@luisacun,X,Repost/Cita,cada hora aparece un ángulo nuevo de esto y nadie sabe ni qué creer,,,2026-03-15 01:46:11,Cuenta_Nueva,13.2,1241,105.0,1.8,No,0
1221,1157.0,64,@isabella,TikTok,Comentario,para que sepan: yo estaba conectado desde el minuto uno y no vi nada extraño,#KaiEsInocente,,2026-03-15 04:30:17,Verificado,591.4,922,95.0,6.1,No,4
1222,1100.0,337,@antoniaperez99,TikTok,Comentario,Yo esperaría el comunicado oficial antes de opinar,#FakeNews,,2026-03-15 04:46:15,Cuenta_Nueva,4.0,172,9.0,1.1,No,0
1223,1216.0,109,@juanlopez07,X,Comentario,yo vine a leer los comentarios que siempre son mejores que la noticia ya en serio,#EvaluandoLaSituacion #JusticiaParaKai,,2026-03-15 03:44:52,Anónimo,633.6,1789,65.0,2.3,No,1
1224,1023.0,419,@teamkai_012,TikTok,Comentario,el recorte de 14 segundos le quita todo el contexto a lo que dijo,#JusticiaParaKai,,2026-03-15 04:43:32,Anónimo,802.1,1381,189.0,14.2,No,0
1225,1175.0,204,@esteban03,X,Descripción de captura,si PulsoTech no rompe el contrato hoy yo dejo de comprarles,,UrbanKrew,2026-03-15 05:01:20,Verificado,1936.3,6350,32.0,2.0,No,0
1226,,125,@jorge15,Instagram,Comentario,"  todo mundo subiendo teorías, nadie subiendo pruebas otra vez...   ",#QueDijoKai #EvaluandoLaSituacion,,2026-03-15 03:42:16,Anónimo,30.0,724,29.0,3.6,No,0
1227,1080.0,59,@antoniaco,Instagram,Descripción de captura,"sea cual sea la verdad, la forma en que se está manejando esto es un desastre ya en serio",,,2026-03-15 01:05:52,Verificado,555.6,640,159.0,1.6,No,0
1228,1174.0,366,@mvidalteam_057,TikTok,Repost/Cita,"COMPARTAN esto antes de que lo borren, la verdad sobre Kai #CancelenAKai",#CancelenAKai,,2026-03-15 05:02:22,Bot_Sospechoso,2.5,16887,158.0,19.9,No,0
1229,1039.0,366,@mvidalteam_057,TikTok,Repost/Cita,"KAI ES CULPABLE, ya hay pruebas, no lo defiendan más #CancelenAKai",#CancelenAKai,,2026-03-15 05:17:04,Bot_Sospechoso,2.5,16887,174.0,12.8,No,0
1230,1119.0,284,@melissaramirez34,X,Comentario,posta que un influencer chiquito aseguró que tiene pruebas pero no las ha mostrado,#KaiMentiroso #EvaluandoLaSituacion,,2026-03-15 05:20:48,Cuenta_Nueva,3.6,1338,714.0,0.1,Sí (idéntico a publicación de 2023 sobre otro creador),0
1231,1167.0,287,@lilianax,Instagram,Comentario,ojo con esto: alguien juró que tiene capturas del chat privado pero nunca las publicó,,,2026-03-15 03:00:07,Cuenta_Nueva,20.0,280,164.0,13.0,No,0
1232,989.0,47,@felipex,TikTok,Transcripción de audio/video,"La marca ya se está lavando las manos, típico y eso que apenas empieza el día",#Cancelado,,2026-03-15 04:44:25,Verificado,1856.1,893,184.0,3.7,No,1
1233,,134,@tatianamedina07,X,Descripción de captura,PulsoTech debería esperar los resultados antes de tomar una decisión así de grande,#EvaluandoLaSituacion,UrbanKrew,2026-03-15 03:20:38,Verificado,898.6,490,77.0,2.8,No,1
1234,1034.0,282,@daniela22,X,Comentario,"posta que me llegó por WhatsApp que Kai sí arregló todo, no tengo la fuente original",#EvaluandoLaSituacion,,2026-03-15 03:31:01,Cuenta_Nueva,6.0,153,231.0,3.3,No,1
1235,1083.0,75,@cristianmedina_,Instagram,Comentario,"Honestamente, seguridad del evento confirmó que hubo varios testigos presentes",,,2026-03-15 05:01:42,Fan_Antiguo,30.0,58934,201.0,5.5,Sí (idéntico a publicación de 2023 sobre otro creador),1
1236,904.0,239,@oscarrojascun,TikTok,Repost/Cita,yo creo que hay que esperar antes de sacar conclusiones de verdad,,,2026-03-15 03:48:14,Anónimo,1224.3,1924,46.0,2.4,No,0
1237,1128.0,10,@carlos_00,TikTok,Comentario,"Yo hacía memes de Kai, ahora no sé ni qué publicar y las marcas ni se han pronunciado bien",#EvaluandoLaSituacion #KaiMentiroso,,2026-03-15 04:20:45,Verificado,974.1,599,73.0,0.1,No,1
1238,1195.0,386,@despiertaya_214,X,Repost/Cita,"COMPARTAN esto antes de que lo borren, la verdad sobre Kai #CancelenAKai",#CancelenAKai,,2026-03-15 05:00:36,Bot_Sospechoso,2.1,4403,165.0,16.6,No,0
1239,1206.0,352,@noloocultes_989,X,Repost/Cita,"confirmado, Kai amañó el sorteo, pasen la voz #CancelenAKai",#CancelenAKai,,2026-03-15 02:31:02,Bot_Sospechoso,2.1,11157,264.0,9.9,No,0
1240,1108.0,300,@ivan2020,Foro anónimo,Comentario,"sea cual sea la verdad, la forma en que se está manejando esto es un desastre sin exagerar 🤔",,,2026-03-15 05:23:59,Cuenta_Nueva,17.7,815,14.0,0.1,No,1
1241,1211.0,413,@kaisquad_505,Instagram,Comentario,"nadie ha mostrado una prueba real, todo son capturas sin verificar",#JusticiaParaKai,,2026-03-15 05:04:21,Fan_Antiguo,696.2,420,167.0,6.2,No,2
1242,,108,@tomas_real,X,Comentario,esto va a ser tendencia todo el día seguro y cada rato cambia la versión 😭,#Cancelado #JusticiaParaKai,,2026-03-15 02:53:30,Anónimo,1472.9,1767,108.0,1.3,No,1
1243,1168.0,161,@lauramoreno22,X,Comentario,"según un grupo de Facebook, esto ya se sabía desde hace meses",,,2026-03-15 03:33:35,Anónimo,30.0,6893,317.0,13.1,Sí (idéntico a publicación de 2023 sobre otro creador),1
1244,1210.0,379,@despiertaya_760,X,Repost/Cita,"confirmado, Kai amañó el sorteo, pasen la voz #CancelenAKai",#CancelenAKai,,2026-03-15 04:40:08,Bot_Sospechoso,0.0,20225,162.0,19.7,No,0
1245,1167.0,369,@mvidalteam_730,X,Repost/Cita,"confirmado, Kai amañó el sorteo, pasen la voz #CancelenAKai",#CancelenAKai,,2026-03-15 03:49:58,Bot_Sospechoso,2.8,5644,155.0,4.4,No,2
1246,1198.0,372,@mvidalteam_151,X,Repost/Cita,"COMPARTAN esto antes de que lo borren, la verdad sobre Kai #CancelenAKai",#CancelenAKai,,2026-03-15 04:06:21,Bot_Sospechoso,1.0,4811,85.0,17.1,No,4
1247,909.0,79,@isabella15,X,Comentario,"que oso si es verdad, y que oso si no lo es y cada rato cambia la versión",,,2026-03-15 02:09:56,Verificado,759.5,2372,34.0,1.3,No,0
1248,943.0,74,@samuel_col,X,Comentario,esto se siente exactamente igual a lo del año pasado con otro streamer de verdad...,#OjoConEstoKai,,2026-03-15 01:54:50,Verificado,2095.2,7866,22.0,3.2,No,1
1249,1149.0,138,@carloslopezbogota,X,Comentario,para que sepan: nadie de los que participamos notó nada fuera de lo normal esa noche,#Cancelado,,2026-03-15 05:27:01,Fan_Antiguo,30.0,9800,82.0,0.1,No,1
1250,1222.0,174,@mateocruz_col,X,Comentario,En mi casa no se habla de otra cosa desde anoche sin exagerar...,#Cancelado #KaiDuarte,,2026-03-15 04:47:17,Anónimo,1499.3,2558,71.0,1.1,No,0
1251,1033.0,262,@oscarpinzon,Instagram,Comentario,dicen que alguien juró que tiene capturas del chat privado pero nunca las publicó,#KaiMentiroso,,2026-03-15 04:39:16,Cuenta_Nueva,0.2,142,271.0,5.7,No,0
1252,1117.0,278,@isabellaalarcon_11,X,Comentario,dicen que supuestamente el ganador real habló pero borró el mensaje rapidísimo,#FueraKai #KaiMentiroso,,2026-03-15 04:35:30,Anónimo,11.2,119,258.0,14.5,No,1
1253,1103.0,344,@brayan99,Instagram,Comentario,"posta que me llegó por WhatsApp que Kai sí arregló todo, no tengo la fuente original",#KaiDuarte,,2026-03-15 04:20:00,Anónimo,0.0,84,626.0,14.0,No,1
1254,1154.0,80,@juansalazar03,X,Comentario,"pobre la gente que ganó de verdad el sorteo, ahora todos van a dudar de ellos otra vez",#EvaluandoLaSituacion,,2026-03-15 03:45:16,Verificado,1451.6,2025,12.0,4.2,No,0
1255,1064.0,281,@david_,TikTok,Comentario,"circula que según un grupo de Facebook, esto ya se sabía desde hace meses",#Cancelado,,2026-03-15 04:33:46,Anónimo,18.4,401,403.0,8.9,No,1
1256,1254.0,210,@oscarleon_ug,X,Comentario,si esto no se aclara hoy se va a armar una novela de meses y eso que apenas empieza el día...,#QueDijoKai,,2026-03-15 03:57:53,Fan_Antiguo,1298.5,4703,149.0,1.6,No,1
1257,,444,@VerificaYA_Co,X,Post original,Aún no hemos podido contactar a la fuente original de la conversación filtrada.,#VerificaAntesDeCompartir,,2026-03-15 00:54:50,Bot_Sospechoso,1600.0,90000,43.0,0.1,No,1
1258,1086.0,7,@juliana_ug,X,Comentario,"Pobre la gente que ganó de verdad el sorteo, ahora todos van a dudar de ellos y eso que apenas empieza el día...",,,2026-03-15 05:59:13,Verificado,240.9,1015,36.0,0.1,No,0
1259,1052.0,313,@felipesalazar03,X,Comentario,tremendo desorden se armó de la nada anoche 😳,,,2026-03-15 05:19:16,Anónimo,0.6,52,98.0,1.5,No,0
1260,1032.0,108,@tomas_real,X,Comentario,"pobre la gente que ganó de verdad el sorteo, ahora todos van a dudar de ellos y todavía falta que hable Kai",,,2026-03-15 03:11:56,Anónimo,1472.9,1767,60.0,4.9,No,0
1261,1112.0,169,@vivianacruz_00,X,Comentario,"posta que me llegó por WhatsApp que Kai sí arregló todo, no tengo la fuente original",#KaiMentiroso #KaiDuarte,,2026-03-15 04:27:01,Anónimo,313.8,38563,539.0,0.3,No,1
1262,1231.0,177,@haroldgomez2020,X,Comentario,PulsoTech debería esperar los resultados antes de tomar una decisión así de grande,#Cancelado #QueDijoKai,PulsoTech,2026-03-15 03:00:43,Anónimo,300.7,699,110.0,3.0,No,0
1263,971.0,290,@haroldbogota,TikTok,Comentario,El que suba a defenderlo sin pruebas también me da desconfianza otra vez,,,2026-03-15 03:32:14,Anónimo,8.1,277,36.0,2.4,No,0
1264,1220.0,298,@juliancastro_ug,TikTok,Comentario,"PulsoTech lleva media hora sin responder nada, mal ahí",,NovaVolt,2026-03-15 01:57:33,Anónimo,11.5,268,44.0,0.7,No,0
1265,1221.0,218,@camilacardenas,X,Comentario,"yo creo que tengo un conocido que trabajó en la producción, dice que todo estuvo en orden",#QueDijoKai #EvaluandoLaSituacion,,2026-03-15 04:34:29,Verificado,2503.6,13569,128.0,1.9,No,2
1266,,122,@ricardo_real,Instagram,Descripción de captura,mis amigas y yo llevamos toda la noche hablando de esto sin exagerar,#EvaluandoLaSituacion,,2026-03-15 00:02:03,Fan_Antiguo,919.2,3307,14.0,1.6,No,0
1267,,124,@fabian_00,Foro anónimo,Comentario,"la marca ya se está lavando las manos, típico",#Cancelado #OjoConEstoKai,,2026-03-15 04:04:25,Anónimo,1384.1,2126,18.0,0.1,No,0
1268,1112.0,384,@despiertaya_630,X,Repost/Cita,"no dejen que borren la evidencia, guarden capturas ya #CancelenAKai",#CancelenAKai,,2026-03-15 05:43:28,Bot_Sospechoso,0.1,40015,227.0,21.4,No,0
1269,827.0,345,@hectorramirez,TikTok,Repost/Cita,"yo hacía memes de Kai, ahora no sé ni qué publicar y todavía falta que hable Kai 😳😳",,,2026-03-15 04:42:09,Anónimo,12.3,170,328.0,2.4,No,0
1270,1156.0,91,@cesarramirezcun,X,Comentario,el trending de hoy tenía que ser esto obviamente y nadie sabe ni qué creer 😳😳,#QueDijoKai,,2026-03-15 04:53:39,Verificado,2835.2,1010,43.0,2.6,No,0
1271,1095.0,9,@yulianasuarez07,TikTok,Comentario,si esto no se aclara hoy se va a armar una novela de meses otra vez.,#KaiDuarte #OjoConEstoKai,,2026-03-15 04:30:10,Fan_Antiguo,511.7,4216,70.0,0.4,No,0
1272,959.0,300,@ivan2020,Foro anónimo,Comentario,mis amigas y yo llevamos toda la noche hablando de esto y las marcas ni se han pronunciado bien...,#Cancelado,,2026-03-15 04:37:26,Cuenta_Nueva,17.7,815,17.0,2.7,No,0
1273,1198.0,304,@adrianariostv,TikTok,Comentario,Ojo con esto: circula el rumor de que hay más pruebas guardadas para después,#KaiDuarte #FueraKai,,2026-03-15 03:54:38,Cuenta_Nueva,13.2,764,780.0,11.4,Posible (similar a una publicación anterior),0
1274,1039.0,379,@despiertaya_760,X,Repost/Cita,esto es un ESCÁNDALO y las marcas lo están tapando #CancelenAKai,#CancelenAKai,,2026-03-15 05:17:45,Bot_Sospechoso,0.0,20225,234.0,19.8,No,2
1275,1077.0,314,@esteban_uni,Foro anónimo,Comentario,cada hora aparece un ángulo nuevo de esto la verdad,#Cancelado,,2026-03-15 03:20:02,Anónimo,4.7,256,180.0,0.1,No,0
1276,,347,@luisarojas_,TikTok,Post original,yo sigo esperando que Kai diga algo la verdad 😭😭,,,2026-03-15 01:03:27,Anónimo,10.7,40,37.0,2.2,No,1
1277,1142.0,2,@miguelx,Instagram,Comentario,"para que sepan: el proceso del sorteo se hizo con testigos externos, no solo del equipo de Kai",#QueDijoKai,,2026-03-15 05:24:24,Fan_Antiguo,2463.2,786,169.0,6.5,No,4
1278,1214.0,131,@oscar,Foro anónimo,Descripción de captura,yo llevo horas viendo hilos sobre esto en vez de dormir de verdad...,#KaiEsInocente,,2026-03-15 04:39:14,Fan_Antiguo,2015.6,9927,16.0,2.4,No,0
1279,1219.0,268,@viviana_real,X,Comentario,circula que alguien juró que tiene capturas del chat privado pero nunca las publicó,,,2026-03-15 04:16:06,Cuenta_Nueva,10.6,1154,797.0,11.8,Posible (similar a una publicación anterior),1
1280,,213,@julianortiz_col,TikTok,Comentario,increíble como en una noche esto se salió de control sin exagerar.,#CancelenAKai,,2026-03-15 02:43:21,Anónimo,1832.8,3359,21.0,2.2,No,2
1281,1198.0,288,@monicatv,Foro anónimo,Comentario,circula que circula el rumor de que hay más pruebas guardadas para después,#KaiDuarte #EvaluandoLaSituacion,,2026-03-15 03:55:30,Anónimo,7.2,413,263.0,24.8,No,0
1282,1224.0,411,@fansdekai_135,Instagram,Comentario,"en ningún sorteo anterior de Kai hubo una queja así, raro que ahora sí",#JusticiaParaKai,,2026-03-15 04:47:23,Anónimo,438.7,1428,387.0,0.2,No,2
1283,1261.0,41,@adrianaperez_11,TikTok,Comentario,dicen que supuestamente el ganador real habló pero borró el mensaje rapidísimo,#KaiDuarte,,2026-03-15 04:38:20,Fan_Antiguo,661.4,738,431.0,8.3,No,1
1284,969.0,118,@miguelrios15,X,Comentario,el que suba a defenderlo sin pruebas también me da desconfianza sin exagerar 😭,#JusticiaParaKai,,2026-03-15 04:03:03,Fan_Antiguo,651.1,3290,91.0,1.8,No,0
1285,1257.0,47,@felipex,TikTok,Comentario,"honestamente, la plataforma que usaron para el sorteo es auditable, cualquiera puede revisarla",,,2026-03-15 01:44:59,Verificado,1856.1,893,60.0,2.5,Posible (similar a una publicación anterior),1
1286,1091.0,95,@adrianacastro03,TikTok,Comentario,dato: yo estuve cerca del evento y no noté nada raro esa noche,#QueDijoKai #KaiEsInocente,,2026-03-15 04:38:24,Anónimo,1581.4,1951,459.0,5.0,No,0
1287,,320,@yuliana22,Instagram,Descripción de captura,Esto va a ser tendencia todo el día seguro y las marcas ni se han pronunciado bien,,,2026-03-15 02:14:08,Cuenta_Nueva,18.5,191,710.0,2.7,No,0
1288,1200.0,291,@alejandrolopez2020,X,Comentario,"dato: conozco a alguien que ganó un sorteo anterior de Kai, todo fue legal",#EvaluandoLaSituacion,,2026-03-15 03:59:59,Cuenta_Nueva,7.1,2281,57.0,0.1,Posible (similar a una publicación anterior),4
1289,1246.0,65,@miguelgomez98,Foro anónimo,Comentario,circula que un tiktok con millones de vistas ya lo dio por hecho,,,2026-03-15 04:09:09,Verificado,736.6,556,234.0,3.0,No,1
1290,1135.0,290,@haroldbogota,TikTok,Comentario,Dicen que circula una lista de pruebas pero ninguna se puede verificar bien,#FueraKai,,2026-03-15 04:17:42,Anónimo,8.1,277,1472.0,0.1,No,0
1291,1257.0,348,@david22,TikTok,Comentario,  posta que un tiktok con millones de vistas ya lo dio por hecho   ,#CancelenAKai #KaiMentiroso,,2026-03-15 03:03:28,Cuenta_Nueva,10.5,106,743.0,0.5,Sí (idéntico a publicación de 2023 sobre otro creador),0
1292,1204.0,306,@carloslopez_col,Foro anónimo,Repost/Cita,"que oso si es verdad, y que oso si no lo es la verdad 🤔",#EvaluandoLaSituacion,,2026-03-15 02:51:11,Anónimo,13.2,420,110.0,1.1,No,2
1293,1123.0,324,@david_00,X,Comentario,esto se siente exactamente igual a lo del año pasado con otro streamer sin exagerar,,,2026-03-15 04:26:42,Anónimo,2.3,146,147.0,0.1,No,0
1294,1038.0,42,@natalia03,X,Comentario,"Yo hacía memes de Kai, ahora no sé ni qué publicar",#EvaluandoLaSituacion,,2026-03-15 03:20:50,Anónimo,642.8,13959,97.0,2.5,No,1
1295,1288.0,178,@sofiasalazarcun,TikTok,Comentario,si esto no se aclara hoy se va a armar una novela de meses y todavía falta que hable Kai,#FakeNews,,2026-03-15 04:01:11,Verificado,1747.0,8260,66.0,1.5,No,0
1296,1195.0,371,@despiertaya_582,TikTok,Repost/Cita,"confirmado, Kai amañó el sorteo, pasen la voz #CancelenAKai",#CancelenAKai,,2026-03-15 04:18:06,Bot_Sospechoso,2.3,8112,118.0,12.3,No,0
1297,1106.0,31,@santiagoleon07,Foro anónimo,Comentario,"la marca ya se está lavando las manos, típico otra vez",,,2026-03-15 03:03:48,Verificado,866.1,7203,18.0,3.4,No,0
1298,1257.0,128,@laura99,Instagram,Comentario,"  tengo un conocido que trabajó en la producción, dice que todo estuvo en orden   ",#Cancelado,,2026-03-15 01:34:47,Anónimo,481.6,2773,215.0,3.2,No,2
1299,1282.0,416,@teamkai_969,Instagram,Comentario,"si escuchan el audio completo, Kai está bromeando, no confesando nada",#JusticiaParaKai,,2026-03-15 04:53:25,Anónimo,334.0,265,127.0,2.6,No,1
1300,1191.0,285,@estebanortiz99,X,Comentario,"Esto ya lo vi venir hace rato, algo raro pasaba sinceramente 😳😳",,,2026-03-15 04:39:21,Cuenta_Nueva,8.7,515,53.0,6.1,No,0
1301,1231.0,365,@despiertaya_531,X,Repost/Cita,"confirmado, Kai amañó el sorteo, pasen la voz #CancelenAKai",#CancelenAKai,,2026-03-15 03:03:18,Bot_Sospechoso,2.6,14140,78.0,25.3,No,0
1302,1292.0,35,@ricardo_00,X,Comentario,para que sepan: yo estaba conectado desde el minuto uno y no vi nada extraño,#KaiDuarte,,2026-03-15 03:42:43,Anónimo,1551.1,1838,135.0,4.6,No,1
1303,1089.0,228,@lilianaco,X,Comentario,Yo sigo esperando que Kai diga algo ya en serio.,,,2026-03-15 04:46:50,Anónimo,30.0,481,188.0,0.1,No,0
1304,1125.0,192,@nataliacardenas15,X,Comentario,"vi que NovaVolt sacó un comunicado, muy tibio la verdad",#KaiEsInocente,NovaVolt,2026-03-15 05:23:04,Anónimo,517.2,179,12.0,2.3,No,1
1305,,225,@yesidgomez_real,Instagram,Comentario,honestamente ya perdí la cuenta de cuántas pruebas van sinceramente 😭😭,#JusticiaParaKai,,2026-03-15 02:03:42,Fan_Antiguo,1699.7,2882,151.0,0.1,No,1
1306,1134.0,252,@karen_col,TikTok,Comentario,la cantidad de cuentas nuevas comentando esto me da mala espina ya en serio,,,2026-03-15 05:44:30,Verificado,2028.8,5252,40.0,0.1,No,0
1307,1024.0,313,@felipesalazar03,Foro anónimo,Comentario,si esto no se aclara hoy se va a armar una novela de meses otra vez...,,,2026-03-15 05:38:04,Anónimo,0.6,52,53.0,2.2,No,0
1308,1085.0,269,@mateo_real,X,Comentario,ojo con esto: circula el rumor de que hay más pruebas guardadas para después,#KaiMentiroso,,2026-03-15 03:50:04,Cuenta_Nueva,0.0,621,103.0,11.0,No,0
1309,1175.0,279,@saratv,X,Comentario,si PulsoTech no rompe el contrato hoy yo dejo de comprarles,,NovaVolt,2026-03-15 05:17:34,Anónimo,7.2,74,9.0,4.9,No,1
1310,1127.0,51,@jhon07,X,Comentario,Yo esperaría el comunicado oficial antes de opinar sinceramente...,#VerificaAntesDeCompartir,,2026-03-15 03:12:42,Verificado,798.0,45910,20.0,2.2,No,1
1311,1137.0,378,@mvidalteam_803,X,Repost/Cita,"no dejen que borren la evidencia, guarden capturas ya #CancelenAKai",#CancelenAKai,,2026-03-15 04:07:42,Bot_Sospechoso,2.6,17820,124.0,21.5,No,0
1312,,104,@paulasuarez,Instagram,Repost/Cita,"cada rato sale un testigo nuevo, esto ya parece novela y cada rato cambia la versión 💀💀",,,2026-03-15 01:04:34,Fan_Antiguo,30.0,1549,38.0,2.3,No,0
1313,1050.0,65,@miguelgomez98,X,Repost/Cita,alguien me explica bien qué fue lo que pasó anoche de verdad,,,2026-03-15 03:25:55,Verificado,736.6,556,28.0,4.2,No,0
1314,995.0,300,@ivan2020,X,Comentario,"cada rato sale un testigo nuevo, esto ya parece novela y eso que apenas empieza el día 💀💀",#QueDijoKai #EvaluandoLaSituacion,,2026-03-15 04:30:38,Cuenta_Nueva,17.7,815,98.0,3.0,No,1
1315,1059.0,209,@isabellamoreno99,Instagram,Comentario,"Dato: el clip completo, sin el corte de 14 segundos, cuenta una historia distinta",,,2026-03-15 04:52:54,Fan_Antiguo,30.0,659,121.0,1.8,No,5
1316,,344,@brayan99,Instagram,Post original,mis amigas y yo llevamos toda la noche hablando de esto 💀,#KaiDuarte,,2026-03-15 02:56:36,Anónimo,0.0,84,100.0,1.1,No,0
1317,,62,@tomas_,Instagram,Transcripción de audio/video,"pobre la gente que ganó de verdad el sorteo, ahora todos van a dudar de ellos otra vez",,,2026-03-15 02:59:47,Anónimo,1442.6,3056,24.0,1.1,No,1
1318,1220.0,265,@luisacun,Instagram,Comentario,dicen que hay un audio filtrado completo pero nadie lo ha mostrado,,,2026-03-15 02:19:00,Cuenta_Nueva,13.2,1241,319.0,3.8,No,0
1319,,252,@karen_col,X,Comentario,esto me recuerda a como diez casos parecidos y las marcas ni se han pronunciado bien,,,2026-03-14 23:58:00,Verificado,2028.8,5252,26.0,0.4,No,0
1320,,212,@sofiaco,X,Comentario,"sea cual sea la verdad, la forma en que se está manejando esto es un desastre y eso que apenas empieza el día",,,2026-03-15 02:44:31,Fan_Antiguo,597.0,3332,21.0,3.2,No,0
1321,1117.0,7,@juliana_ug,X,Repost/Cita,"esto ya lo vi venir hace rato, algo raro pasaba y eso que apenas empieza el día",#KaiDuarte,,2026-03-15 04:34:25,Verificado,240.9,1015,109.0,3.8,No,0
1322,926.0,212,@sofiaco,X,Comentario,yo creo que hay que esperar antes de sacar conclusiones y las marcas ni se han pronunciado bien...,,,2026-03-15 06:02:45,Fan_Antiguo,597.0,3332,167.0,1.5,No,0
1323,1288.0,165,@alejandro_ug,Instagram,Comentario,"Honestamente, yo estaba conectado desde el minuto uno y no vi nada extraño",#JusticiaParaKai,,2026-03-15 04:07:38,Verificado,692.5,990,56.0,1.4,No,2
1324,,38,@yesid,X,Repost/Cita,yo esperaría el comunicado oficial antes de opinar y cada rato cambia la versión 💀,#KaiMentiroso,,2026-03-15 02:10:27,Anónimo,1156.1,1653,31.0,0.8,No,0
1325,1244.0,295,@kevin15,X,Comentario,"posta que según un grupo de Facebook, esto ya se sabía desde hace meses",,,2026-03-15 04:41:02,Anónimo,22.8,699,2007.0,10.2,No,1
1326,,327,@yuliana07,X,Post original,yo creo que hay que esperar antes de sacar conclusiones y nadie sabe ni qué creer 😳😳,,,2026-03-15 02:48:06,Cuenta_Nueva,14.7,52,79.0,0.1,No,1
1327,1299.0,355,@apoyomateo_602,X,Repost/Cita,"no dejen que borren la evidencia, guarden capturas ya #CancelenAKai",#CancelenAKai,,2026-03-15 05:01:31,Bot_Sospechoso,1.5,3987,133.0,14.6,No,0
1328,1119.0,311,@wilson2020,X,Comentario,"Dicen que vi un live reaccionando que desmontó todo, aunque no lo vi completo",,,2026-03-15 05:15:16,Cuenta_Nueva,15.0,121,97.0,4.1,No,0
1329,958.0,318,@angie03,X,Comentario,"que fastidio, otra vez cancelando a alguien sin dejarlo hablar y cada rato cambia la versión",#KaiDuarte #QueDijoKai,,2026-03-15 04:25:39,Cuenta_Nueva,9.1,180,49.0,0.1,No,1
1330,1291.0,234,@david03,Instagram,Comentario,dicen que dicen que hay un audio filtrado completo pero nadie lo ha mostrado,#Cancelado,,2026-03-15 04:14:51,Fan_Antiguo,1143.8,3770,3822.0,0.6,No,0
1331,1033.0,324,@david_00,Instagram,Comentario,"Posta que me llegó por WhatsApp que Kai sí arregló todo, no tengo la fuente original",,,2026-03-15 04:43:30,Anónimo,2.3,146,249.0,9.7,No,1
1332,1216.0,372,@mvidalteam_151,X,Repost/Cita,"KAI ES CULPABLE, ya hay pruebas, no lo defiendan más #CancelenAKai",#CancelenAKai,,2026-03-15 03:14:30,Bot_Sospechoso,1.0,4811,45.0,13.1,No,0
1333,1247.0,77,@alejandrorojas_11,TikTok,Comentario,"yo hacía memes de Kai, ahora no sé ni qué publicar y las marcas ni se han pronunciado bien",#QueDijoKai #EvaluandoLaSituacion,,2026-03-15 02:31:11,Anónimo,284.9,995,55.0,0.3,No,1
1334,,349,@jorgecun,TikTok,Comentario,cada hora aparece un ángulo nuevo de esto y todavía falta que hable Kai,,,2026-03-15 01:32:58,Cuenta_Nueva,2.2,337,216.0,0.1,No,0
1335,1003.0,54,@haroldriosbogota,TikTok,Repost/Cita,honestamente ya perdí la cuenta de cuántas pruebas van ya en serio,#FakeNews,,2026-03-15 04:15:39,Fan_Antiguo,1270.7,672,90.0,0.1,No,0
1336,1331.0,355,@apoyomateo_602,X,Repost/Cita,"no dejen que borren la evidencia, guarden capturas ya #CancelenAKai",#CancelenAKai,,2026-03-15 04:50:35,Bot_Sospechoso,1.5,3987,56.0,26.3,No,0
1337,1091.0,64,@isabella,TikTok,Comentario,yo estuve cerca del evento y no noté nada raro esa noche,#JusticiaParaKai,,2026-03-15 04:51:36,Verificado,591.4,922,72.0,0.1,No,2
1338,,104,@paulasuarez,X,Repost/Cita,  esto habla más de nosotros como internet que de Kai la verdad y cada rato cambia la versión   ,#EvaluandoLaSituacion #KaiDuarte,,2026-03-15 02:41:54,Fan_Antiguo,30.0,1549,45.0,1.2,No,0
1339,1161.0,265,@luisacun,TikTok,Comentario,"Posta que según un grupo de Facebook, esto ya se sabía desde hace meses",#QueDijoKai,,2026-03-15 04:26:28,Cuenta_Nueva,13.2,1241,2330.0,4.9,No,0
1340,,23,@valentinacardenasco,Instagram,Comentario,esto habla más de nosotros como internet que de Kai la verdad y las marcas ni se han pronunciado bien 😳😳,#Cancelado,,2026-03-15 02:46:57,Anónimo,437.3,376,24.0,2.4,No,0
1341,1316.0,102,@valentinamedina2020,Instagram,Comentario,el trending de hoy tenía que ser esto obviamente y las marcas ni se han pronunciado bien,#YoLeCreoAKai,,2026-03-15 03:06:53,Fan_Antiguo,,2289,196.0,2.0,No,1
1342,1277.0,107,@tomascastro_,X,Comentario,dato: seguridad del evento confirmó que hubo varios testigos presentes,#EvaluandoLaSituacion,,2026-03-15 05:29:58,Anónimo,1158.0,1947,103.0,1.7,No,2
1343,1328.0,350,@yulianaleon_real,TikTok,Comentario,me acaban de contar que circula el rumor de que hay más pruebas guardadas para después,#CancelenAKai #Cancelado,,2026-03-15 05:19:04,Cuenta_Nueva,0.0,556,436.0,16.5,No,0
1344,,312,@ricardocun,X,Descripción de captura,dejen a la gente en paz hasta que se sepa la verdad y eso que apenas empieza el día,#KaiEsInocente,,2026-03-15 02:04:47,Anónimo,0.3,171,113.0,2.5,No,0
1345,961.0,297,@jhon_real,X,Comentario,"UrbanKrew lleva media hora sin responder nada, mal ahí",,UrbanKrew,2026-03-15 04:55:11,Cuenta_Nueva,0.0,57,153.0,2.0,No,1
1346,1202.0,426,@fansdekai_453,TikTok,Comentario,"esas capturas ya las vi hace años en otro escándalo, esto es reciclado",#JusticiaParaKai,,2026-03-15 04:46:46,Fan_Antiguo,913.6,190,112.0,10.9,No,3
1347,,64,@isabella,X,Comentario,Clásico: pasa algo de madrugada y para el mediodía ya todos tienen opinión sin exagerar...,#JusticiaParaKai #KaiDuarte,,2026-03-15 01:03:13,Verificado,591.4,922,44.0,2.5,No,0
1348,,210,@oscarleon_ug,X,Post original,esto me recuerda a como diez casos parecidos sin exagerar...,#KaiDuarte,,2026-03-15 03:14:27,Fan_Antiguo,1298.5,4703,43.0,1.6,No,0
1349,1126.0,400,@kaisquad_990,X,Comentario,"esas capturas ya las vi hace años en otro escándalo, esto es reciclado",#JusticiaParaKai,,2026-03-15 05:07:50,Anónimo,1492.2,3301,69.0,9.6,No,0
1350,1327.0,310,@lilianacardenas_real,X,Comentario,posta que dicen que hay un audio filtrado completo pero nadie lo ha mostrado,#KaiDuarte,,2026-03-15 05:02:54,Anónimo,13.7,85,770.0,11.0,No,1
1351,1229.0,274,@tomaspardotv,Instagram,Comentario,"circula que me contaron que alguien del equipo renunció por esto, sin confirmación",#KaiMentiroso,,2026-03-15 05:21:47,Cuenta_Nueva,7.3,52,1440.0,13.3,Sí (idéntico a publicación de 2023 sobre otro creador),0
1352,1224.0,416,@teamkai_969,TikTok,Comentario,"en ningún sorteo anterior de Kai hubo una queja así, raro que ahora sí",#JusticiaParaKai,,2026-03-15 04:45:33,Anónimo,334.0,265,214.0,7.7,No,3
1353,,65,@miguelgomez98,TikTok,Post original,"a mi me da igual, no sigo a Kai pero el trending me tiene aquí leyendo sin exagerar",,,2026-03-15 02:11:30,Verificado,736.6,556,105.0,0.2,No,0
1354,1286.0,279,@saratv,Instagram,Comentario,"Actualización: vi la transmisión completa dos veces, no encuentro el corte que muestran",#KaiEsInocente,,2026-03-15 04:46:48,Anónimo,7.2,74,581.0,0.1,No,0
1355,1190.0,29,@antonia34,TikTok,Comentario,tremendo desorden se armó de la nada anoche otra vez.,#Cancelado,,2026-03-15 03:53:26,Verificado,1009.1,48489,73.0,1.8,No,0
1356,1220.0,196,@samuel,TikTok,Comentario,esto se siente exactamente igual a lo del año pasado con otro streamer y eso que apenas empieza el día.,#Cancelado #KaiDuarte,,2026-03-15 03:30:43,Fan_Antiguo,2152.5,6292,61.0,5.3,No,0
1357,1257.0,213,@julianortiz_col,Instagram,Comentario,Me acaban de contar que un tiktok con millones de vistas ya lo dio por hecho,,,2026-03-15 02:44:34,Anónimo,1832.8,3359,2103.0,10.8,Sí (idéntico a publicación de 2023 sobre otro creador),1
1358,,105,@samuelvargas2020,X,Descripción de captura,esto se siente exactamente igual a lo del año pasado con otro streamer,,,2026-03-15 02:33:42,Verificado,762.3,3148,9.0,3.5,No,0
1359,,215,@johanaortiz_col,TikTok,Comentario,Clásico: pasa algo de madrugada y para el mediodía ya todos tienen opinión.,,,2026-03-15 03:05:32,Anónimo,925.1,969,35.0,1.3,No,0
1360,1112.0,289,@gabrielarojas,Instagram,Comentario,"dicen que me llegó por WhatsApp que Kai sí arregló todo, no tengo la fuente original",,,2026-03-15 04:32:42,Cuenta_Nueva,0.0,2339,120.0,1.4,No,1
1361,1024.0,219,@ximena98,TikTok,Comentario,"la plataforma que usaron para el sorteo es auditable, cualquiera puede revisarla",,,2026-03-15 05:36:12,Verificado,1456.4,704,136.0,0.1,No,1
1362,1235.0,308,@johanacun,TikTok,Comentario,"honestamente, seguí el proceso desde el chat en vivo, a mí se vio transparente",,,2026-03-15 05:04:14,Cuenta_Nueva,4.5,537,368.0,3.7,No,1
1363,1323.0,166,@ximenacardenascun,X,Comentario,"actualización: la plataforma que usaron para el sorteo es auditable, cualquiera puede revisarla",#KaiEsInocente #QueDijoKai,,2026-03-15 04:15:16,Fan_Antiguo,554.5,6416,44.0,2.5,No,0
1364,1265.0,228,@lilianaco,X,Comentario,"  honestamente, yo estaba conectado desde el minuto uno y no vi nada extraño   ",#KaiDuarte,,2026-03-15 04:41:03,Anónimo,30.0,481,215.0,4.3,No,2
1365,1282.0,265,@luisacun,X,Comentario,si PulsoTech no rompe el contrato hoy yo dejo de comprarles,,PulsoTech,2026-03-15 04:52:09,Cuenta_Nueva,13.2,1241,83.0,2.4,No,0
1366,1337.0,7,@juliana_ug,Instagram,Comentario,"honestamente, el clip completo, sin el corte de 14 segundos, cuenta una historia distinta",#QueDijoKai #Cancelado,,2026-03-15 04:59:46,Verificado,240.9,1015,235.0,3.4,No,3
1367,1073.0,166,@ximenacardenascun,TikTok,Comentario,La gente ya no espera pruebas para cancelar a nadie y eso que apenas empieza el día,#QueDijoKai,,2026-03-15 04:02:40,Fan_Antiguo,554.5,6416,23.0,3.2,No,0
1368,1161.0,204,@esteban03,X,Comentario,  Dato: yo estaba conectado desde el minuto uno y no vi nada extraño   ,#KaiDuarte #KaiEsInocente,,2026-03-15 04:25:49,Verificado,1936.3,6350,18.0,5.7,No,4
1369,,115,@claudiasabana,Instagram,Comentario,yo llevo horas viendo hilos sobre esto en vez de dormir y eso que apenas empieza el día,#VerificaAntesDeCompartir,,2026-03-15 00:40:58,Fan_Antiguo,638.0,12316,15.0,0.5,No,0
1370,1290.0,300,@ivan2020,X,Comentario,"ojo con esto: vi un live reaccionando que desmontó todo, aunque no lo vi completo",,,2026-03-15 04:27:16,Cuenta_Nueva,17.7,815,134.0,10.6,No,1
1371,,312,@ricardocun,Instagram,Comentario,esto va a ser tendencia todo el día seguro otra vez.,#Cancelado #QueDijoKai,,2026-03-15 00:40:35,Anónimo,0.3,171,13.0,2.8,No,0
1372,1295.0,106,@antoniasabana,X,Comentario,yo creo que hay que esperar antes de sacar conclusiones y las marcas ni se han pronunciado bien,,,2026-03-15 04:04:49,Verificado,1562.2,6708,14.0,3.2,No,0
1373,1274.0,380,@mvidalteam_435,X,Repost/Cita,"no dejen que borren la evidencia, guarden capturas ya #CancelenAKai",#CancelenAKai,,2026-03-15 05:34:04,Bot_Sospechoso,2.0,67969,100.0,12.9,No,0
1374,1351.0,346,@sebastianpardo_real,TikTok,Comentario,"me acaban de contar que según un grupo de Facebook, esto ya se sabía desde hace meses",,,2026-03-15 05:25:47,Anónimo,12.0,15,229.0,20.8,No,1
1375,,313,@felipesalazar03,X,Transcripción de audio/video,honestamente ya perdí la cuenta de cuántas pruebas van y nadie sabe ni qué creer.,,,2026-03-15 03:31:34,Anónimo,0.6,52,44.0,0.5,No,0
1376,1288.0,43,@cesarmoreno,X,Repost/Cita,el trending de hoy tenía que ser esto obviamente y eso que apenas empieza el día...,#EvaluandoLaSituacion,,2026-03-15 04:11:49,Anónimo,399.3,2727,41.0,2.9,No,0
1377,1238.0,372,@mvidalteam_151,TikTok,Repost/Cita,"COMPARTAN esto antes de que lo borren, la verdad sobre Kai #CancelenAKai",#CancelenAKai,,2026-03-15 05:09:13,Bot_Sospechoso,1.0,4811,341.0,11.6,No,3
1378,1149.0,95,@adrianacastro03,TikTok,Comentario,"conozco a alguien que ganó un sorteo anterior de Kai, todo fue legal",#YoLeCreoAKai #KaiDuarte,,2026-03-15 05:24:38,Anónimo,1581.4,1951,55.0,3.6,No,1
1379,,35,@ricardo_00,Foro anónimo,Post original,"vi que PulsoTech sacó un comunicado, muy tibio la verdad",#KaiEsInocente #Cancelado,PulsoTech,2026-03-15 03:24:58,Anónimo,1551.1,1838,23.0,0.5,No,0
1380,1157.0,34,@valentina07,X,Comentario,el trending de hoy tenía que ser esto obviamente y todavía falta que hable Kai,#EvaluandoLaSituacion,,2026-03-15 04:26:42,Anónimo,753.6,762,23.0,3.4,No,1
1381,1361.0,87,@johana22,X,Comentario,"yo creo que conozco a alguien que ganó un sorteo anterior de Kai, todo fue legal",#Cancelado,,2026-03-15 05:40:04,Verificado,2125.6,18539,382.0,2.7,Sí (idéntico a publicación de 2023 sobre otro creador),2
1382,1253.0,202,@melissagomez_11,X,Repost/Cita,"cada quien cree lo que quiere creer, ya nadie mira pruebas ya en serio",#FueraKai,,2026-03-15 04:29:01,Anónimo,1288.8,466,195.0,2.3,No,0
1383,1299.0,420,@fansdekai_721,TikTok,Comentario,"en ningún sorteo anterior de Kai hubo una queja así, raro que ahora sí",#JusticiaParaKai,,2026-03-15 04:56:53,Fan_Antiguo,37.7,1500,114.0,8.8,No,3
1384,1102.0,165,@alejandro_ug,TikTok,Comentario,"a mi me da igual, no sigo a Kai pero el trending me tiene aquí leyendo la verdad...",#JusticiaParaKai,,2026-03-15 05:29:22,Verificado,692.5,990,166.0,3.4,No,1
1385,1376.0,11,@sebastianpinzon,Foro anónimo,Comentario,yo vine a leer los comentarios que siempre son mejores que la noticia otra vez 🤔,,,2026-03-15 04:21:51,Verificado,1127.4,5125,,2.0,No,1
1386,,444,@VerificaYA_Co,X,Post original,"El patrón de creación de cuentas alrededor de este tema es atípico, seguimos documentando.",#VerificaAntesDeCompartir,,2026-03-15 02:32:39,Verificado,,90000,846.0,2.6,No,1
1387,998.0,258,@cesarlopez98,TikTok,Repost/Cita,yo llevo horas viendo hilos sobre esto en vez de dormir,#Cancelado #KaiDuarte,,2026-03-15 04:16:51,Cuenta_Nueva,10.1,239,66.0,0.7,No,0
1388,1283.0,31,@santiagoleon07,X,Transcripción de audio/video,todo el mundo etiquetando a PulsoTech pidiendo que se pronuncien,#OjoConEstoKai #FakeNews,PulsoTech,2026-03-15 04:46:38,Verificado,866.1,7203,25.0,5.1,No,0
1389,1265.0,41,@adrianaperez_11,Instagram,Comentario,"para que sepan: la plataforma que usaron para el sorteo es auditable, cualquiera puede revisarla",,,2026-03-15 04:38:32,Fan_Antiguo,661.4,738,164.0,2.8,Sí (idéntico a publicación de 2023 sobre otro creador),1
1390,1144.0,303,@melissa2020,TikTok,Comentario,dicen que circula el rumor de que hay más pruebas guardadas para después,#QueDijoKai,,2026-03-15 03:42:21,Anónimo,12.1,971,296.0,5.9,Sí (idéntico a publicación de 2023 sobre otro creador),1
1391,1050.0,274,@tomaspardotv,Instagram,Comentario,si esto resulta ser falso alguien tiene que responder por el daño sinceramente,,,2026-03-15 03:21:33,Cuenta_Nueva,7.3,52,70.0,1.3,No,1
1392,1142.0,103,@harold98,Instagram,Comentario,"que fastidio, otra vez cancelando a alguien sin dejarlo hablar y las marcas ni se han pronunciado bien.",,,2026-03-15 05:19:51,Fan_Antiguo,421.2,854,14.0,4.7,No,1
1393,1250.0,82,@kevincardenas2020,TikTok,Comentario,"UrbanKrew lleva media hora sin responder nada, mal ahí",#KaiDuarte,UrbanKrew,2026-03-15 05:31:26,Verificado,468.4,4255,6.0,5.6,No,0
1394,1228.0,327,@yuliana07,X,Comentario,"me llegó por WhatsApp que Kai sí arregló todo, no tengo la fuente original",,,2026-03-15 05:18:26,Cuenta_Nueva,14.7,52,127.0,12.4,Sí (idéntico a publicación de 2023 sobre otro creador),1
1395,1073.0,39,@tatiana15,TikTok,Comentario,"Esto se puso serio rapidísimo, hace una hora era chisme la verdad",,,2026-03-15 04:01:12,Anónimo,1660.6,1149,41.0,4.9,No,0
1396,1285.0,149,@paola,TikTok,Comentario,circula que una cuenta que no conozco subió una captura que supuestamente confirma todo,#FueraKai #KaiDuarte,,2026-03-15 02:54:56,Fan_Antiguo,890.2,6350,78.0,9.2,No,1
1397,1201.0,260,@samuelcun,X,Comentario,"que oso si es verdad, y que oso si no lo es y cada rato cambia la versión...",#QueDijoKai,,2026-03-15 05:02:30,Cuenta_Nueva,12.4,486,73.0,1.7,No,0
1398,1229.0,247,@antonia2020,TikTok,Comentario,"la marca ya se está lavando las manos, típico de verdad...",,,2026-03-15 05:32:36,Verificado,881.8,4732,128.0,2.3,No,0
1399,1291.0,317,@felipelopez22,TikTok,Comentario,circula que circula una lista de pruebas pero ninguna se puede verificar bien,#KaiMentiroso,,2026-03-15 03:04:47,Cuenta_Nueva,0.5,30,370.0,13.5,No,1
1400,1205.0,365,@despiertaya_531,X,Repost/Cita,"COMPARTAN esto antes de que lo borren, la verdad sobre Kai #CancelenAKai",#CancelenAKai,,2026-03-15 04:21:36,Bot_Sospechoso,2.6,14140,388.0,19.4,No,0
1401,,167,@sofialopezx,Instagram,Post original,"pobre la gente que ganó de verdad el sorteo, ahora todos van a dudar de ellos y todavía falta que hable Kai 😭",,,2026-03-15 03:02:33,Fan_Antiguo,794.3,5818,162.0,4.4,No,1
1402,1213.0,317,@felipelopez22,X,Comentario,dicen que un influencer chiquito aseguró que tiene pruebas pero no las ha mostrado,,,2026-03-15 03:05:14,Cuenta_Nueva,0.5,30,217.0,8.8,No,0
1403,1397.0,348,@david22,TikTok,Comentario,"Honestamente, un conocido trabaja en el canal y dice que ahí todo queda respaldado",#QueDijoKai,,2026-03-15 05:12:20,Cuenta_Nueva,10.5,106,11.0,3.7,No,1
1404,1361.0,174,@mateocruz_col,TikTok,Comentario,"Honestamente, yo estaba conectado desde el minuto uno y no vi nada extraño",#YoLeCreoAKai,,2026-03-15 05:37:25,Anónimo,1499.3,2558,,0.1,No,3
1405,1379.0,385,@despiertaya_406,TikTok,Repost/Cita,"COMPARTAN esto antes de que lo borren, la verdad sobre Kai #CancelenAKai",#CancelenAKai,,2026-03-15 03:30:26,Bot_Sospechoso,1.5,11369,54.0,0.7,No,3
1406,1314.0,337,@antoniaperez99,X,Descripción de captura,"yo hacía memes de Kai, ahora no sé ni qué publicar y nadie sabe ni qué creer.",#QueDijoKai,,2026-03-15 04:47:50,Cuenta_Nueva,4.0,172,212.0,1.3,No,0
1407,1141.0,408,@teamkai_358,X,Comentario,"en ningún sorteo anterior de Kai hubo una queja así, raro que ahora sí",#JusticiaParaKai,,2026-03-15 04:58:53,Anónimo,729.5,521,605.0,9.4,No,3
1408,1375.0,212,@sofiaco,X,Comentario,"El proceso del sorteo se hizo con testigos externos, no solo del equipo de Kai",#KaiEsInocente #QueDijoKai,,2026-03-15 03:37:24,Fan_Antiguo,597.0,3332,100.0,0.9,No,1
1409,1346.0,392,@teamkai_498,Instagram,Comentario,"Kai lleva años siendo transparente con sus sorteos, esto no cuadra",#JusticiaParaKai,,2026-03-15 04:48:35,Cuenta_Nueva,920.5,1235,88.0,8.3,No,1
1410,1218.0,160,@juan_11,X,Comentario,La gente ya no espera pruebas para cancelar a nadie y nadie sabe ni qué creer 🤔,,,2026-03-15 05:11:25,Fan_Antiguo,30.0,12260,43.0,3.7,No,0
1411,1301.0,142,@isabellasabana,Foro anónimo,Repost/Cita,cada hora aparece un ángulo nuevo de esto de verdad 😳,,,2026-03-15 03:14:20,Fan_Antiguo,,11085,15.0,1.3,No,1
1412,1055.0,348,@david22,X,Repost/Cita,esto habla más de nosotros como internet que de Kai la verdad la verdad,,,2026-03-15 03:48:12,Cuenta_Nueva,10.5,106,46.0,2.3,No,0
1413,1255.0,57,@tatianacun,Foro anónimo,Comentario,circula que una cuenta que no conozco subió una captura que supuestamente confirma todo,#EvaluandoLaSituacion,,2026-03-15 04:38:32,Fan_Antiguo,1900.8,2479,551.0,9.9,Sí (idéntico a publicación de 2023 sobre otro creador),0
1414,1115.0,207,@sofia_uni,TikTok,Comentario,para que sepan: yo estuve cerca del evento y no noté nada raro esa noche,,,2026-03-15 03:34:45,Anónimo,1117.1,1861,368.0,5.3,No,1
1415,1218.0,153,@tatianalopez_,TikTok,Comentario,honestamente ya perdí la cuenta de cuántas pruebas van la verdad,#KaiDuarte #EvaluandoLaSituacion,,2026-03-15 05:21:19,Anónimo,4000.0,5982,167.0,2.1,No,0
1416,1333.0,146,@kevinmoreno2020,Foro anónimo,Repost/Cita,mis amigas y yo llevamos toda la noche hablando de esto la verdad.,,,2026-03-15 03:41:38,Fan_Antiguo,632.8,8319,32.0,2.1,No,0
1417,1185.0,328,@carolina99,X,Repost/Cita,todo el mundo etiquetando a NovaVolt pidiendo que se pronuncien,,NovaVolt,2026-03-15 04:05:22,Anónimo,16.4,76,155.0,1.1,No,1
1418,947.0,147,@ricardorios2020,TikTok,Comentario,Esto me recuerda a como diez casos parecidos 🤔,#EvaluandoLaSituacion,,2026-03-15 04:33:51,Anónimo,188.5,943,60.0,0.5,No,0
1419,,70,@kevincruz,Foro anónimo,Repost/Cita,El trending de hoy tenía que ser esto obviamente y todavía falta que hable Kai.,#Cancelado,,2026-03-15 04:06:53,Fan_Antiguo,1424.7,457,111.0,0.9,No,0
1420,,76,@valentinaco,X,Post original,en mi casa no se habla de otra cosa desde anoche sinceramente,,,2026-03-15 01:33:43,Verificado,1652.5,5797,42.0,0.8,No,0
1421,,43,@cesarmoreno,Instagram,Descripción de captura,en mi casa no se habla de otra cosa desde anoche otra vez.,,,2026-03-15 01:22:26,Anónimo,399.3,2727,131.0,2.4,No,0
1422,1400.0,375,@despiertaya_871,X,Repost/Cita,esto es un ESCÁNDALO y las marcas lo están tapando #CancelenAKai,#CancelenAKai,,2026-03-15 04:29:39,Bot_Sospechoso,0.8,10230,45.0,16.8,No,0
1423,,24,@johanarios34,X,Comentario,en mi casa no se habla de otra cosa desde anoche y las marcas ni se han pronunciado bien,#KaiMentiroso,,2026-03-15 00:12:50,Fan_Antiguo,30.0,7666,244.0,2.9,No,0
1424,1348.0,183,@paula_00,X,Comentario,"esto ya lo vi venir hace rato, algo raro pasaba otra vez",,,2026-03-15 03:26:00,Fan_Antiguo,1199.9,53184,130.0,3.3,No,0
1425,1355.0,87,@johana22,TikTok,Comentario,si esto no se aclara hoy se va a armar una novela de meses sinceramente.,#QueDijoKai,,2026-03-15 04:19:10,Verificado,2125.6,18539,25.0,0.3,No,2
1426,1239.0,377,@despiertaya_618,X,Repost/Cita,"COMPARTAN esto antes de que lo borren, la verdad sobre Kai #CancelenAKai",#CancelenAKai,,2026-03-15 02:36:07,Bot_Sospechoso,3.0,985,622.0,0.1,No,0
1427,,33,@cristiansabana,TikTok,Repost/Cita,"esto ya lo vi venir hace rato, algo raro pasaba sin exagerar",#KaiDuarte #KaiMentiroso,,2026-03-15 03:37:38,Anónimo,883.4,15683,60.0,1.6,No,0
1428,1315.0,94,@nataliaramirezsabana,X,Comentario,"yo creo que el clip completo, sin el corte de 14 segundos, cuenta una historia distinta",#QueDijoKai,,2026-03-15 05:02:14,Anónimo,1465.7,1005,62.0,5.1,Posible (similar a una publicación anterior),1
1429,1269.0,199,@mariax,TikTok,Comentario,"dato: el proceso del sorteo se hizo con testigos externos, no solo del equipo de Kai",,,2026-03-15 04:47:33,Anónimo,1742.6,13297,37.0,4.9,No,5
1430,1401.0,330,@johana_uni,Foro anónimo,Repost/Cita,tremendo desorden se armó de la nada anoche y todavía falta que hable Kai 🤔🤔,,,2026-03-15 04:15:28,Cuenta_Nueva,0.0,444,59.0,4.6,No,0
1431,1279.0,33,@cristiansabana,TikTok,Comentario,"posta que me contaron que alguien del equipo renunció por esto, sin confirmación",,,2026-03-15 04:19:40,Anónimo,883.4,15683,1941.0,6.7,No,1
1432,,211,@sebastian03,Foro anónimo,Comentario,me parece raro que UrbanKrew se pronuncie tan rápido sin saber toda la historia,,UrbanKrew,2026-03-15 01:38:32,Fan_Antiguo,30.0,2710,26.0,3.9,No,0
1433,1176.0,276,@carlos03,X,Comentario,actualización: seguridad del evento confirmó que hubo varios testigos presentes,,,2026-03-15 05:06:10,Anónimo,10.1,109,193.0,1.1,No,5
1434,1426.0,356,@noloocultes_564,X,Repost/Cita,"confirmado, Kai amañó el sorteo, pasen la voz #CancelenAKai",#CancelenAKai,,2026-03-15 02:56:25,Bot_Sospechoso,0.4,14531,206.0,24.4,No,4
1435,1233.0,88,@carlosmedina,X,Comentario,el trending de hoy tenía que ser esto obviamente sin exagerar...,#QueDijoKai,,2026-03-15 03:25:01,Verificado,857.9,1603,22.0,2.7,No,0
1436,1297.0,338,@cesarsabana,TikTok,Transcripción de audio/video,"Yo hacía memes de Kai, ahora no sé ni qué publicar y todavía falta que hable Kai",,,2026-03-15 03:07:02,Cuenta_Nueva,2.6,970,76.0,2.3,No,0
1437,1147.0,66,@isabellax,TikTok,Comentario,"actualización: tengo un conocido que trabajó en la producción, dice que todo estuvo en orden",,,2026-03-15 03:19:09,Fan_Antiguo,1122.6,9527,96.0,2.8,No,1
1438,1141.0,392,@teamkai_498,X,Comentario,el historial de Kai con sus sorteos ha sido limpio siempre,#JusticiaParaKai,,2026-03-15 05:04:43,Cuenta_Nueva,920.5,1235,230.0,5.1,No,0
1439,1217.0,325,@felipe98,TikTok,Comentario,en mi casa no se habla de otra cosa desde anoche de verdad.,,,2026-03-15 04:55:11,Anónimo,4.6,84,74.0,0.7,No,0
1440,,57,@tatianacun,X,Descripción de captura,yo sigo esperando que Kai diga algo sin exagerar...,#Cancelado,,2026-03-15 01:17:38,Fan_Antiguo,1900.8,2479,94.0,4.5,No,0
1441,,180,@lilianacruz_real,Foro anónimo,Repost/Cita,"sea cual sea la verdad, la forma en que se está manejando esto es un desastre y nadie sabe ni qué creer",,,2026-03-15 04:08:48,Fan_Antiguo,1202.1,3063,22.0,1.1,No,0
1442,1406.0,146,@kevinmoreno2020,TikTok,Comentario,el trending de hoy tenía que ser esto obviamente y todavía falta que hable Kai 😭,#Cancelado,,2026-03-15 04:52:58,Fan_Antiguo,632.8,8319,121.0,0.1,No,1
1443,1404.0,84,@laurasuarez_00,X,Comentario,Yo creo que yo estuve cerca del evento y no noté nada raro esa noche,,,2026-03-15 05:42:18,Verificado,911.9,44186,190.0,4.2,Sí (idéntico a publicación de 2023 sobre otro creador),1
1444,1396.0,176,@melissa98,X,Comentario,"posta que vi un live reaccionando que desmontó todo, aunque no lo vi completo",,,2026-03-15 03:00:45,Verificado,872.8,5071,405.0,13.1,Sí (idéntico a publicación de 2023 sobre otro creador),0
1445,1361.0,267,@camilacastro34,Foro anónimo,Comentario,Posta que un tiktok con millones de vistas ya lo dio por hecho,#Cancelado,,2026-03-15 05:38:58,Anónimo,15.2,433,937.0,15.1,Posible (similar a una publicación anterior),1
1446,,117,@estebanlopez98,Foro anónimo,Post original,mis amigas y yo llevamos toda la noche hablando de esto y todavía falta que hable Kai,#EvaluandoLaSituacion,,2026-03-15 03:31:47,Verificado,2699.5,522,61.0,1.0,No,0
1447,,252,@karen_col,TikTok,Post original,Tremendo desorden se armó de la nada anoche sinceramente,#EvaluandoLaSituacion #Cancelado,,2026-03-15 00:21:32,Verificado,2028.8,5252,35.0,1.2,No,0
1448,1124.0,311,@wilson2020,X,Comentario,Esto se siente exactamente igual a lo del año pasado con otro streamer otra vez 😳😳,,,2026-03-15 03:05:40,Cuenta_Nueva,15.0,121,21.0,2.1,No,1
1449,1402.0,318,@angie03,Instagram,Comentario,ojo con esto: alguien juró que tiene capturas del chat privado pero nunca las publicó,#Cancelado,,2026-03-15 03:29:02,Cuenta_Nueva,9.1,180,392.0,3.8,Sí (idéntico a publicación de 2023 sobre otro creador),1
1450,,224,@jorgecardenasbogota,X,Descripción de captura,"a mi me da igual, no sigo a Kai pero el trending me tiene aquí leyendo ya en serio",#YoLeCreoAKai #EvaluandoLaSituacion,,2026-03-15 03:10:47,Fan_Antiguo,742.1,1582,14.0,4.8,No,0
1451,1401.0,266,@gabrielasabana,X,Comentario,"pobre la gente que ganó de verdad el sorteo, ahora todos van a dudar de ellos otra vez.",#JusticiaParaKai,,2026-03-15 03:05:34,Cuenta_Nueva,13.9,1813,18.0,1.7,No,0
1452,1342.0,348,@david22,X,Comentario,Yo creo que revisé el reglamento público del sorteo y coincide con lo que se hizo,#EvaluandoLaSituacion,,2026-03-15 05:34:46,Cuenta_Nueva,10.5,106,73.0,2.6,No,2
1453,1438.0,409,@fansdekai_482,Instagram,Comentario,"si tuvieran algo sólido ya lo hubieran mostrado completo, no en pedazos",#JusticiaParaKai,,2026-03-15 05:12:06,Cuenta_Nueva,0.0,604,197.0,15.7,No,1
1454,1408.0,118,@miguelrios15,Instagram,Comentario,actualización: yo estuve cerca del evento y no noté nada raro esa noche,#KaiDuarte,,2026-03-15 03:40:10,Fan_Antiguo,651.1,3290,130.0,2.7,No,6
1455,,156,@wilson_uni,TikTok,Repost/Cita,Yo creo que hay que esperar antes de sacar conclusiones y eso que apenas empieza el día,,,2026-03-15 02:37:16,Anónimo,540.8,1025,98.0,2.1,No,1
1456,1350.0,344,@brayan99,X,Comentario,"dicen que me contaron que alguien del equipo renunció por esto, sin confirmación",#KaiMentiroso,,2026-03-15 05:16:14,Anónimo,0.0,84,296.0,18.2,No,0
1457,1189.0,275,@ximenabogota,Instagram,Comentario,"que fastidio, otra vez cancelando a alguien sin dejarlo hablar y las marcas ni se han pronunciado bien 😳",,,2026-03-15 04:19:36,Cuenta_Nueva,5.0,676,309.0,2.1,No,0
1458,1425.0,241,@gabriela_00,X,Comentario,"vi que UrbanKrew sacó un comunicado, muy tibio la verdad",#QueDijoKai,NovaVolt,2026-03-15 04:25:36,Verificado,759.1,8195,8.0,0.1,No,0
1459,1447.0,129,@isabellabogota,Instagram,Comentario,tremendo desorden se armó de la nada anoche 💀,#KaiDuarte #KaiMentiroso,,2026-03-15 03:35:12,Fan_Antiguo,470.7,1846,14.0,2.4,No,0
1460,,62,@tomas_,Instagram,Repost/Cita,"que oso si es verdad, y que oso si no lo es sinceramente...",#Cancelado #EvaluandoLaSituacion,,2026-03-15 02:25:08,Anónimo,1442.6,3056,54.0,3.6,No,0
1461,1333.0,278,@isabellaalarcon_11,X,Transcripción de audio/video,cada hora aparece un ángulo nuevo de esto otra vez.,,,2026-03-15 02:32:50,Anónimo,11.2,119,62.0,5.3,No,0
1462,,444,@VerificaYA_Co,X,Post original,Seguimos revisando la evidencia compartida; por ahora no hay elementos suficientes para confirmar ni descartar.,#VerificaAntesDeCompartir,,2026-03-15 03:25:34,Verificado,1600.0,90000,649.0,5.7,No,3
1463,1462.0,260,@samuelcun,Foro anónimo,Comentario,"dato: conozco a alguien que ganó un sorteo anterior de Kai, todo fue legal",#JusticiaParaKai,,2026-03-15 03:34:10,Cuenta_Nueva,12.4,486,925.0,1.3,No,2
1464,1377.0,375,@despiertaya_871,TikTok,Repost/Cita,"no dejen que borren la evidencia, guarden capturas ya #CancelenAKai",#CancelenAKai,,2026-03-15 05:10:59,Bot_Sospechoso,0.8,10230,77.0,13.1,No,0
1465,,446,@ChequeoDigitalCO,X,Post original,"El patrón de creación de cuentas alrededor de este tema es atípico, seguimos documentando.",#VerificaAntesDeCompartir,,2026-03-15 01:13:11,Verificado,1100.0,60000,202.0,2.8,No,1
1466,1308.0,51,@jhon07,Instagram,Comentario,si PulsoTech no rompe el contrato hoy yo dejo de comprarles,#EvaluandoLaSituacion,UrbanKrew,2026-03-15 04:16:03,Verificado,798.0,45910,115.0,2.1,No,0
1467,1412.0,42,@natalia03,X,Repost/Cita,la cantidad de cuentas nuevas comentando esto me da mala espina y las marcas ni se han pronunciado bien 🤔🤔,,,2026-03-15 04:17:28,Anónimo,642.8,13959,64.0,0.6,No,0
1468,1239.0,145,@hector,X,Comentario,posta que una cuenta que no conozco subió una captura que supuestamente confirma todo,#EvaluandoLaSituacion,,2026-03-15 02:36:32,Verificado,326.3,2336,649.0,13.5,Sí (idéntico a publicación de 2023 sobre otro creador),0
1469,1426.0,221,@carlosbogota,X,Comentario,circula una lista de pruebas pero ninguna se puede verificar bien,,,2026-03-15 02:43:45,Fan_Antiguo,688.7,2235,766.0,4.4,Posible (similar a una publicación anterior),1
1470,1274.0,366,@mvidalteam_057,X,Repost/Cita,"COMPARTAN esto antes de que lo borren, la verdad sobre Kai #CancelenAKai",#CancelenAKai,,2026-03-15 05:20:45,Bot_Sospechoso,2.5,16887,66.0,13.5,No,0
1471,1438.0,399,@kaisquad_446,TikTok,Comentario,el historial de Kai con sus sorteos ha sido limpio siempre,#JusticiaParaKai,,2026-03-15 05:07:36,Cuenta_Nueva,502.1,833,224.0,6.8,No,1
1472,1298.0,257,@carolinaramirez34,TikTok,Comentario,"dicen que según un grupo de Facebook, esto ya se sabía desde hace meses",#KaiDuarte,,2026-03-15 01:37:51,Anónimo,7.3,69,280.0,4.7,No,0
1473,1327.0,383,@despiertaya_138,X,Repost/Cita,"COMPARTAN esto antes de que lo borren, la verdad sobre Kai #CancelenAKai",#CancelenAKai,,2026-03-15 05:03:35,Bot_Sospechoso,0.4,34510,106.0,15.1,No,0
1474,1235.0,9,@yulianasuarez07,X,Comentario,"todo mundo subiendo teorías, nadie subiendo pruebas",#QueDijoKai,,2026-03-15 05:05:32,Fan_Antiguo,,4216,16.0,7.1,No,0
1475,1422.0,19,@gabrielamedina07,X,Comentario,yo sigo esperando que Kai diga algo y nadie sabe ni qué creer.,,,2026-03-15 04:34:12,Fan_Antiguo,1199.2,4505,70.0,1.6,No,1
1476,1363.0,240,@alejandrogomez,X,Comentario,revisé el reglamento público del sorteo y coincide con lo que se hizo,#JusticiaParaKai,,2026-03-15 04:18:44,Verificado,2138.9,9085,427.0,2.9,No,2
1477,1290.0,315,@tomasperezbogota,X,Comentario,Me acaban de contar que circula el rumor de que hay más pruebas guardadas para después,#Cancelado,,2026-03-15 04:20:13,Cuenta_Nueva,0.0,32,1133.0,1.7,Sí (idéntico a publicación de 2023 sobre otro creador),1
1478,1412.0,411,@fansdekai_135,TikTok,Comentario,"nadie ha mostrado una prueba real, todo son capturas sin verificar",#JusticiaParaKai,,2026-03-15 03:52:48,Anónimo,438.7,1428,189.0,5.6,No,0
1479,1338.0,10,@carlos_00,X,Repost/Cita,"sea cual sea la verdad, la forma en que se está manejando esto es un desastre otra vez 😭😭",#Cancelado,,2026-03-15 03:12:48,Verificado,974.1,599,189.0,3.3,No,0
1480,1475.0,391,@fansdekai_508,Instagram,Comentario,"en ningún sorteo anterior de Kai hubo una queja así, raro que ahora sí",#JusticiaParaKai,,2026-03-15 04:52:52,Fan_Antiguo,0.0,3856,311.0,4.8,No,3
1481,1356.0,200,@sofiasuarez_oficial,X,Comentario,yo estaba conectado desde el minuto uno y no vi nada extraño,,,2026-03-15 03:32:25,Anónimo,1916.5,2891,449.0,6.9,No,6
1482,1467.0,383,@despiertaya_138,X,Repost/Cita,"COMPARTAN esto antes de que lo borren, la verdad sobre Kai #CancelenAKai",#CancelenAKai,,2026-03-15 04:31:59,Bot_Sospechoso,0.4,34510,227.0,20.3,No,0
1483,1468.0,378,@mvidalteam_803,X,Repost/Cita,"confirmado, Kai amañó el sorteo, pasen la voz #CancelenAKai",#CancelenAKai,,2026-03-15 02:38:50,Bot_Sospechoso,2.6,17820,175.0,14.0,No,3
1484,1257.0,146,@kevinmoreno2020,X,Transcripción de audio/video,clásico: pasa algo de madrugada y para el mediodía ya todos tienen opinión y nadie sabe ni qué creer...,#QueDijoKai,,2026-03-15 02:11:43,Fan_Antiguo,632.8,8319,61.0,3.3,No,0
1485,1453.0,310,@lilianacardenas_real,X,Comentario,una cuenta que no conozco subió una captura que supuestamente confirma todo,#EvaluandoLaSituacion,,2026-03-15 05:20:12,Anónimo,13.7,85,524.0,13.1,No,0
1486,1275.0,160,@juan_11,Instagram,Comentario,Esto va a ser tendencia todo el día seguro ya en serio.,#Cancelado #EvaluandoLaSituacion,,2026-03-15 04:08:11,Fan_Antiguo,30.0,12260,108.0,3.9,No,0
1487,1409.0,391,@fansdekai_508,TikTok,Comentario,"si escuchan el audio completo, Kai está bromeando, no confesando nada",#JusticiaParaKai,,2026-03-15 05:07:33,Fan_Antiguo,0.0,3856,93.0,9.8,No,1
1488,1246.0,365,@despiertaya_531,TikTok,Repost/Cita,esto es un ESCÁNDALO y las marcas lo están tapando #CancelenAKai,#CancelenAKai,,2026-03-15 04:21:40,Bot_Sospechoso,2.6,14140,115.0,5.5,No,0
1489,1219.0,361,@noloocultes_193,TikTok,Repost/Cita,"KAI ES CULPABLE, ya hay pruebas, no lo defiendan más #CancelenAKai",#CancelenAKai,,2026-03-15 04:22:27,Bot_Sospechoso,1.8,21144,,13.2,No,0
1490,1353.0,341,@manuelaortizsabana,Instagram,Comentario,me acaban de contar que circula el rumor de que hay más pruebas guardadas para después,#Cancelado #FueraKai,,2026-03-15 02:23:08,Cuenta_Nueva,11.3,220,454.0,4.7,No,0
1491,1446.0,49,@sebastian98,X,Comentario,esto va a ser tendencia todo el día seguro la verdad,#Cancelado #KaiDuarte,,2026-03-15 03:35:21,Anónimo,1400.7,4642,40.0,3.1,No,0
1492,1324.0,277,@yesidcastro,X,Comentario,ojo con esto: una cuenta que no conozco subió una captura que supuestamente confirma todo,,,2026-03-15 02:37:45,Anónimo,23.9,374,459.0,6.5,Sí (idéntico a publicación de 2023 sobre otro creador),1
1493,,220,@juliannino_00,X,Post original,"esto ya lo vi venir hace rato, algo raro pasaba y nadie sabe ni qué creer 🤔",#KaiDuarte,,2026-03-15 03:55:06,Verificado,423.8,1149,49.0,0.1,No,1
1494,1389.0,9,@yulianasuarez07,TikTok,Comentario,yo creo que el ganador de mi ciudad sí recibió el premio sin ningún inconveniente,#KaiEsInocente #QueDijoKai,,2026-03-15 04:44:25,Fan_Antiguo,511.7,4216,634.0,7.0,No,0
1495,,275,@ximenabogota,Instagram,Comentario,"cada quien cree lo que quiere creer, ya nadie mira pruebas y todavía falta que hable Kai",#QueDijoKai #KaiDuarte,,2026-03-15 02:05:31,Cuenta_Nueva,5.0,676,12.0,4.9,No,0
1496,1330.0,121,@gabrielabogota,Instagram,Comentario,Me acaban de contar que un influencer chiquito aseguró que tiene pruebas pero no las ha mostrado,,,2026-03-15 04:16:58,Fan_Antiguo,1413.4,8207,305.0,13.4,Sí (idéntico a publicación de 2023 sobre otro creador),1
1497,1159.0,122,@ricardo_real,TikTok,Comentario,"que oso si es verdad, y que oso si no lo es y las marcas ni se han pronunciado bien",,,2026-03-15 02:43:41,Fan_Antiguo,919.2,3307,23.0,0.1,No,0
1498,1323.0,295,@kevin15,Instagram,Comentario,"la marca ya se está lavando las manos, típico y nadie sabe ni qué creer 🤔🤔",,,2026-03-15 04:14:30,Anónimo,22.8,699,43.0,0.4,No,0
1499,1326.0,198,@kevincastro03,X,Transcripción de audio/video,alguien me explica bien qué fue lo que pasó anoche otra vez 😳😳,,,2026-03-15 03:40:16,Fan_Antiguo,30.0,1746,85.0,2.8,No,0
1500,,444,@VerificaYA_Co,X,Post original,Pedimos cautela: varias publicaciones repiten el mismo texto casi palabra por palabra en minutos.,#VerificaAntesDeCompartir,,2026-03-15 02:59:39,Verificado,1600.0,90000,1154.0,6.4,No,1
1501,1434.0,219,@ximena98,TikTok,Comentario,en mi casa no se habla de otra cosa desde anoche la verdad,,,2026-03-15 02:59:42,Verificado,1456.4,704,42.0,0.1,No,0
1502,1179.0,76,@valentinaco,TikTok,Comentario,si esto resulta ser falso alguien tiene que responder por el daño y eso que apenas empieza el día,#Cancelado,,2026-03-15 04:10:25,Verificado,1652.5,5797,108.0,3.6,No,0
1503,,224,@jorgecardenasbogota,Instagram,Comentario,me parece raro que PulsoTech se pronuncie tan rápido sin saber toda la historia,#QueDijoKai,UrbanKrew,2026-03-15 03:35:03,Fan_Antiguo,742.1,1582,71.0,1.3,No,0
1504,1445.0,301,@harold99,X,Comentario,me acaban de contar que circula una lista de pruebas pero ninguna se puede verificar bien,#KaiMentiroso,,2026-03-15 06:21:49,Anónimo,12.6,293,323.0,19.0,Sí (idéntico a publicación de 2023 sobre otro creador),0
1505,1414.0,242,@mariacastro07,Instagram,Comentario,actualización: seguridad del evento confirmó que hubo varios testigos presentes,#KaiEsInocente #Cancelado,,2026-03-15 03:53:11,Fan_Antiguo,452.0,1074,208.0,0.4,No,3
1506,1427.0,92,@tatiana_11,X,Comentario,clásico: pasa algo de madrugada y para el mediodía ya todos tienen opinión sinceramente,#OjoConEstoKai #FakeNews,,2026-03-15 04:34:18,Verificado,1064.8,4839,21.0,1.0,No,1
1507,,222,@fabian07,TikTok,Comentario,no había visto esta cantidad de gente opinando de algo en meses la verdad,#KaiMentiroso #KaiDuarte,,2026-03-15 01:06:01,Verificado,519.2,3479,19.0,0.1,No,0
1508,1399.0,314,@esteban_uni,Foro anónimo,Comentario,"me acaban de contar que me llegó por WhatsApp que Kai sí arregló todo, no tengo la fuente original",,,2026-03-15 03:39:10,Anónimo,4.7,256,215.0,12.8,No,0
1509,1454.0,118,@miguelrios15,X,Comentario,"que oso si es verdad, y que oso si no lo es y nadie sabe ni qué creer",#OjoConEstoKai,,2026-03-15 03:41:05,Fan_Antiguo,651.1,3290,31.0,1.1,No,0
1510,1385.0,297,@jhon_real,Instagram,Comentario,"dicen que vi un live reaccionando que desmontó todo, aunque no lo vi completo",#EvaluandoLaSituacion,,2026-03-15 04:25:24,Cuenta_Nueva,0.0,57,270.0,16.9,No,0
1511,1483.0,355,@apoyomateo_602,X,Repost/Cita,"no dejen que borren la evidencia, guarden capturas ya #CancelenAKai",#CancelenAKai,,2026-03-15 03:08:34,Bot_Sospechoso,1.5,3987,242.0,28.6,No,2
1512,1307.0,84,@laurasuarez_00,TikTok,Descripción de captura,"cada quien cree lo que quiere creer, ya nadie mira pruebas la verdad 😭",#KaiEsInocente #KaiDuarte,,2026-03-15 05:39:09,Verificado,911.9,44186,14.0,2.1,No,1
1513,1266.0,139,@gabrielanino_real,Instagram,Comentario,"todo mundo subiendo teorías, nadie subiendo pruebas y cada rato cambia la versión",,,2026-03-15 02:50:54,Anónimo,2428.8,1858,176.0,1.3,No,0
1514,1450.0,146,@kevinmoreno2020,X,Comentario,dato: el ganador de mi ciudad sí recibió el premio sin ningún inconveniente,#QueDijoKai,,2026-03-15 03:14:28,Fan_Antiguo,632.8,8319,340.0,0.3,No,4
1515,1514.0,255,@cristianalarconcun,Instagram,Comentario,  para que sepan: yo estaba conectado desde el minuto uno y no vi nada extraño   ,#EvaluandoLaSituacion,,2026-03-15 03:16:19,Fan_Antiguo,1035.4,3661,1726.0,0.1,No,3
1516,,172,@camilacruz07,TikTok,Comentario,ya perdí la cuenta de cuántos hilos van sobre esto y todavía falta que hable Kai,,,2026-03-15 02:42:04,Verificado,647.4,4253,89.0,1.0,No,0
1517,1438.0,398,@porsiempreKai_678,X,Comentario,"ese clip está cortado, en el audio completo se nota que es sarcasmo",#JusticiaParaKai,,2026-03-15 05:07:17,Anónimo,105.8,2484,274.0,12.2,No,4
1518,1354.0,59,@antoniaco,Instagram,Comentario,honestamente ya perdí la cuenta de cuántas pruebas van sinceramente 😳,#EvaluandoLaSituacion,,2026-03-15 04:48:20,Verificado,555.6,640,238.0,3.4,No,1
1519,,63,@saragomez22,Instagram,Transcripción de audio/video,"todo mundo subiendo teorías, nadie subiendo pruebas sinceramente 😳",#Cancelado #VerificaAntesDeCompartir,,2026-03-15 02:46:16,Verificado,30.0,9430,94.0,0.1,No,0
1520,1399.0,339,@vivianatv,TikTok,Comentario,actualización: yo estaba conectado desde el minuto uno y no vi nada extraño,#YoLeCreoAKai,,2026-03-15 04:11:50,Anónimo,0.1,521,149.0,1.3,No,2
1521,1421.0,44,@santiago_,X,Comentario,Yo creo que hay que esperar antes de sacar conclusiones la verdad,#KaiDuarte,,2026-03-15 01:56:32,Verificado,30.0,172,146.0,4.2,No,0
1522,1345.0,365,@despiertaya_531,X,Repost/Cita,esto es un ESCÁNDALO y las marcas lo están tapando #CancelenAKai,#CancelenAKai,,2026-03-15 05:05:12,Bot_Sospechoso,2.6,14140,46.0,34.3,No,0
1523,1404.0,160,@juan_11,X,Comentario,Yo estuve cerca del evento y no noté nada raro esa noche,#KaiEsInocente,,2026-03-15 06:01:19,Fan_Antiguo,30.0,12260,217.0,2.8,No,0
1524,1276.0,95,@adrianacastro03,X,Comentario,@PulsoTech ustedes ya sabían de esto o no? necesitamos que hablen,#EvaluandoLaSituacion #YoLeCreoAKai,PulsoTech,2026-03-15 03:57:56,Anónimo,1581.4,1951,53.0,1.9,No,0
1525,,195,@sofia_ug,Instagram,Comentario,UrbanKrew debería esperar los resultados antes de tomar una decisión así de grande,#EvaluandoLaSituacion #QueDijoKai,NovaVolt,2026-03-15 03:38:31,Fan_Antiguo,1096.8,1324,128.0,2.3,No,0
1526,1240.0,212,@sofiaco,Instagram,Descripción de captura,Si esto no se aclara hoy se va a armar una novela de meses ya en serio 🤔,,,2026-03-15 05:26:29,Fan_Antiguo,597.0,3332,285.0,2.5,No,1
1527,1438.0,424,@porsiempreKai_817,TikTok,Comentario,"ese clip está cortado, en el audio completo se nota que es sarcasmo",#JusticiaParaKai,,2026-03-15 05:12:09,Anónimo,0.0,459,273.0,10.6,No,2
1528,1482.0,306,@carloslopez_col,TikTok,Comentario,esto me recuerda a como diez casos parecidos otra vez 💀,#JusticiaParaKai,,2026-03-15 05:00:04,Anónimo,13.2,420,36.0,1.9,No,0
1529,1456.0,260,@samuelcun,X,Comentario,"me acaban de contar que vi un live reaccionando que desmontó todo, aunque no lo vi completo",#KaiMentiroso,,2026-03-15 05:20:10,Cuenta_Nueva,12.4,486,282.0,8.0,No,1
1530,1321.0,318,@angie03,X,Transcripción de audio/video,"Esto se puso serio rapidísimo, hace una hora era chisme de verdad",#KaiDuarte,,2026-03-15 04:37:42,Cuenta_Nueva,9.1,180,115.0,1.6,No,0
1531,1505.0,120,@sara_real,Instagram,Comentario,para que sepan: el ganador de mi ciudad sí recibió el premio sin ningún inconveniente,#JusticiaParaKai #YoLeCreoAKai,,2026-03-15 04:04:05,Fan_Antiguo,30.0,618,222.0,6.3,No,2
1532,,32,@valeria,X,Repost/Cita,"la marca ya se está lavando las manos, típico y nadie sabe ni qué creer.",,,2026-03-15 02:42:58,Verificado,380.2,6269,17.0,2.7,No,1
1533,1202.0,98,@marialeon_col,TikTok,Descripción de captura,"pobre la gente que ganó de verdad el sorteo, ahora todos van a dudar de ellos y todavía falta que hable Kai",,,2026-03-15 04:49:32,Fan_Antiguo,1483.0,14224,26.0,1.4,No,0
1534,1407.0,393,@kaisquad_426,X,Comentario,"eso que están pasando como prueba nueva es de un caso viejo, no es de ahora",#JusticiaParaKai,,2026-03-15 05:25:13,Anónimo,671.8,889,219.0,7.6,No,2
1535,1464.0,370,@mvidalteam_340,X,Repost/Cita,"no dejen que borren la evidencia, guarden capturas ya #CancelenAKai",#CancelenAKai,,2026-03-15 05:15:10,Bot_Sospechoso,0.0,21752,115.0,7.8,No,0
1536,,60,@alejandropinzon99,X,Repost/Cita,el que suba a defenderlo sin pruebas también me da desconfianza 😳😳,#Cancelado #KaiMentiroso,,2026-03-15 03:42:13,Anónimo,1712.2,2331,141.0,1.3,No,1
1537,1413.0,336,@juan_ug,TikTok,Comentario,  posta que alguien juró que tiene capturas del chat privado pero nunca las publicó   ,#EvaluandoLaSituacion,,2026-03-15 04:44:25,Cuenta_Nueva,15.1,127,1118.0,7.3,No,0
1538,1187.0,331,@angietv,X,Transcripción de audio/video,"Cada quien cree lo que quiere creer, ya nadie mira pruebas otra vez.",#VerificaAntesDeCompartir,,2026-03-15 04:49:43,Anónimo,10.6,413,21.0,3.2,No,0
1539,1492.0,257,@carolinaramirez34,X,Comentario,"circula que me contaron que alguien del equipo renunció por esto, sin confirmación",,,2026-03-15 02:40:15,Anónimo,7.3,69,505.0,14.3,No,1
1540,,445,@DatosClarosCo,X,Post original,Pedimos cautela: varias publicaciones repiten el mismo texto casi palabra por palabra en minutos.,#VerificaAntesDeCompartir,,2026-03-15 02:46:04,Verificado,2400.0,130000,400.0,1.8,No,0
1541,1218.0,405,@fansdekai_236,X,Comentario,"esas capturas ya las vi hace años en otro escándalo, esto es reciclado",#JusticiaParaKai,,2026-03-15 04:54:27,Fan_Antiguo,0.0,7567,124.0,12.0,No,1
1542,1394.0,116,@carolina_00,Instagram,Comentario,"circula que vi un live reaccionando que desmontó todo, aunque no lo vi completo",,,2026-03-15 05:23:09,Verificado,985.8,604,272.0,10.8,No,1
1543,1517.0,117,@estebanlopez98,TikTok,Transcripción de audio/video,si UrbanKrew no rompe el contrato hoy yo dejo de comprarles,,UrbanKrew,2026-03-15 05:12:32,Verificado,2699.5,522,,0.4,No,0
1544,1523.0,209,@isabellamoreno99,X,Descripción de captura,"NovaVolt lleva media hora sin responder nada, mal ahí",#KaiMentiroso,NovaVolt,2026-03-15 06:05:45,Fan_Antiguo,30.0,659,7.0,1.2,No,1
1545,1325.0,229,@luisa98,TikTok,Transcripción de audio/video,"pobre la gente que ganó de verdad el sorteo, ahora todos van a dudar de ellos la verdad 🤔🤔",,,2026-03-15 05:03:35,Fan_Antiguo,603.8,369,28.0,3.0,No,0
1546,1533.0,397,@porsiempreKai_598,X,Comentario,"ese clip está cortado, en el audio completo se nota que es sarcasmo",#JusticiaParaKai,,2026-03-15 04:55:59,Cuenta_Nueva,775.7,300,134.0,0.8,No,0
1547,1383.0,424,@porsiempreKai_817,Instagram,Comentario,"en ningún sorteo anterior de Kai hubo una queja así, raro que ahora sí",#JusticiaParaKai,,2026-03-15 04:59:24,Anónimo,0.0,459,290.0,5.2,No,0
1548,1421.0,345,@hectorramirez,X,Comentario,el trending de hoy tenía que ser esto obviamente sin exagerar.,#JusticiaParaKai,,2026-03-15 01:31:56,Anónimo,12.3,170,52.0,3.3,No,0
1549,1405.0,254,@nicolasperez_uni,X,Descripción de captura,Esto habla más de nosotros como internet que de Kai la verdad y eso que apenas empieza el día,#KaiMentiroso,,2026-03-15 03:41:38,Verificado,1272.7,8096,18.0,1.7,No,0
1550,1389.0,31,@santiagoleon07,X,Comentario,"honestamente, tengo un conocido que trabajó en la producción, dice que todo estuvo en orden",,,2026-03-15 04:47:25,Verificado,866.1,7203,62.0,7.6,No,2
1551,1218.0,419,@teamkai_012,Instagram,Comentario,"ese clip está cortado, en el audio completo se nota que es sarcasmo",#JusticiaParaKai,,2026-03-15 04:51:07,Anónimo,802.1,1381,67.0,10.4,No,1
1552,1535.0,388,@despiertaya_820,X,Repost/Cita,"COMPARTAN esto antes de que lo borren, la verdad sobre Kai #CancelenAKai",#CancelenAKai,,2026-03-15 05:34:34,Bot_Sospechoso,1.3,11277,36.0,11.4,No,0
1553,1446.0,115,@claudiasabana,Instagram,Comentario,mis amigas y yo llevamos toda la noche hablando de esto sin exagerar.,#YoLeCreoAKai #Cancelado,,2026-03-15 03:45:53,Fan_Antiguo,638.0,12316,74.0,2.1,No,0
1554,1357.0,240,@alejandrogomez,Instagram,Repost/Cita,esto se siente exactamente igual a lo del año pasado con otro streamer y las marcas ni se han pronunciado bien,,,2026-03-15 02:46:21,Verificado,2138.9,9085,49.0,1.8,No,1
1555,1551.0,274,@tomaspardotv,TikTok,Comentario,"todo mundo subiendo teorías, nadie subiendo pruebas y eso que apenas empieza el día",#QueDijoKai #Cancelado,,2026-03-15 04:55:18,Cuenta_Nueva,7.3,52,93.0,1.0,No,0
1556,1534.0,407,@porsiempreKai_472,TikTok,Comentario,"llevo horas buscando la prueba de verdad y no existe, es puro rumor",#JusticiaParaKai,,2026-03-15 05:47:00,Fan_Antiguo,0.0,9580,65.0,4.5,No,0
1557,1519.0,8,@sara07,X,Transcripción de audio/video,Esto me recuerda a como diez casos parecidos ya en serio,,,2026-03-15 02:55:53,Verificado,1779.8,696,19.0,2.2,No,0
1558,1477.0,264,@monica2020,Instagram,Comentario,"dicen que según un grupo de Facebook, esto ya se sabía desde hace meses",#KaiMentiroso #KaiDuarte,,2026-03-15 04:24:29,Cuenta_Nueva,19.1,11,1116.0,4.6,Sí (idéntico a publicación de 2023 sobre otro creador),1
1559,1315.0,223,@ricardo07,Foro anónimo,Repost/Cita,increíble como en una noche esto se salió de control otra vez.,,,2026-03-15 04:58:09,Fan_Antiguo,1197.3,1391,7.0,3.0,No,1
1560,1385.0,219,@ximena98,TikTok,Descripción de captura,"que oso si es verdad, y que oso si no lo es sin exagerar",#EvaluandoLaSituacion #Cancelado,,2026-03-15 04:50:13,Verificado,1456.4,704,42.0,4.3,No,2
1561,1552.0,345,@hectorramirez,Instagram,Repost/Cita,el que suba a defenderlo sin pruebas también me da desconfianza de verdad 😳,#FakeNews #OjoConEstoKai,,2026-03-15 05:41:51,Anónimo,12.3,170,34.0,1.4,No,0
1562,1475.0,64,@isabella,X,Comentario,"la marca ya se está lavando las manos, típico y todavía falta que hable Kai",,,2026-03-15 04:52:26,Verificado,591.4,922,54.0,1.4,No,0
1563,1547.0,299,@yuliana_ug,X,Comentario,el que suba a defenderlo sin pruebas también me da desconfianza sinceramente...,#FakeNews #QueDijoKai,,2026-03-15 05:03:54,Anónimo,7.3,318,112.0,0.1,No,0
1564,1522.0,204,@esteban03,X,Comentario,ojo con esto: circula el rumor de que hay más pruebas guardadas para después,,,2026-03-15 05:05:58,Verificado,1936.3,6350,306.0,17.3,No,1
1565,1413.0,329,@monica34,X,Comentario,circula que dicen que hay un audio filtrado completo pero nadie lo ha mostrado,,,2026-03-15 04:41:18,Cuenta_Nueva,19.9,548,323.0,0.1,No,0
1566,1537.0,302,@carlos_oficial,Instagram,Comentario,me acaban de contar que un influencer chiquito aseguró que tiene pruebas pero no las ha mostrado,,,2026-03-15 04:47:03,Cuenta_Nueva,1.1,9,1616.0,6.4,Sí (idéntico a publicación de 2023 sobre otro creador),1
1567,1433.0,104,@paulasuarez,TikTok,Comentario,"a mi me da igual, no sigo a Kai pero el trending me tiene aquí leyendo...",,,2026-03-15 05:09:17,Fan_Antiguo,30.0,1549,84.0,2.8,No,1
1568,1524.0,16,@lilianapinzonbogota,X,Comentario,actualización: revisé el reglamento público del sorteo y coincide con lo que se hizo,#KaiEsInocente #EvaluandoLaSituacion,,2026-03-15 04:14:15,Fan_Antiguo,809.0,2277,181.0,0.1,No,4
1569,1268.0,348,@david22,X,Descripción de captura,cada hora aparece un ángulo nuevo de esto,#EvaluandoLaSituacion #Cancelado,,2026-03-15 06:00:52,Cuenta_Nueva,10.5,106,42.0,3.9,No,0
1570,1307.0,31,@santiagoleon07,X,Repost/Cita,"NovaVolt lleva media hora sin responder nada, mal ahí",#Cancelado #QueDijoKai,NovaVolt,2026-03-15 05:42:13,Verificado,866.1,7203,43.0,1.5,No,0
1571,,175,@johanasabana,X,Descripción de captura,yo creo que hay que esperar antes de sacar conclusiones sinceramente...,,,2026-03-15 04:11:21,Verificado,1901.9,982,17.0,2.5,No,0
1572,1408.0,125,@jorge15,TikTok,Comentario,"yo creo que el clip completo, sin el corte de 14 segundos, cuenta una historia distinta",#KaiEsInocente,,2026-03-15 03:45:26,Anónimo,30.0,724,296.0,0.3,No,1
1573,,291,@alejandrolopez2020,Foro anónimo,Post original,la cantidad de cuentas nuevas comentando esto me da mala espina y eso que apenas empieza el día,#Cancelado #KaiDuarte,,2026-03-15 01:31:33,Cuenta_Nueva,7.1,2281,84.0,0.1,No,1
1574,1373.0,53,@paula2020,Instagram,Comentario,"Sea cual sea la verdad, la forma en que se está manejando esto es un desastre sin exagerar 😭😭",#KaiDuarte,,2026-03-15 05:41:18,Anónimo,1368.8,5929,23.0,0.1,No,0
1575,1201.0,313,@felipesalazar03,TikTok,Descripción de captura,yo llevo horas viendo hilos sobre esto en vez de dormir ya en serio.,#Cancelado #EvaluandoLaSituacion,,2026-03-15 05:01:44,Anónimo,0.6,52,73.0,1.8,No,2
1576,1420.0,207,@sofia_uni,X,Comentario,"todo mundo subiendo teorías, nadie subiendo pruebas de verdad 😳",#EvaluandoLaSituacion,,2026-03-15 02:10:26,Anónimo,1117.1,1861,61.0,3.3,No,0
1577,1220.0,85,@antonia_real,X,Comentario,"sea cual sea la verdad, la forma en que se está manejando esto es un desastre ya en serio",#EvaluandoLaSituacion,,2026-03-15 02:35:45,Verificado,583.1,465,38.0,0.1,No,0
1578,1468.0,169,@vivianacruz_00,TikTok,Comentario,"yo creo que la plataforma que usaron para el sorteo es auditable, cualquiera puede revisarla",,,2026-03-15 02:38:13,Anónimo,313.8,38563,372.0,3.1,No,3
1579,,38,@yesid,Instagram,Comentario,alguien me explica bien qué fue lo que pasó anoche sin exagerar,#YoLeCreoAKai,,2026-03-15 04:11:07,Anónimo,1156.1,1653,515.0,1.7,No,0
1580,1362.0,313,@felipesalazar03,X,Comentario,"conozco a alguien que ganó un sorteo anterior de Kai, todo fue legal",#QueDijoKai,,2026-03-15 05:13:51,Anónimo,0.6,52,112.0,1.1,No,1
1581,1481.0,187,@kevingomez03,TikTok,Comentario,"para que sepan: tengo un conocido que trabajó en la producción, dice que todo estuvo en orden",#QueDijoKai #YoLeCreoAKai,,2026-03-15 03:43:54,Fan_Antiguo,454.0,24484,49.0,4.2,Posible (similar a una publicación anterior),1
1582,1372.0,214,@karenrojassabana,Instagram,Comentario,si esto resulta ser falso alguien tiene que responder por el daño y las marcas ni se han pronunciado bien...,#KaiMentiroso,,2026-03-15 04:09:20,Verificado,971.4,364,23.0,2.8,No,0
1583,1351.0,194,@cesar_ug,TikTok,Comentario,esto se siente exactamente igual a lo del año pasado con otro streamer y todavía falta que hable Kai 😭😭,#Cancelado,,2026-03-15 05:31:01,Anónimo,560.4,1122,42.0,2.9,No,0
1584,1381.0,207,@sofia_uni,TikTok,Comentario,"actualización: la plataforma que usaron para el sorteo es auditable, cualquiera puede revisarla",,,2026-03-15 05:42:09,Bot_Sospechoso,1117.1,1861,332.0,3.7,No,7
1585,1346.0,261,@camilalopez99,Instagram,Comentario,"todo mundo subiendo teorías, nadie subiendo pruebas sinceramente...",,,2026-03-15 05:21:34,Anónimo,1.5,5573,68.0,3.6,No,0
1586,,54,@haroldriosbogota,TikTok,Descripción de captura,  esto va a ser tendencia todo el día seguro la verdad   ,,,2026-03-14 23:47:30,Fan_Antiguo,1270.7,672,266.0,0.8,No,0
1587,,221,@carlosbogota,TikTok,Repost/Cita,alguien me explica bien qué fue lo que pasó anoche,#QueDijoKai,,2026-03-15 02:36:45,Fan_Antiguo,688.7,2235,119.0,1.4,No,1
1588,1346.0,254,@nicolasperez_uni,X,Repost/Cita,alguien me explica bien qué fue lo que pasó anoche sinceramente...,,,2026-03-15 04:54:21,Verificado,1272.7,8096,242.0,1.8,No,0
1589,1584.0,80,@juansalazar03,X,Comentario,"actualización: tengo un conocido que trabajó en la producción, dice que todo estuvo en orden",,,2026-03-15 05:42:24,Verificado,1451.6,2025,250.0,2.4,No,6
1590,1536.0,323,@jhonmedina15,X,Comentario,cada hora aparece un ángulo nuevo de esto de verdad 😭😭,#Cancelado,,2026-03-15 03:45:34,Cuenta_Nueva,17.5,1391,49.0,1.8,No,2
1591,1589.0,277,@yesidcastro,X,Comentario,"para que sepan: tengo un conocido que trabajó en la producción, dice que todo estuvo en orden",,,2026-03-15 05:45:13,Anónimo,,374,261.0,3.5,No,2
1592,1526.0,6,@carolina,Instagram,Comentario,@UrbanKrew ustedes ya sabían de esto o no? necesitamos que hablen,,UrbanKrew,2026-03-15 05:28:04,Anónimo,1964.7,16177,159.0,4.7,No,0
1593,1553.0,101,@jorgesalazarbogota,X,Comentario,clásico: pasa algo de madrugada y para el mediodía ya todos tienen opinión y cada rato cambia la versión.,#Cancelado,,2026-03-15 03:53:15,Fan_Antiguo,2121.2,2922,58.0,3.5,No,0
1594,1316.0,264,@monica2020,Instagram,Repost/Cita,"todo mundo subiendo teorías, nadie subiendo pruebas y todavía falta que hable Kai",#FueraKai,,2026-03-15 04:08:08,Cuenta_Nueva,19.1,11,190.0,1.6,No,1
1595,1308.0,337,@antoniaperez99,TikTok,Comentario,esto se siente exactamente igual a lo del año pasado con otro streamer ya en serio,,,2026-03-15 04:21:33,Cuenta_Nueva,4.0,172,14.0,0.1,No,0
1596,,37,@sebastiancardenassaban,X,Comentario,clásico: pasa algo de madrugada y para el mediodía ya todos tienen opinión y las marcas ni se han pronunciado bien...,#EvaluandoLaSituacion,,2026-03-15 04:04:03,Anónimo,1405.3,1061,80.0,2.4,No,0
1597,1566.0,37,@sebastiancardenassaban,TikTok,Transcripción de audio/video,cada hora aparece un ángulo nuevo de esto 💀💀,#Cancelado,,2026-03-15 04:49:34,Anónimo,1405.3,1061,47.0,3.7,No,0
1598,1520.0,242,@mariacastro07,Instagram,Comentario,"actualización: la plataforma que usaron para el sorteo es auditable, cualquiera puede revisarla",#KaiDuarte,,2026-03-15 04:17:19,Fan_Antiguo,452.0,1074,216.0,2.5,No,4
1599,1237.0,307,@adrianacun,X,Comentario,cada hora aparece un ángulo nuevo de esto ya en serio...,#FueraKai,,2026-03-15 04:26:59,Cuenta_Nueva,17.8,24,59.0,2.5,No,0
1600,,25,@andres_ug,Instagram,Comentario,Honestamente ya perdí la cuenta de cuántas pruebas van ya en serio...,#QueDijoKai #Cancelado,,2026-03-15 03:15:24,Verificado,732.4,3288,53.0,2.0,No,0
1601,1522.0,269,@mateo_real,Foro anónimo,Comentario,"circula que según un grupo de Facebook, esto ya se sabía desde hace meses",#Cancelado,,2026-03-15 05:05:52,Cuenta_Nueva,0.0,621,111.0,0.1,No,0
1602,1549.0,338,@cesarsabana,X,Comentario,"a mi me da igual, no sigo a Kai pero el trending me tiene aquí leyendo de verdad",,,2026-03-15 04:15:36,Cuenta_Nueva,2.6,970,32.0,1.7,No,0
1603,1378.0,117,@estebanlopez98,TikTok,Repost/Cita,la gente ya no espera pruebas para cancelar a nadie de verdad...,#QueDijoKai,,2026-03-15 05:29:13,Verificado,2699.5,522,80.0,2.0,No,1
1604,1377.0,378,@mvidalteam_803,X,Repost/Cita,"confirmado, Kai amañó el sorteo, pasen la voz #CancelenAKai",#CancelenAKai,,2026-03-15 05:18:47,Bot_Sospechoso,2.6,17820,155.0,23.9,No,0
1605,1389.0,51,@jhon07,TikTok,Comentario,"actualización: el proceso del sorteo se hizo con testigos externos, no solo del equipo de Kai",#KaiEsInocente,,2026-03-15 04:41:25,Verificado,798.0,45910,,2.1,No,2
1606,1584.0,221,@carlosbogota,Instagram,Comentario,dato: el ganador de mi ciudad sí recibió el premio sin ningún inconveniente,#QueDijoKai,,2026-03-15 05:45:23,Fan_Antiguo,688.7,2235,27.0,4.6,Posible (similar a una publicación anterior),2
1607,1313.0,325,@felipe98,X,Transcripción de audio/video,en mi casa no se habla de otra cosa desde anoche la verdad,#KaiDuarte,,2026-03-15 03:29:49,Anónimo,4.6,84,19.0,3.6,No,0
1608,1453.0,405,@fansdekai_236,Instagram,Comentario,"esas capturas ya las vi hace años en otro escándalo, esto es reciclado",#JusticiaParaKai,,2026-03-15 05:18:29,Fan_Antiguo,0.0,7567,435.0,14.8,No,0
1609,1434.0,200,@sofiasuarez_oficial,Instagram,Comentario,"dicen que vi un live reaccionando que desmontó todo, aunque no lo vi completo",,,2026-03-15 03:07:30,Anónimo,1916.5,2891,380.0,9.9,No,1
1610,1565.0,406,@porsiempreKai_824,Instagram,Comentario,"esa imagen no es nueva, ya circulaba con otro nombre hace tiempo",#JusticiaParaKai,,2026-03-15 05:06:29,Anónimo,0.0,1311,220.0,6.8,No,3
1611,1472.0,241,@gabriela_00,Foro anónimo,Comentario,esto se siente exactamente igual a lo del año pasado con otro streamer sin exagerar,#VerificaAntesDeCompartir,,2026-03-15 04:03:30,Verificado,759.1,8195,37.0,3.9,No,0
1612,1481.0,348,@david22,Instagram,Comentario,"para que sepan: seguí el proceso desde el chat en vivo, a mí se vio transparente",#QueDijoKai,,2026-03-15 03:39:28,Cuenta_Nueva,10.5,106,139.0,3.5,No,6
1613,1496.0,276,@carlos03,TikTok,Comentario,posta que dicen que hay un audio filtrado completo pero nadie lo ha mostrado,,,2026-03-15 04:18:20,Anónimo,10.1,109,52.0,9.5,Sí (idéntico a publicación de 2023 sobre otro creador),1
1614,1459.0,405,@fansdekai_236,TikTok,Comentario,"ese clip está cortado, en el audio completo se nota que es sarcasmo",#JusticiaParaKai,,2026-03-15 03:37:35,Fan_Antiguo,0.0,7567,1324.0,9.2,No,1
1615,1527.0,291,@alejandrolopez2020,TikTok,Transcripción de audio/video,tremendo desorden se armó de la nada anoche sin exagerar 💀💀,,,2026-03-15 05:21:04,Cuenta_Nueva,7.1,2281,18.0,0.7,No,0
1616,1437.0,193,@tatiana,X,Comentario,"la marca ya se está lavando las manos, típico y eso que apenas empieza el día 💀",,,2026-03-15 03:21:52,Anónimo,486.5,1215,18.0,1.0,No,0
1617,1464.0,93,@julianasabana,TikTok,Descripción de captura,"que oso si es verdad, y que oso si no lo es",#Cancelado,,2026-03-15 05:26:01,Verificado,776.3,2783,166.0,3.6,No,0
1618,1184.0,244,@harold_uni,Foro anónimo,Comentario,literal me desperté y lo primero que vi fue esto y las marcas ni se han pronunciado bien,,,2026-03-15 04:07:13,Fan_Antiguo,681.4,1856,51.0,2.1,No,1
1619,1130.0,130,@brayan_,X,Comentario,"que oso si es verdad, y que oso si no lo es ya en serio",#Cancelado #KaiMentiroso,,2026-03-15 04:15:23,Verificado,413.0,160,133.0,3.5,No,0
1620,1563.0,197,@felipesuarezbogota,X,Comentario,Literal me desperté y lo primero que vi fue esto otra vez,#EvaluandoLaSituacion,,2026-03-15 05:15:03,Fan_Antiguo,1413.3,5993,32.0,2.2,No,1
1621,1484.0,207,@sofia_uni,Foro anónimo,Transcripción de audio/video,"esto se puso serio rapidísimo, hace una hora era chisme 😭",,,2026-03-15 02:34:26,Anónimo,1117.1,1861,164.0,2.0,No,0
1622,1405.0,370,@mvidalteam_340,TikTok,Repost/Cita,esto es un ESCÁNDALO y las marcas lo están tapando #CancelenAKai,#CancelenAKai,,2026-03-15 04:06:02,Bot_Sospechoso,0.0,21752,161.0,15.5,No,0
1623,1488.0,58,@paulacun,X,Comentario,dicen que una cuenta que no conozco subió una captura que supuestamente confirma todo,,,2026-03-15 04:24:30,Verificado,1052.5,20877,322.0,10.4,No,1
1624,,444,@VerificaYA_Co,X,Post original,Seguimos revisando la evidencia compartida; por ahora no hay elementos suficientes para confirmar ni descartar.,#VerificaAntesDeCompartir,,2026-03-15 00:19:16,Verificado,1600.0,90000,753.0,0.4,No,2
1625,1614.0,426,@fansdekai_453,X,Comentario,"esa imagen no es nueva, ya circulaba con otro nombre hace tiempo",#JusticiaParaKai,,2026-03-15 03:43:55,Fan_Antiguo,913.6,190,119.0,11.1,No,2
1626,1615.0,336,@juan_ug,TikTok,Comentario,para que sepan: el ganador de mi ciudad sí recibió el premio sin ningún inconveniente,,,2026-03-15 05:35:35,Cuenta_Nueva,15.1,127,170.0,5.7,No,2
1627,1547.0,330,@johana_uni,TikTok,Comentario,alguien me explica bien qué fue lo que pasó anoche y las marcas ni se han pronunciado bien,#VerificaAntesDeCompartir #QueDijoKai,,2026-03-15 05:20:18,Cuenta_Nueva,0.0,444,67.0,1.8,No,0
1628,1150.0,176,@melissa98,Foro anónimo,Comentario,si esto resulta ser falso alguien tiene que responder por el daño,#KaiDuarte,,2026-03-15 05:21:31,Verificado,872.8,5071,64.0,0.9,No,0
1629,1348.0,328,@carolina99,Instagram,Repost/Cita,tremendo desorden se armó de la nada anoche otra vez,#Cancelado #OjoConEstoKai,,2026-03-15 03:24:42,Anónimo,16.4,76,83.0,1.6,No,1
1630,1614.0,392,@teamkai_498,Instagram,Comentario,"llevo horas buscando la prueba de verdad y no existe, es puro rumor",#JusticiaParaKai,,2026-03-15 03:44:33,Cuenta_Nueva,920.5,1235,73.0,4.3,No,0
1631,1179.0,282,@daniela22,X,Descripción de captura,"NovaVolt lleva media hora sin responder nada, mal ahí",#KaiDuarte,PulsoTech,2026-03-15 02:59:16,Cuenta_Nueva,6.0,153,4.0,1.9,No,0
1632,1590.0,172,@camilacruz07,X,Comentario,dicen que alguien juró que tiene capturas del chat privado pero nunca las publicó,,,2026-03-15 03:56:48,Verificado,647.4,4253,516.0,2.5,Sí (idéntico a publicación de 2023 sobre otro creador),1
1633,1381.0,251,@miguel_col,TikTok,Comentario,yo creo que un conocido trabaja en el canal y dice que ahí todo queda respaldado,#KaiEsInocente,,2026-03-15 05:46:43,Bot_Sospechoso,1376.3,7608,78.0,5.8,No,4
1634,1159.0,112,@kevinmoreno34,Instagram,Comentario,"esto ya lo vi venir hace rato, algo raro pasaba y todavía falta que hable Kai",#QueDijoKai,,2026-03-15 04:15:00,Verificado,100.5,1674,43.0,2.5,No,0
1635,1565.0,325,@felipe98,TikTok,Comentario,Dicen que supuestamente el ganador real habló pero borró el mensaje rapidísimo,,,2026-03-15 04:44:35,Anónimo,4.6,84,1187.0,12.9,Posible (similar a una publicación anterior),1
1636,1620.0,187,@kevingomez03,TikTok,Repost/Cita,la cantidad de cuentas nuevas comentando esto me da mala espina sinceramente.,,,2026-03-15 05:44:05,Fan_Antiguo,454.0,24484,121.0,0.1,No,1
1637,1623.0,65,@miguelgomez98,Instagram,Comentario,yo creo que revisé el reglamento público del sorteo y coincide con lo que se hizo,#KaiDuarte #JusticiaParaKai,,2026-03-15 04:25:12,Verificado,736.6,556,52.0,7.2,No,0
1638,1603.0,302,@carlos_oficial,Foro anónimo,Transcripción de audio/video,yo llevo horas viendo hilos sobre esto en vez de dormir y eso que apenas empieza el día 😳😳,,,2026-03-15 05:38:59,Cuenta_Nueva,1.1,9,16.0,1.3,No,0
1639,1608.0,275,@ximenabogota,X,Repost/Cita,"Esto se puso serio rapidísimo, hace una hora era chisme ya en serio 💀",,,2026-03-15 05:21:05,Cuenta_Nueva,5.0,676,21.0,3.0,No,0
1640,1481.0,196,@samuel,X,Comentario,dato: yo estaba conectado desde el minuto uno y no vi nada extraño,,,2026-03-15 03:34:13,Fan_Antiguo,2152.5,6292,79.0,0.8,No,0
1641,1560.0,33,@cristiansabana,Instagram,Comentario,"Dato: vi la transmisión completa dos veces, no encuentro el corte que muestran",#Cancelado #EvaluandoLaSituacion,,2026-03-15 04:52:06,Anónimo,883.4,15683,208.0,3.1,No,0
1642,1610.0,417,@porsiempreKai_461,X,Comentario,"llevo horas buscando la prueba de verdad y no existe, es puro rumor",#JusticiaParaKai,,2026-03-15 05:09:39,Cuenta_Nueva,0.0,231,80.0,0.1,No,1
1643,,444,@VerificaYA_Co,X,Post original,Aún no hemos podido contactar a la fuente original de la conversación filtrada.,#VerificaAntesDeCompartir,,2026-03-15 02:42:27,Verificado,1600.0,90000,425.0,5.1,No,3
1644,1568.0,82,@kevincardenas2020,X,Comentario,Para que sepan: seguridad del evento confirmó que hubo varios testigos presentes,#Cancelado #EvaluandoLaSituacion,,2026-03-15 04:17:49,Verificado,468.4,4255,545.0,2.5,No,1
1645,1247.0,169,@vivianacruz_00,X,Comentario,"esto se puso serio rapidísimo, hace una hora era chisme la verdad",#FakeNews,,2026-03-15 02:22:35,Anónimo,313.8,38563,39.0,0.8,No,0
1646,1573.0,244,@harold_uni,X,Comentario,  esto se siente exactamente igual a lo del año pasado con otro streamer y cada rato cambia la versión   ,,,2026-03-15 02:10:00,Fan_Antiguo,681.4,1856,56.0,0.1,No,0
1647,,54,@haroldriosbogota,TikTok,Descripción de captura,"Yo hacía memes de Kai, ahora no sé ni qué publicar sin exagerar.",,,2026-03-15 03:58:57,Fan_Antiguo,,672,80.0,0.9,No,1
1648,1620.0,34,@valentina07,TikTok,Comentario,increíble como en una noche esto se salió de control y las marcas ni se han pronunciado bien 😳😳,,,2026-03-15 05:16:38,Anónimo,753.6,762,55.0,2.6,No,0
1649,1274.0,258,@cesarlopez98,TikTok,Comentario,todo el mundo etiquetando a UrbanKrew pidiendo que se pronuncien,#YoLeCreoAKai,NovaVolt,2026-03-15 05:27:15,Cuenta_Nueva,10.1,239,49.0,1.7,No,0
1650,,250,@luisasabana,X,Comentario,NovaVolt debería esperar los resultados antes de tomar una decisión así de grande,#Cancelado,PulsoTech,2026-03-15 02:24:24,Fan_Antiguo,2457.1,8429,66.0,0.1,No,0
1651,1428.0,423,@teamkai_270,X,Comentario,"si escuchan el audio completo, Kai está bromeando, no confesando nada",#JusticiaParaKai,,2026-03-15 05:10:23,Fan_Antiguo,577.6,1280,124.0,13.8,No,1
1652,1399.0,294,@melissa_,Foro anónimo,Descripción de captura,"esto ya lo vi venir hace rato, algo raro pasaba otra vez 💀💀",,,2026-03-15 03:09:05,Cuenta_Nueva,14.6,1198,55.0,2.9,No,0
1653,1549.0,110,@yuliana,X,Comentario,cada hora aparece un ángulo nuevo de esto y cada rato cambia la versión,,,2026-03-15 03:49:56,Verificado,1050.4,12050,85.0,2.9,No,0
1654,1467.0,73,@lilianarios_00,X,Comentario,yo creo que hay que esperar antes de sacar conclusiones sin exagerar.,#EvaluandoLaSituacion #KaiDuarte,,2026-03-15 04:19:56,Fan_Antiguo,248.8,8978,47.0,0.1,No,0
1655,1426.0,386,@despiertaya_214,TikTok,Repost/Cita,"COMPARTAN esto antes de que lo borren, la verdad sobre Kai #CancelenAKai",#CancelenAKai,,2026-03-15 02:44:50,Bot_Sospechoso,2.1,4403,133.0,13.5,No,3
1656,1574.0,331,@angietv,X,Repost/Cita,si esto no se aclara hoy se va a armar una novela de meses.,,,2026-03-15 05:44:05,Anónimo,10.6,413,188.0,2.1,No,0
1657,,261,@camilalopez99,Instagram,Comentario,esto me recuerda a como diez casos parecidos y las marcas ni se han pronunciado bien 💀💀,#EvaluandoLaSituacion,,2026-03-15 00:26:04,Anónimo,1.5,5573,17.0,3.8,No,3
1658,1288.0,10,@carlos_00,X,Comentario,mis amigas y yo llevamos toda la noche hablando de esto y todavía falta que hable Kai,#Cancelado,,2026-03-15 04:15:01,Verificado,974.1,599,41.0,2.0,No,0
1659,1555.0,278,@isabellaalarcon_11,TikTok,Comentario,"me acaban de contar que me contaron que alguien del equipo renunció por esto, sin confirmación",#FueraKai #KaiMentiroso,,2026-03-15 05:01:27,Anónimo,11.2,119,119.0,5.9,No,1
1660,1492.0,391,@fansdekai_508,TikTok,Comentario,"ese clip está cortado, en el audio completo se nota que es sarcasmo",#JusticiaParaKai,,2026-03-15 04:05:36,Fan_Antiguo,0.0,3856,129.0,4.0,No,0
1661,1628.0,265,@luisacun,Foro anónimo,Comentario,circula que circula el rumor de que hay más pruebas guardadas para después,#KaiMentiroso,,2026-03-15 05:36:53,Cuenta_Nueva,13.2,1241,3644.0,0.6,No,1
1662,1505.0,207,@sofia_uni,X,Comentario,"Honestamente, el ganador de mi ciudad sí recibió el premio sin ningún inconveniente",#Cancelado,,2026-03-15 03:56:59,Anónimo,1117.1,1861,82.0,3.9,No,0
1663,1273.0,272,@oscarvargas34,X,Comentario,  el trending de hoy tenía que ser esto obviamente ya en serio   ,#QueDijoKai #VerificaAntesDeCompartir,,2026-03-15 04:03:16,Cuenta_Nueva,8.7,103,69.0,0.1,No,0
1664,1652.0,296,@johanatv,X,Repost/Cita,"cada rato sale un testigo nuevo, esto ya parece novela y eso que apenas empieza el día.",#Cancelado #EvaluandoLaSituacion,,2026-03-15 03:16:32,Cuenta_Nueva,10.5,139,123.0,2.4,No,0
1665,,201,@cesar15,TikTok,Post original,"cada rato sale un testigo nuevo, esto ya parece novela sinceramente",#Cancelado,,2026-03-15 04:17:29,Anónimo,1280.8,4998,105.0,3.8,No,0
1666,,447,@RedFactCheckCo,X,Post original,Aún no hemos podido contactar a la fuente original de la conversación filtrada.,#VerificaAntesDeCompartir,,2026-03-15 02:07:53,Verificado,3000.0,210000,189.0,10.3,No,1
1667,1384.0,103,@harold98,TikTok,Comentario,Mis amigas y yo llevamos toda la noche hablando de esto y todavía falta que hable Kai,#FakeNews,,2026-03-15 05:37:47,Fan_Antiguo,421.2,854,153.0,3.2,No,0
1668,1508.0,261,@camilalopez99,X,Comentario,"dicen que me llegó por WhatsApp que Kai sí arregló todo, no tengo la fuente original",#KaiMentiroso #KaiDuarte,,2026-03-15 03:52:05,Anónimo,1.5,5573,518.0,14.0,Sí (idéntico a publicación de 2023 sobre otro creador),0
1669,,256,@brayan15,X,Comentario,esto me recuerda a como diez casos parecidos otra vez 🤔🤔,#KaiDuarte,,2026-03-15 00:23:06,Anónimo,2.1,19,8.0,0.8,No,0
1670,1583.0,136,@valeriacastro07,Foro anónimo,Comentario,"yo hacía memes de Kai, ahora no sé ni qué publicar la verdad...",#KaiDuarte,,2026-03-15 05:37:45,Fan_Antiguo,1670.2,1030,25.0,0.7,No,0
1671,1442.0,232,@fabianleon,X,Repost/Cita,"todo mundo subiendo teorías, nadie subiendo pruebas otra vez.",,,2026-03-15 05:01:16,Anónimo,1212.4,8191,,3.6,No,0
1672,1592.0,48,@yulianapardo_col,Instagram,Comentario,yo creo que nadie de los que participamos notó nada fuera de lo normal esa noche,,,2026-03-15 05:30:33,Fan_Antiguo,1261.8,5372,290.0,3.7,No,1
1673,1455.0,339,@vivianatv,TikTok,Repost/Cita,"todo mundo subiendo teorías, nadie subiendo pruebas y todavía falta que hable Kai",,,2026-03-15 02:39:45,Anónimo,0.1,521,24.0,1.5,No,0
1674,1566.0,348,@david22,Instagram,Comentario,dicen que dicen que hay un audio filtrado completo pero nadie lo ha mostrado,,,2026-03-15 04:53:35,Cuenta_Nueva,10.5,106,1298.0,13.4,No,1
1675,,120,@sara_real,TikTok,Comentario,"yo hacía memes de Kai, ahora no sé ni qué publicar y todavía falta que hable Kai...",#OjoConEstoKai #EvaluandoLaSituacion,,2026-03-15 03:47:45,Fan_Antiguo,30.0,618,27.0,4.7,No,0
1676,1640.0,264,@monica2020,Instagram,Comentario,actualización: el ganador de mi ciudad sí recibió el premio sin ningún inconveniente,#QueDijoKai,,2026-03-15 03:45:39,Cuenta_Nueva,19.1,11,603.0,5.8,No,3
1677,1460.0,88,@carlosmedina,TikTok,Repost/Cita,el trending de hoy tenía que ser esto obviamente sinceramente,#KaiDuarte,,2026-03-15 03:50:23,Verificado,857.9,1603,77.0,3.2,No,0
1678,1623.0,260,@samuelcun,Instagram,Comentario,mis amigas y yo llevamos toda la noche hablando de esto y cada rato cambia la versión,#EvaluandoLaSituacion #KaiMentiroso,,2026-03-15 04:26:10,Cuenta_Nueva,12.4,486,44.0,0.1,No,0
1679,1296.0,230,@cesarsalazar15,TikTok,Comentario,ya perdí la cuenta de cuántos hilos van sobre esto,#KaiDuarte,,2026-03-15 04:30:58,Anónimo,1087.3,22527,7.0,2.4,No,0
1680,1613.0,341,@manuelaortizsabana,TikTok,Comentario,"dicen que me contaron que alguien del equipo renunció por esto, sin confirmación",#CancelenAKai,,2026-03-15 04:47:12,Cuenta_Nueva,11.3,220,321.0,15.5,No,1
1681,1615.0,1,@yulianaramirez_col,X,Repost/Cita,yo esperaría el comunicado oficial antes de opinar sin exagerar,#FakeNews,,2026-03-15 05:40:06,Fan_Antiguo,30.0,11529,9.0,0.9,No,0
1682,1492.0,75,@cristianmedina_,TikTok,Comentario,"yo hacía memes de Kai, ahora no sé ni qué publicar sin exagerar.",,,2026-03-15 02:40:57,Fan_Antiguo,30.0,58934,39.0,1.4,No,1
1683,,150,@miguelcardenas,X,Repost/Cita,en mi casa no se habla de otra cosa desde anoche y eso que apenas empieza el día.,#QueDijoKai,,2026-03-15 03:36:03,Verificado,1066.3,10079,9.0,1.4,No,0
1684,,264,@monica2020,X,Repost/Cita,"cada quien cree lo que quiere creer, ya nadie mira pruebas sin exagerar 😭😭",#KaiDuarte,,2026-03-15 00:14:35,Cuenta_Nueva,19.1,11,353.0,1.9,No,1
1685,1481.0,225,@yesidgomez_real,X,Comentario,"Dato: tengo un conocido que trabajó en la producción, dice que todo estuvo en orden",#YoLeCreoAKai,,2026-03-15 03:55:32,Fan_Antiguo,1699.7,2882,10.0,2.0,No,5
1686,1605.0,149,@paola,TikTok,Repost/Cita,"vi que UrbanKrew sacó un comunicado, muy tibio la verdad",#EvaluandoLaSituacion #Cancelado,UrbanKrew,2026-03-15 04:45:43,Fan_Antiguo,890.2,6350,3.0,4.3,No,0
1687,1671.0,284,@melissaramirez34,TikTok,Comentario,"cada quien cree lo que quiere creer, ya nadie mira pruebas sinceramente 🤔",,,2026-03-15 05:07:25,Cuenta_Nueva,3.6,1338,8.0,2.0,No,0
1688,1466.0,98,@marialeon_col,X,Repost/Cita,esto habla más de nosotros como internet que de Kai la verdad la verdad,,,2026-03-15 04:20:45,Fan_Antiguo,1483.0,14224,47.0,3.1,No,0
1689,1655.0,340,@carlospardoco,TikTok,Comentario,esto habla más de nosotros como internet que de Kai la verdad la verdad,#KaiDuarte #FueraKai,,2026-03-15 03:32:13,Cuenta_Nueva,12.3,86,613.0,0.1,No,0
1690,1493.0,272,@oscarvargas34,X,Comentario,honestamente ya perdí la cuenta de cuántas pruebas van de verdad 💀,#Cancelado,,2026-03-15 03:56:30,Cuenta_Nueva,8.7,103,24.0,2.4,No,1
1691,1466.0,42,@natalia03,X,Comentario,yo llevo horas viendo hilos sobre esto en vez de dormir y eso que apenas empieza el día.,#KaiMentiroso #EvaluandoLaSituacion,,2026-03-15 04:20:00,Anónimo,642.8,13959,64.0,2.5,No,1
1692,,206,@mateo,X,Repost/Cita,"todo mundo subiendo teorías, nadie subiendo pruebas de verdad...",,,2026-03-15 03:11:24,Fan_Antiguo,431.8,2415,110.0,0.3,No,0
1693,1511.0,270,@julianacardenas34,Instagram,Comentario,posta que alguien juró que tiene capturas del chat privado pero nunca las publicó,#CancelenAKai #KaiMentiroso,,2026-03-15 03:10:51,Cuenta_Nueva,0.0,1657,581.0,0.1,No,1
1694,1489.0,363,@noloocultes_943,TikTok,Repost/Cita,"COMPARTAN esto antes de que lo borren, la verdad sobre Kai #CancelenAKai",#CancelenAKai,,2026-03-15 04:30:03,Bot_Sospechoso,4.6,42323,186.0,17.2,No,0
1695,,445,@DatosClarosCo,X,Post original,Encontramos inconsistencias de horario en al menos dos de las pruebas que circulan.,#VerificaAntesDeCompartir,,2026-03-15 03:32:11,Verificado,2400.0,130000,280.0,1.0,No,4
1696,1473.0,82,@kevincardenas2020,X,Comentario,"para que sepan: vi la transmisión completa dos veces, no encuentro el corte que muestran",#YoLeCreoAKai,,2026-03-15 05:18:24,Verificado,468.4,4255,139.0,4.8,No,1
1697,1613.0,331,@angietv,X,Comentario,"me llegó por WhatsApp que Kai sí arregló todo, no tengo la fuente original",,,2026-03-15 04:41:08,Anónimo,10.6,413,177.0,9.0,No,0
1698,1522.0,288,@monicatv,Instagram,Transcripción de audio/video,"pobre la gente que ganó de verdad el sorteo, ahora todos van a dudar de ellos la verdad.",#CancelenAKai #FueraKai,,2026-03-15 05:07:39,Anónimo,7.2,413,43.0,2.4,No,0
1699,1544.0,130,@brayan_,Instagram,Repost/Cita,alguien me explica bien qué fue lo que pasó anoche y cada rato cambia la versión...,#EvaluandoLaSituacion,,2026-03-15 06:12:03,Verificado,413.0,160,34.0,1.0,No,2
1700,1386.0,277,@yesidcastro,TikTok,Comentario,"yo creo que tengo un conocido que trabajó en la producción, dice que todo estuvo en orden",,,2026-03-15 04:08:11,Anónimo,23.9,374,53.0,3.8,No,1
1701,1462.0,416,@teamkai_969,X,Comentario,"Kai lleva años siendo transparente con sus sorteos, esto no cuadra",#JusticiaParaKai,,2026-03-15 03:34:19,Anónimo,334.0,265,167.0,1.9,No,2
1702,1605.0,12,@manuela,X,Comentario,"Dato: el clip completo, sin el corte de 14 segundos, cuenta una historia distinta",#Cancelado,,2026-03-15 06:26:50,Fan_Antiguo,1985.8,2321,170.0,2.5,Posible (similar a una publicación anterior),1
1703,1578.0,264,@monica2020,X,Comentario,"dato: vi la transmisión completa dos veces, no encuentro el corte que muestran",,,2026-03-15 04:20:05,Cuenta_Nueva,19.1,11,134.0,2.3,No,2
1704,1602.0,193,@tatiana,Foro anónimo,Comentario,todo el mundo etiquetando a PulsoTech pidiendo que se pronuncien,,PulsoTech,2026-03-15 04:19:25,Anónimo,486.5,1215,36.0,4.9,No,0
1705,1483.0,352,@noloocultes_989,X,Repost/Cita,"no dejen que borren la evidencia, guarden capturas ya #CancelenAKai",#CancelenAKai,,2026-03-15 02:46:53,Bot_Sospechoso,2.1,11157,159.0,9.0,No,0
1706,1604.0,3,@nicolas_00,TikTok,Comentario,si esto no se aclara hoy se va a armar una novela de meses y las marcas ni se han pronunciado bien 💀💀,#Cancelado #EvaluandoLaSituacion,,2026-03-15 05:19:47,Verificado,1272.0,1890,297.0,0.6,No,0
1707,1679.0,127,@diegocun,TikTok,Comentario,"todo mundo subiendo teorías, nadie subiendo pruebas sinceramente",#KaiDuarte #VerificaAntesDeCompartir,,2026-03-15 04:49:43,Fan_Antiguo,1580.1,1614,144.0,2.0,No,1
1708,,161,@lauramoreno22,TikTok,Post original,esto se siente exactamente igual a lo del año pasado con otro streamer y eso que apenas empieza el día.,#FueraKai,,2026-03-15 02:44:28,Anónimo,30.0,6893,20.0,2.4,No,0
1709,1643.0,307,@adrianacun,X,Comentario,yo vine a leer los comentarios que siempre son mejores que la noticia,,,2026-03-15 02:49:22,Cuenta_Nueva,17.8,24,8.0,1.8,No,0
1710,1550.0,227,@fabian03,X,Comentario,"seguí el proceso desde el chat en vivo, a mí se vio transparente",#KaiEsInocente,,2026-03-15 04:50:27,Anónimo,865.1,645,261.0,0.1,No,2
1711,1425.0,166,@ximenacardenascun,X,Comentario,en mi casa no se habla de otra cosa desde anoche otra vez,,,2026-03-15 04:27:08,Fan_Antiguo,554.5,6416,60.0,4.0,No,1
1712,1676.0,202,@melissagomez_11,X,Comentario,  para que sepan: revisé el reglamento público del sorteo y coincide con lo que se hizo   ,,,2026-03-15 04:03:18,Anónimo,1288.8,466,153.0,5.4,No,2
1713,1660.0,88,@carlosmedina,X,Repost/Cita,No había visto esta cantidad de gente opinando de algo en meses la verdad,#Cancelado,,2026-03-15 04:20:49,Verificado,857.9,1603,45.0,3.7,No,0
1714,1642.0,177,@haroldgomez2020,Instagram,Comentario,el trending de hoy tenía que ser esto obviamente y nadie sabe ni qué creer,#VerificaAntesDeCompartir #OjoConEstoKai,,2026-03-15 05:37:31,Anónimo,300.7,699,20.0,0.8,No,0
1715,,112,@kevinmoreno34,X,Post original,dejen a la gente en paz hasta que se sepa la verdad y nadie sabe ni qué creer,#YoLeCreoAKai,,2026-03-15 02:53:25,Verificado,100.5,1674,17.0,3.2,No,2
1716,1695.0,317,@felipelopez22,TikTok,Comentario,"honestamente, el proceso del sorteo se hizo con testigos externos, no solo del equipo de Kai",,,2026-03-15 04:02:01,Cuenta_Nueva,0.5,30,40.0,7.6,No,3
1717,1655.0,361,@noloocultes_193,X,Repost/Cita,"no dejen que borren la evidencia, guarden capturas ya #CancelenAKai",#CancelenAKai,,2026-03-15 02:52:33,Bot_Sospechoso,1.8,21144,61.0,22.2,No,0
1718,1696.0,53,@paula2020,X,Comentario,"honestamente, el proceso del sorteo se hizo con testigos externos, no solo del equipo de Kai",,,2026-03-15 05:20:29,Anónimo,1368.8,5929,,4.9,No,1
1719,,191,@davidramirezco,Instagram,Post original,el que suba a defenderlo sin pruebas también me da desconfianza sin exagerar,#QueDijoKai,,2026-03-15 03:53:46,Fan_Antiguo,2472.9,3398,75.0,3.6,No,1
1720,,270,@julianacardenas34,X,Comentario,Ya perdí la cuenta de cuántos hilos van sobre esto sinceramente 😳😳,#YoLeCreoAKai #EvaluandoLaSituacion,,2026-03-15 01:41:03,Cuenta_Nueva,0.0,1657,49.0,0.1,No,0
1721,1662.0,147,@ricardorios2020,Instagram,Comentario,"La plataforma que usaron para el sorteo es auditable, cualquiera puede revisarla",#EvaluandoLaSituacion #KaiDuarte,,2026-03-15 04:01:16,Anónimo,188.5,943,367.0,4.9,No,0
1722,1716.0,35,@ricardo_00,Instagram,Comentario,actualización: seguridad del evento confirmó que hubo varios testigos presentes,#JusticiaParaKai,,2026-03-15 04:10:45,Bot_Sospechoso,1551.1,1838,217.0,1.9,No,3
1723,1576.0,127,@diegocun,TikTok,Comentario,"esto ya lo vi venir hace rato, algo raro pasaba ya en serio 😳",,,2026-03-15 03:00:11,Fan_Antiguo,1580.1,1614,83.0,3.0,No,0
1724,1692.0,278,@isabellaalarcon_11,TikTok,Repost/Cita,"PulsoTech lleva media hora sin responder nada, mal ahí",#FueraKai #KaiDuarte,PulsoTech,2026-03-15 03:15:08,Anónimo,11.2,119,197.0,1.3,No,0
1725,1289.0,32,@valeria,X,Descripción de captura,el trending de hoy tenía que ser esto obviamente sinceramente 😳,#OjoConEstoKai,,2026-03-15 04:15:12,Verificado,380.2,6269,48.0,2.0,No,1
1726,1453.0,391,@fansdekai_508,Instagram,Comentario,el recorte de 14 segundos le quita todo el contexto a lo que dijo,#JusticiaParaKai,,2026-03-15 05:14:06,Fan_Antiguo,0.0,3856,76.0,6.8,No,0
1727,1670.0,349,@jorgecun,TikTok,Comentario,"que oso si es verdad, y que oso si no lo es y cada rato cambia la versión...",#Cancelado,,2026-03-15 05:47:34,Cuenta_Nueva,2.2,337,48.0,2.8,No,0
1728,1702.0,307,@adrianacun,X,Comentario,"me contaron que alguien del equipo renunció por esto, sin confirmación",,,2026-03-15 06:31:13,Cuenta_Nueva,17.8,24,590.0,11.4,No,0
1729,1414.0,311,@wilson2020,TikTok,Comentario,la gente ya no espera pruebas para cancelar a nadie ya en serio,#QueDijoKai,,2026-03-15 03:52:43,Cuenta_Nueva,15.0,121,14.0,1.6,No,1
1730,1604.0,359,@mvidalteam_897,X,Repost/Cita,"no dejen que borren la evidencia, guarden capturas ya #CancelenAKai",#CancelenAKai,,2026-03-15 05:23:05,Bot_Sospechoso,2.9,2794,151.0,21.5,No,0
1731,1483.0,361,@noloocultes_193,X,Repost/Cita,"no dejen que borren la evidencia, guarden capturas ya #CancelenAKai",#CancelenAKai,,2026-03-15 02:46:21,Bot_Sospechoso,1.8,21144,95.0,36.1,No,4
1732,1644.0,216,@vivianaramirez_ug,X,Comentario,"tengo un conocido que trabajó en la producción, dice que todo estuvo en orden",,,2026-03-15 04:32:44,Anónimo,448.1,1917,211.0,2.7,No,4
1733,1693.0,329,@monica34,Foro anónimo,Comentario,alguien juró que tiene capturas del chat privado pero nunca las publicó,#EvaluandoLaSituacion #FueraKai,,2026-03-15 03:34:26,Cuenta_Nueva,19.9,548,754.0,15.6,No,1
1734,1531.0,146,@kevinmoreno2020,Instagram,Comentario,"honestamente, tengo un conocido que trabajó en la producción, dice que todo estuvo en orden",#EvaluandoLaSituacion #KaiEsInocente,,2026-03-15 04:16:53,Fan_Antiguo,632.8,8319,134.0,5.1,No,3
1735,1640.0,65,@miguelgomez98,TikTok,Comentario,actualización: yo estaba conectado desde el minuto uno y no vi nada extraño,#YoLeCreoAKai,,2026-03-15 04:03:46,Verificado,736.6,556,148.0,4.6,No,5
1736,,99,@paola07,X,Post original,"que fastidio, otra vez cancelando a alguien sin dejarlo hablar y cada rato cambia la versión 💀💀",#EvaluandoLaSituacion,,2026-03-15 03:18:32,Anónimo,30.0,6228,23.0,0.6,No,0
1737,1609.0,390,@porsiempreKai_197,TikTok,Comentario,"si escuchan el audio completo, Kai está bromeando, no confesando nada",#JusticiaParaKai,,2026-03-15 03:18:45,Fan_Antiguo,696.4,4495,135.0,0.1,No,0
1738,,447,@RedFactCheckCo,X,Post original,Seguimos revisando la evidencia compartida; por ahora no hay elementos suficientes para confirmar ni descartar.,#VerificaAntesDeCompartir,,2026-03-15 02:08:21,Verificado,3000.0,210000,895.0,10.6,No,5
1739,1722.0,243,@monicapinzon2020,X,Comentario,"vi la transmisión completa dos veces, no encuentro el corte que muestran",#QueDijoKai,,2026-03-15 04:27:59,Fan_Antiguo,1268.8,9767,281.0,4.6,No,1
1740,,285,@estebanortiz99,TikTok,Comentario,Si esto no se aclara hoy se va a armar una novela de meses la verdad...,#EvaluandoLaSituacion,,2026-03-15 04:00:49,Cuenta_Nueva,8.7,515,39.0,1.0,No,2
1741,1538.0,311,@wilson2020,TikTok,Repost/Cita,"esto ya lo vi venir hace rato, algo raro pasaba la verdad 🤔",,,2026-03-15 04:57:27,Cuenta_Nueva,15.0,121,11.0,3.3,No,0
1742,1576.0,241,@gabriela_00,Instagram,Repost/Cita,"cada rato sale un testigo nuevo, esto ya parece novela.",,,2026-03-15 02:31:12,Verificado,759.1,8195,113.0,0.3,No,0
1743,1726.0,1,@yulianaramirez_col,Instagram,Transcripción de audio/video,Literal me desperté y lo primero que vi fue esto otra vez 😳😳,#KaiDuarte,,2026-03-15 05:16:49,Fan_Antiguo,30.0,11529,104.0,6.0,No,0
1744,,334,@juliana,X,Comentario,  increíble como en una noche esto se salió de control y eso que apenas empieza el día   ,#Cancelado,,2026-03-15 02:23:15,Cuenta_Nueva,0.9,203,241.0,1.8,No,0
1745,,141,@carloscardenasx,X,Transcripción de audio/video,no había visto esta cantidad de gente opinando de algo en meses sin exagerar 😭😭,#QueDijoKai,,2026-03-15 03:38:25,Fan_Antiguo,1245.7,605,92.0,2.8,No,0
1746,1685.0,243,@monicapinzon2020,X,Comentario,para que sepan: yo estuve cerca del evento y no noté nada raro esa noche,#KaiEsInocente #QueDijoKai,,2026-03-15 04:00:02,Fan_Antiguo,1268.8,9767,49.0,2.9,No,5
1747,1683.0,241,@gabriela_00,Instagram,Comentario,no puedo creer lo que está pasando con Kai sinceramente,#EvaluandoLaSituacion #KaiDuarte,,2026-03-15 04:10:55,Verificado,759.1,8195,71.0,1.3,No,0
1748,1533.0,290,@haroldbogota,X,Comentario,"vi que NovaVolt sacó un comunicado, muy tibio la verdad",#KaiDuarte,UrbanKrew,2026-03-15 04:54:10,Anónimo,8.1,277,29.0,2.3,No,0
1749,1606.0,308,@johanacun,TikTok,Comentario,"actualización: el proceso del sorteo se hizo con testigos externos, no solo del equipo de Kai",,,2026-03-15 05:51:55,Cuenta_Nueva,4.5,537,208.0,0.4,No,2
1750,1344.0,87,@johana22,Foro anónimo,Comentario,"la marca ya se está lavando las manos, típico y las marcas ni se han pronunciado bien 🤔",,,2026-03-15 03:22:53,Verificado,2125.6,18539,42.0,1.3,No,0
1751,,196,@samuel,X,Repost/Cita,increíble como en una noche esto se salió de control y cada rato cambia la versión,#KaiEsInocente,,2026-03-15 03:27:46,Fan_Antiguo,2152.5,6292,32.0,3.6,No,0
1752,1586.0,32,@valeria,TikTok,Comentario,"que fastidio, otra vez cancelando a alguien sin dejarlo hablar sinceramente.",,,2026-03-15 03:24:23,Verificado,380.2,6269,11.0,1.9,No,0
1753,1537.0,328,@carolina99,X,Comentario,"posta que según un grupo de Facebook, esto ya se sabía desde hace meses",,,2026-03-15 04:56:07,Anónimo,16.4,76,108.0,13.0,No,0
1754,1508.0,192,@nataliacardenas15,Instagram,Comentario,yo creo que hay que esperar antes de sacar conclusiones y todavía falta que hable Kai 💀💀,#KaiEsInocente #YoLeCreoAKai,,2026-03-15 03:46:38,Anónimo,517.2,179,179.0,3.9,No,0
1755,1417.0,166,@ximenacardenascun,X,Comentario,@NovaVolt ustedes ya sabían de esto o no? necesitamos que hablen,,PulsoTech,2026-03-15 04:13:06,Fan_Antiguo,554.5,6416,39.0,0.1,No,0
1756,1612.0,84,@laurasuarez_00,Instagram,Comentario,para que sepan: revisé el reglamento público del sorteo y coincide con lo que se hizo,,,2026-03-15 03:41:55,Verificado,911.9,44186,89.0,0.4,No,6
1757,1528.0,48,@yulianapardo_col,X,Repost/Cita,no había visto esta cantidad de gente opinando de algo en meses ya en serio,#Cancelado,,2026-03-15 05:55:16,Fan_Antiguo,1261.8,5372,37.0,4.6,No,0
1758,,73,@lilianarios_00,X,Repost/Cita,no puedo creer lo que está pasando con Kai la verdad,,,2026-03-15 01:40:57,Bot_Sospechoso,248.8,8978,34.0,4.4,No,0
1759,1717.0,153,@tatianalopez_,X,Comentario,"todo mundo subiendo teorías, nadie subiendo pruebas otra vez",,,2026-03-15 02:54:18,Anónimo,4000.0,5982,12.0,4.0,No,1
1760,1687.0,37,@sebastiancardenassaban,TikTok,Comentario,"Sea cual sea la verdad, la forma en que se está manejando esto es un desastre sin exagerar 😭",#JusticiaParaKai #EvaluandoLaSituacion,,2026-03-15 05:10:13,Anónimo,1405.3,1061,106.0,0.8,No,0
1761,,446,@ChequeoDigitalCO,X,Post original,Encontramos inconsistencias de horario en al menos dos de las pruebas que circulan.,#VerificaAntesDeCompartir,,2026-03-15 01:36:50,Verificado,1100.0,60000,444.0,3.8,No,1
1762,1446.0,94,@nataliaramirezsabana,Instagram,Repost/Cita,no puedo creer lo que está pasando con Kai y nadie sabe ni qué creer.,#KaiDuarte,,2026-03-15 03:35:58,Anónimo,1465.7,1005,628.0,3.8,No,0
1763,1731.0,382,@mvidalteam_885,X,Repost/Cita,"confirmado, Kai amañó el sorteo, pasen la voz #CancelenAKai",#CancelenAKai,,2026-03-15 02:59:19,Bot_Sospechoso,0.0,18105,165.0,16.6,No,0
1764,1597.0,183,@paula_00,X,Comentario,honestamente ya perdí la cuenta de cuántas pruebas van la verdad 😳😳,#QueDijoKai #EvaluandoLaSituacion,,2026-03-15 04:51:26,Fan_Antiguo,1199.9,53184,51.0,6.5,No,0
1765,1601.0,132,@kevinriosbogota,TikTok,Comentario,dejen a la gente en paz hasta que se sepa la verdad sin exagerar...,#EvaluandoLaSituacion,,2026-03-15 05:08:51,Fan_Antiguo,2082.7,1108,50.0,2.0,No,0
1766,,11,@sebastianpinzon,X,Transcripción de audio/video,yo llevo horas viendo hilos sobre esto en vez de dormir y nadie sabe ni qué creer 😳😳,,,2026-03-15 03:50:01,Verificado,1127.4,5125,45.0,0.1,No,2
1767,1552.0,368,@apoyomateo_446,X,Repost/Cita,esto es un ESCÁNDALO y las marcas lo están tapando #CancelenAKai,#CancelenAKai,,2026-03-15 05:49:58,Bot_Sospechoso,0.6,35057,191.0,14.9,No,0
1768,1716.0,328,@carolina99,X,Comentario,La gente ya no espera pruebas para cancelar a nadie y cada rato cambia la versión 💀,,,2026-03-15 04:03:25,Anónimo,16.4,76,100.0,2.9,No,0
1769,1743.0,145,@hector,TikTok,Comentario,esto va a ser tendencia todo el día seguro y todavía falta que hable Kai,,,2026-03-15 05:18:33,Verificado,326.3,2336,191.0,2.6,No,0
1770,1573.0,264,@monica2020,Foro anónimo,Comentario,"ojo con esto: vi un live reaccionando que desmontó todo, aunque no lo vi completo",#Cancelado,,2026-03-15 03:46:02,Cuenta_Nueva,19.1,11,347.0,10.7,Posible (similar a una publicación anterior),1
1771,1761.0,251,@miguel_col,Instagram,Comentario,El ganador de mi ciudad sí recibió el premio sin ningún inconveniente,#JusticiaParaKai,,2026-03-15 03:25:50,Fan_Antiguo,1376.3,7608,30.0,0.6,No,4
1772,1690.0,90,@carlos_real,Instagram,Comentario,"que oso si es verdad, y que oso si no lo es y nadie sabe ni qué creer...",#Cancelado #FueraKai,,2026-03-15 04:15:34,Fan_Antiguo,30.0,249,45.0,0.1,No,0
1773,1738.0,321,@antonianino_11,Instagram,Comentario,Un tiktok con millones de vistas ya lo dio por hecho,,,2026-03-15 04:12:35,Cuenta_Nueva,4.7,191,233.0,13.7,No,0
1774,,158,@nataliacun,TikTok,Post original,literal me desperté y lo primero que vi fue esto de verdad 🤔🤔,,,2026-03-15 02:57:01,Anónimo,30.0,624,11.0,0.7,No,0
1775,1682.0,354,@mvidalteam_128,TikTok,Repost/Cita,"confirmado, Kai amañó el sorteo, pasen la voz #CancelenAKai",#CancelenAKai,,2026-03-15 02:42:21,Bot_Sospechoso,1.9,10228,118.0,20.7,No,0
1776,1665.0,364,@noloocultes_944,X,Repost/Cita,"COMPARTAN esto antes de que lo borren, la verdad sobre Kai #CancelenAKai",#CancelenAKai,,2026-03-15 04:50:26,Bot_Sospechoso,2.0,138707,55.0,7.7,No,0
1777,1588.0,187,@kevingomez03,TikTok,Transcripción de audio/video,ya perdí la cuenta de cuántos hilos van sobre esto y cada rato cambia la versión 💀💀,#Cancelado,,2026-03-15 04:57:34,Fan_Antiguo,454.0,24484,35.0,3.5,No,1
1778,1695.0,230,@cesarsalazar15,TikTok,Comentario,"dato: vi la transmisión completa dos veces, no encuentro el corte que muestran",,,2026-03-15 03:36:37,Anónimo,1087.3,22527,195.0,0.1,No,2
1779,1481.0,246,@julianninobogota,X,Comentario,el trending de hoy tenía que ser esto obviamente y todavía falta que hable Kai 💀💀,,,2026-03-15 03:38:34,Fan_Antiguo,909.3,961,44.0,1.7,No,0
1780,1578.0,16,@lilianapinzonbogota,Instagram,Comentario,"pobre la gente que ganó de verdad el sorteo, ahora todos van a dudar de ellos y las marcas ni se han pronunciado bien",#Cancelado,,2026-03-15 03:39:23,Fan_Antiguo,809.0,2277,69.0,1.5,No,1
1781,,73,@lilianarios_00,X,Comentario,si NovaVolt no rompe el contrato hoy yo dejo de comprarles,,NovaVolt,2026-03-15 01:36:30,Fan_Antiguo,248.8,8978,195.0,0.8,No,0
1782,1694.0,229,@luisa98,TikTok,Comentario,"esto se puso serio rapidísimo, hace una hora era chisme y cada rato cambia la versión",,,2026-03-15 04:32:12,Fan_Antiguo,603.8,369,40.0,0.1,No,0
1783,1629.0,326,@ricardo_uni,Foro anónimo,Comentario,"vi que UrbanKrew sacó un comunicado, muy tibio la verdad",,NovaVolt,2026-03-15 03:27:54,Anónimo,10.3,901,10.0,0.1,No,0
1784,1717.0,269,@mateo_real,Instagram,Comentario,me acaban de contar que un influencer chiquito aseguró que tiene pruebas pero no las ha mostrado,#EvaluandoLaSituacion #QueDijoKai,,2026-03-15 03:00:52,Cuenta_Nueva,0.0,621,2913.0,16.5,No,1
1785,1547.0,286,@miguelco,Instagram,Comentario,dicen que circula el rumor de que hay más pruebas guardadas para después,#Cancelado #CancelenAKai,,2026-03-15 05:04:08,Cuenta_Nueva,21.1,181,522.0,15.4,Posible (similar a una publicación anterior),0
1786,,257,@carolinaramirez34,TikTok,Repost/Cita,increíble como en una noche esto se salió de control la verdad 😳😳,,,2026-03-14 23:53:22,Anónimo,7.3,69,61.0,3.0,No,1
1787,1608.0,421,@teamkai_478,Instagram,Comentario,"esa imagen no es nueva, ya circulaba con otro nombre hace tiempo",#JusticiaParaKai,,2026-03-15 07:03:53,Anónimo,0.0,677,177.0,3.0,No,1
1788,1328.0,94,@nataliaramirezsabana,TikTok,Repost/Cita,La cantidad de cuentas nuevas comentando esto me da mala espina y todavía falta que hable Kai,#YoLeCreoAKai,,2026-03-15 05:17:40,Anónimo,1465.7,1005,163.0,0.1,No,1
1789,,447,@RedFactCheckCo,X,Post original,Pedimos cautela: varias publicaciones repiten el mismo texto casi palabra por palabra en minutos.,#VerificaAntesDeCompartir,,2026-03-15 03:46:33,Verificado,3000.0,210000,1103.0,1.6,No,1
1790,1780.0,262,@oscarpinzon,TikTok,Transcripción de audio/video,si esto no se aclara hoy se va a armar una novela de meses y todavía falta que hable Kai...,,,2026-03-15 04:17:05,Cuenta_Nueva,,142,118.0,0.1,No,0
1791,,249,@daniela15,X,Post original,si esto no se aclara hoy se va a armar una novela de meses 😭,#VerificaAntesDeCompartir #EvaluandoLaSituacion,,2026-03-15 02:50:04,Anónimo,1073.8,27330,84.0,0.1,No,0
1792,1523.0,212,@sofiaco,TikTok,Repost/Cita,en mi casa no se habla de otra cosa desde anoche sin exagerar,,,2026-03-15 06:14:51,Fan_Antiguo,597.0,3332,91.0,1.4,No,0
1793,1722.0,305,@kevinsuarezcun,TikTok,Comentario,la gente ya no espera pruebas para cancelar a nadie y cada rato cambia la versión 💀💀,#CancelenAKai,,2026-03-15 04:13:47,Anónimo,14.5,77,181.0,0.2,No,1
1794,1614.0,179,@hector15,X,Comentario,si esto no se aclara hoy se va a armar una novela de meses sin exagerar 🤔🤔,#EvaluandoLaSituacion #YoLeCreoAKai,,2026-03-15 03:46:48,Anónimo,1917.0,11210,47.0,2.0,No,0
1795,1548.0,16,@lilianapinzonbogota,Instagram,Descripción de captura,esto se siente exactamente igual a lo del año pasado con otro streamer ya en serio 🤔,#KaiMentiroso,,2026-03-15 04:12:00,Fan_Antiguo,809.0,2277,25.0,2.4,No,1
1796,1667.0,296,@johanatv,X,Comentario,"  esto se puso serio rapidísimo, hace una hora era chisme otra vez   ",#OjoConEstoKai,,2026-03-15 06:30:30,Cuenta_Nueva,10.5,139,40.0,2.6,No,0
1797,1550.0,407,@porsiempreKai_472,Instagram,Comentario,el recorte de 14 segundos le quita todo el contexto a lo que dijo,#JusticiaParaKai,,2026-03-15 04:57:55,Fan_Antiguo,0.0,9580,194.0,5.3,No,1
1798,,245,@ricardoleonbogota,X,Comentario,"a mi me da igual, no sigo a Kai pero el trending me tiene aquí leyendo otra vez",,,2026-03-15 01:41:57,Fan_Antiguo,1107.8,45900,247.0,1.8,No,0
1799,1730.0,343,@angie07,TikTok,Comentario,"me acaban de contar que me llegó por WhatsApp que Kai sí arregló todo, no tengo la fuente original",,,2026-03-15 05:23:55,Cuenta_Nueva,21.7,613,912.0,6.4,No,0
1800,1601.0,322,@angie_oficial,Foro anónimo,Transcripción de audio/video,me parece raro que UrbanKrew se pronuncie tan rápido sin saber toda la historia,#QueDijoKai,UrbanKrew,2026-03-15 05:19:53,Cuenta_Nueva,6.1,178,40.0,3.4,No,0
1801,1572.0,24,@johanarios34,Instagram,Comentario,yo creo que seguridad del evento confirmó que hubo varios testigos presentes,,,2026-03-15 04:09:59,Fan_Antiguo,30.0,7666,216.0,3.4,No,2
1802,1743.0,184,@oscarrios_00,Foro anónimo,Comentario,@NovaVolt ustedes ya sabían de esto o no? necesitamos que hablen,#Cancelado,UrbanKrew,2026-03-15 05:18:29,Fan_Antiguo,683.3,1464,18.0,1.8,No,1
1803,1511.0,317,@felipelopez22,X,Comentario,Dicen que hay un audio filtrado completo pero nadie lo ha mostrado,,,2026-03-15 03:14:46,Cuenta_Nueva,0.5,30,426.0,3.3,No,0
1804,1609.0,243,@monicapinzon2020,X,Comentario,Mis amigas y yo llevamos toda la noche hablando de esto ya en serio,#QueDijoKai #Cancelado,,2026-03-15 03:19:13,Fan_Antiguo,1268.8,9767,124.0,1.4,No,0
1805,1738.0,147,@ricardorios2020,Foro anónimo,Comentario,"honestamente, vi la transmisión completa dos veces, no encuentro el corte que muestran",,,2026-03-15 02:12:12,Anónimo,188.5,943,489.0,0.1,No,4
1806,,75,@cristianmedina_,TikTok,Comentario,si esto no se aclara hoy se va a armar una novela de meses y todavía falta que hable Kai,,,2026-03-15 02:45:21,Fan_Antiguo,30.0,58934,58.0,2.4,No,0
1807,1615.0,222,@fabian07,X,Comentario,me parece raro que UrbanKrew se pronuncie tan rápido sin saber toda la historia,#CancelenAKai #QueDijoKai,PulsoTech,2026-03-15 05:23:34,Verificado,519.2,3479,4.0,1.9,No,0
1808,1599.0,278,@isabellaalarcon_11,Instagram,Comentario,"que fastidio, otra vez cancelando a alguien sin dejarlo hablar y eso que apenas empieza el día",,,2026-03-15 04:30:53,Anónimo,11.2,119,3.0,2.6,No,0
1809,1640.0,168,@natalianino98,X,Comentario,"honestamente, el proceso del sorteo se hizo con testigos externos, no solo del equipo de Kai",#QueDijoKai,,2026-03-15 03:39:50,Anónimo,363.6,4660,484.0,1.5,No,3
1810,,134,@tatianamedina07,Instagram,Repost/Cita,clásico: pasa algo de madrugada y para el mediodía ya todos tienen opinión 💀💀,#KaiDuarte,,2026-03-15 02:24:21,Verificado,898.6,490,49.0,1.7,No,0
1811,1568.0,189,@maria15,X,Comentario,"  Que fastidio, otra vez cancelando a alguien sin dejarlo hablar y nadie sabe ni qué creer.   ",#EvaluandoLaSituacion #YoLeCreoAKai,,2026-03-15 04:19:26,Verificado,1261.6,8295,51.0,2.2,No,1
1812,1701.0,24,@johanarios34,TikTok,Comentario,"Me llegó por WhatsApp que Kai sí arregló todo, no tengo la fuente original",#QueDijoKai #Cancelado,,2026-03-15 03:39:55,Fan_Antiguo,30.0,7666,1307.0,12.9,No,0
1813,1494.0,109,@juanlopez07,TikTok,Comentario,"esto ya lo vi venir hace rato, algo raro pasaba sin exagerar",,,2026-03-15 04:54:27,Anónimo,633.6,1789,57.0,3.0,No,0
1814,1556.0,216,@vivianaramirez_ug,Instagram,Comentario,Dato: revisé el reglamento público del sorteo y coincide con lo que se hizo,,,2026-03-15 05:57:57,Anónimo,448.1,1917,170.0,9.4,No,1
1815,1775.0,62,@tomas_,X,Transcripción de audio/video,yo esperaría el comunicado oficial antes de opinar sin exagerar.,#EvaluandoLaSituacion,,2026-03-15 02:48:35,Anónimo,1442.6,3056,80.0,6.3,No,0
1816,,204,@esteban03,X,Repost/Cita,mis amigas y yo llevamos toda la noche hablando de esto y eso que apenas empieza el día.,#KaiDuarte #EvaluandoLaSituacion,,2026-03-15 00:43:37,Verificado,1936.3,6350,106.0,2.4,No,0
1817,1339.0,222,@fabian07,X,Comentario,"UrbanKrew lleva media hora sin responder nada, mal ahí",#QueDijoKai #EvaluandoLaSituacion,UrbanKrew,2026-03-15 04:34:01,Verificado,519.2,3479,68.0,1.9,No,0
1818,,27,@cristiancruz15,X,Repost/Cita,"PulsoTech lleva media hora sin responder nada, mal ahí",,UrbanKrew,2026-03-15 00:47:05,Fan_Antiguo,122.4,272,34.0,3.7,No,0
1819,1547.0,315,@tomasperezbogota,TikTok,Transcripción de audio/video,"PulsoTech lleva media hora sin responder nada, mal ahí",#EvaluandoLaSituacion #Cancelado,NovaVolt,2026-03-15 05:03:42,Cuenta_Nueva,0.0,32,15.0,0.1,No,0
1820,,233,@maria,X,Post original,"Esto ya lo vi venir hace rato, algo raro pasaba y todavía falta que hable Kai 😭",,,2026-03-15 01:05:14,Anónimo,30.0,2221,25.0,3.1,No,0
1821,1776.0,51,@jhon07,TikTok,Comentario,Circula que un influencer chiquito aseguró que tiene pruebas pero no las ha mostrado,#EvaluandoLaSituacion #KaiDuarte,,2026-03-15 04:51:57,Verificado,798.0,45910,2009.0,2.5,No,1
1822,1410.0,146,@kevinmoreno2020,X,Repost/Cita,"pobre la gente que ganó de verdad el sorteo, ahora todos van a dudar de ellos y las marcas ni se han pronunciado bien...",#OjoConEstoKai,,2026-03-15 05:15:51,Fan_Antiguo,632.8,8319,51.0,2.9,No,1
1823,1749.0,77,@alejandrorojas_11,Foro anónimo,Transcripción de audio/video,dejen a la gente en paz hasta que se sepa la verdad y eso que apenas empieza el día.,,,2026-03-15 05:53:57,Anónimo,284.9,995,74.0,2.7,No,0
1824,,307,@adrianacun,X,Comentario,"que fastidio, otra vez cancelando a alguien sin dejarlo hablar y todavía falta que hable Kai",#OjoConEstoKai,,2026-03-15 03:10:38,Cuenta_Nueva,17.8,24,98.0,1.6,No,0
1825,1635.0,147,@ricardorios2020,TikTok,Comentario,el que suba a defenderlo sin pruebas también me da desconfianza y todavía falta que hable Kai...,,,2026-03-15 04:47:39,Anónimo,188.5,943,16.0,2.8,No,1
1826,1522.0,299,@yuliana_ug,X,Comentario,ojo con esto: alguien juró que tiene capturas del chat privado pero nunca las publicó,#FueraKai,,2026-03-15 05:16:18,Anónimo,7.3,318,156.0,12.2,No,0
1827,,63,@saragomez22,TikTok,Post original,No había visto esta cantidad de gente opinando de algo en meses ya en serio,#EvaluandoLaSituacion,,2026-03-15 04:16:56,Verificado,30.0,9430,59.0,2.1,No,0
1828,,232,@fabianleon,X,Post original,"Que oso si es verdad, y que oso si no lo es y las marcas ni se han pronunciado bien 😭",#EvaluandoLaSituacion #Cancelado,,2026-03-15 03:17:57,Anónimo,1212.4,8191,3.0,2.8,No,0
1829,,60,@alejandropinzon99,X,Post original,clásico: pasa algo de madrugada y para el mediodía ya todos tienen opinión otra vez,,,2026-03-15 03:17:49,Anónimo,1712.2,2331,124.0,0.1,No,0
1830,1540.0,112,@kevinmoreno34,X,Comentario,dato: yo estuve cerca del evento y no noté nada raro esa noche,#JusticiaParaKai,,2026-03-15 03:10:42,Verificado,100.5,1674,116.0,0.2,Posible (similar a una publicación anterior),1
1831,,224,@jorgecardenasbogota,X,Comentario,el que suba a defenderlo sin pruebas también me da desconfianza otra vez...,#JusticiaParaKai,,2026-03-15 00:21:39,Fan_Antiguo,742.1,1582,,2.4,No,0
1832,1547.0,429,@kaisquad_698,Instagram,Comentario,"si tuvieran algo sólido ya lo hubieran mostrado completo, no en pedazos",#JusticiaParaKai,,2026-03-15 05:04:50,Cuenta_Nueva,0.0,377,71.0,1.1,No,1
1833,1769.0,125,@jorge15,TikTok,Comentario,todo el mundo etiquetando a NovaVolt pidiendo que se pronuncien,#QueDijoKai,PulsoTech,2026-03-15 05:19:55,Anónimo,30.0,724,146.0,2.0,No,0
1834,1477.0,239,@oscarrojascun,Instagram,Comentario,mis amigas y yo llevamos toda la noche hablando de esto ya en serio,,,2026-03-15 04:25:26,Anónimo,1224.3,1924,170.0,4.5,No,0
1835,1723.0,26,@juliana03,X,Comentario,si PulsoTech no rompe el contrato hoy yo dejo de comprarles,#KaiDuarte,PulsoTech,2026-03-15 03:05:08,Anónimo,2019.6,4115,30.0,4.7,No,0
1836,1613.0,67,@antoniacun,Instagram,Comentario,ojo con esto: alguien juró que tiene capturas del chat privado pero nunca las publicó,#KaiDuarte #CancelenAKai,,2026-03-15 04:19:30,Anónimo,950.1,330,140.0,5.6,Sí (idéntico a publicación de 2023 sobre otro creador),0
1837,1712.0,160,@juan_11,TikTok,Comentario,actualización: yo estuve cerca del evento y no noté nada raro esa noche,,,2026-03-15 04:11:00,Fan_Antiguo,30.0,12260,34.0,3.8,No,1
1838,1609.0,98,@marialeon_col,Instagram,Comentario,ojo con esto: alguien juró que tiene capturas del chat privado pero nunca las publicó,#CancelenAKai,,2026-03-15 03:11:30,Fan_Antiguo,1483.0,14224,183.0,0.1,No,0
1839,1736.0,17,@ricardo_ug,X,Repost/Cita,el que suba a defenderlo sin pruebas también me da desconfianza otra vez,#KaiDuarte #FueraKai,,2026-03-15 03:24:34,Anónimo,30.0,6602,24.0,4.3,No,0
1840,1839.0,343,@angie07,X,Descripción de captura,esto se siente exactamente igual a lo del año pasado con otro streamer sinceramente,,,2026-03-15 03:29:44,Cuenta_Nueva,21.7,613,102.0,3.2,No,0
1841,1575.0,130,@brayan_,Instagram,Comentario,yo creo que yo estaba conectado desde el minuto uno y no vi nada extraño,#Cancelado #KaiEsInocente,,2026-03-15 05:04:24,Verificado,413.0,160,28.0,5.7,No,3
1842,1704.0,35,@ricardo_00,X,Comentario,cada hora aparece un ángulo nuevo de esto y eso que apenas empieza el día,#CancelenAKai #EvaluandoLaSituacion,,2026-03-15 04:23:03,Anónimo,1551.1,1838,18.0,0.1,No,0
1843,,345,@hectorramirez,TikTok,Comentario,"cada rato sale un testigo nuevo, esto ya parece novela ya en serio.",,,2026-03-15 01:05:33,Anónimo,12.3,170,28.0,1.8,No,0
1844,1737.0,405,@fansdekai_236,TikTok,Comentario,"si tuvieran algo sólido ya lo hubieran mostrado completo, no en pedazos",#JusticiaParaKai,,2026-03-15 03:23:14,Fan_Antiguo,0.0,7567,152.0,13.1,No,0
1845,1599.0,287,@lilianax,X,Comentario,No puedo creer lo que está pasando con Kai otra vez 💀💀,,,2026-03-15 05:37:04,Cuenta_Nueva,20.0,280,17.0,2.4,No,0
1846,1640.0,152,@nataliarojas_oficial,Foro anónimo,Comentario,"Dato: tengo un conocido que trabajó en la producción, dice que todo estuvo en orden",#EvaluandoLaSituacion #QueDijoKai,,2026-03-15 03:36:35,Anónimo,916.1,765,1077.0,3.2,No,1
1847,1730.0,384,@despiertaya_630,X,Repost/Cita,esto es un ESCÁNDALO y las marcas lo están tapando #CancelenAKai,#CancelenAKai,,2026-03-15 05:25:32,Bot_Sospechoso,0.1,40015,88.0,9.9,No,0
1848,,12,@manuela,X,Post original,literal me desperté y lo primero que vi fue esto y todavía falta que hable Kai 😳,#QueDijoKai,,2026-03-15 03:54:37,Fan_Antiguo,1985.8,2321,55.0,1.6,No,0
1849,,270,@julianacardenas34,Foro anónimo,Repost/Cita,yo creo que hay que esperar antes de sacar conclusiones.,#Cancelado #YoLeCreoAKai,,2026-03-15 03:07:57,Cuenta_Nueva,0.0,1657,67.0,1.4,No,0
1850,1673.0,124,@fabian_00,TikTok,Descripción de captura,cada hora aparece un ángulo nuevo de esto de verdad 😭😭,#Cancelado #EvaluandoLaSituacion,,2026-03-15 02:50:29,Anónimo,1384.1,2126,46.0,3.0,No,0
1851,1763.0,56,@viviana_uni,Instagram,Comentario,"dicen que me llegó por WhatsApp que Kai sí arregló todo, no tengo la fuente original",#CancelenAKai #QueDijoKai,,2026-03-15 03:06:11,Fan_Antiguo,1184.2,4271,561.0,0.1,Sí (idéntico a publicación de 2023 sobre otro creador),1
1852,1800.0,243,@monicapinzon2020,X,Transcripción de audio/video,"que oso si es verdad, y que oso si no lo es de verdad.",,,2026-03-15 05:20:56,Fan_Antiguo,1268.8,9767,20.0,1.7,No,0
1853,1774.0,56,@viviana_uni,X,Comentario,yo vine a leer los comentarios que siempre son mejores que la noticia y las marcas ni se han pronunciado bien 💀,,,2026-03-15 03:44:20,Fan_Antiguo,1184.2,4271,26.0,0.1,No,0
1854,1852.0,87,@johana22,X,Comentario,yo creo que nadie de los que participamos notó nada fuera de lo normal esa noche,,,2026-03-15 05:24:44,Verificado,2125.6,18539,490.0,2.7,No,2
1855,1631.0,131,@oscar,TikTok,Descripción de captura,mis amigas y yo llevamos toda la noche hablando de esto y eso que apenas empieza el día.,#EvaluandoLaSituacion,,2026-03-15 03:07:29,Fan_Antiguo,2015.6,9927,33.0,1.2,No,1
1856,1726.0,171,@cesar07,X,Comentario,"para que sepan: vi la transmisión completa dos veces, no encuentro el corte que muestran",#KaiDuarte,,2026-03-15 05:17:39,Verificado,1687.8,6372,481.0,4.1,No,5
1857,1743.0,266,@gabrielasabana,TikTok,Repost/Cita,esto habla más de nosotros como internet que de Kai la verdad sin exagerar,#QueDijoKai #Cancelado,,2026-03-15 06:26:34,Cuenta_Nueva,13.9,1813,71.0,3.1,No,0
1858,1609.0,286,@miguelco,X,Comentario,un influencer chiquito aseguró que tiene pruebas pero no las ha mostrado,#EvaluandoLaSituacion,,2026-03-15 03:10:14,Cuenta_Nueva,21.1,181,166.0,4.9,No,0
1859,1809.0,83,@luisa_ug,TikTok,Comentario,"dato: conozco a alguien que ganó un sorteo anterior de Kai, todo fue legal",#EvaluandoLaSituacion #KaiEsInocente,,2026-03-15 03:56:57,Fan_Antiguo,1570.9,988,49.0,0.1,No,2
1860,1632.0,330,@johana_uni,TikTok,Comentario,supuestamente el ganador real habló pero borró el mensaje rapidísimo,#QueDijoKai #CancelenAKai,,2026-03-15 03:59:22,Cuenta_Nueva,0.0,444,202.0,1.9,No,0
1861,1808.0,157,@jorgepardo03,Instagram,Repost/Cita,NovaVolt debería esperar los resultados antes de tomar una decisión así de grande,,PulsoTech,2026-03-15 04:44:09,Anónimo,1414.8,20991,26.0,4.0,No,0
1862,1626.0,61,@juan34,X,Comentario,alguien me explica bien qué fue lo que pasó anoche ya en serio 💀💀,#KaiDuarte #QueDijoKai,,2026-03-15 05:37:53,Anónimo,30.0,1023,44.0,3.7,No,1
1863,,175,@johanasabana,Instagram,Comentario,"cada quien cree lo que quiere creer, ya nadie mira pruebas de verdad",#FueraKai,,2026-03-15 02:31:49,Verificado,1901.9,982,66.0,2.2,No,0
1864,1775.0,367,@noloocultes_218,X,Repost/Cita,"confirmado, Kai amañó el sorteo, pasen la voz #CancelenAKai",#CancelenAKai,,2026-03-15 03:53:43,Bot_Sospechoso,1.0,4889,57.0,23.5,No,0
1865,,160,@juan_11,Instagram,Post original,No puedo creer lo que está pasando con Kai y todavía falta que hable Kai,,,2026-03-15 02:36:13,Fan_Antiguo,30.0,12260,22.0,5.6,No,0
1866,1864.0,263,@claudiavargas22,X,Comentario,"me acaban de contar que me llegó por WhatsApp que Kai sí arregló todo, no tengo la fuente original",,,2026-03-15 03:56:45,Anónimo,6.8,214,260.0,4.0,Sí (idéntico a publicación de 2023 sobre otro creador),1
1867,1640.0,359,@mvidalteam_897,X,Repost/Cita,"COMPARTAN esto antes de que lo borren, la verdad sobre Kai #CancelenAKai",#CancelenAKai,,2026-03-15 03:35:51,Bot_Sospechoso,2.9,2794,139.0,10.7,No,0
1868,1797.0,430,@kaisquad_333,Instagram,Comentario,"en ningún sorteo anterior de Kai hubo una queja así, raro que ahora sí",#JusticiaParaKai,,2026-03-15 05:02:24,Anónimo,413.4,670,146.0,6.3,No,1
1869,1674.0,87,@johana22,X,Comentario,no puedo creer lo que está pasando con Kai y las marcas ni se han pronunciado bien,,,2026-03-15 04:54:28,Verificado,2125.6,18539,6.0,1.6,No,0
1870,1838.0,155,@monicaalarcon22,X,Comentario,me acaban de contar que circula una lista de pruebas pero ninguna se puede verificar bien,#Cancelado,,2026-03-15 03:32:24,Fan_Antiguo,397.5,1537,68.0,10.4,No,1
1871,1832.0,392,@teamkai_498,Instagram,Comentario,"si escuchan el audio completo, Kai está bromeando, no confesando nada",#JusticiaParaKai,,2026-03-15 05:06:00,Cuenta_Nueva,920.5,1235,220.0,8.2,No,2
1872,1637.0,89,@cesarcun,X,Comentario,yo creo que revisé el reglamento público del sorteo y coincide con lo que se hizo,,,2026-03-15 04:28:14,Verificado,947.0,678,63.0,3.1,No,4
1873,1630.0,312,@ricardocun,X,Comentario,"sea cual sea la verdad, la forma en que se está manejando esto es un desastre y todavía falta que hable Kai 🤔🤔",#KaiDuarte,,2026-03-15 03:47:24,Anónimo,0.3,171,26.0,1.5,No,1
1874,1719.0,201,@cesar15,X,Transcripción de audio/video,alguien me explica bien qué fue lo que pasó anoche de verdad,,,2026-03-15 04:00:52,Anónimo,1280.8,4998,67.0,0.8,No,0
1875,1676.0,236,@tomas_col,TikTok,Comentario,Para que sepan: nadie de los que participamos notó nada fuera de lo normal esa noche,#KaiDuarte,,2026-03-15 04:02:51,Bot_Sospechoso,367.2,2412,56.0,2.7,No,0
1876,1789.0,159,@sebastiantv,X,Comentario,"yo hacía memes de Kai, ahora no sé ni qué publicar de verdad...",#Cancelado,,2026-03-15 04:20:30,Verificado,878.4,281,101.0,4.8,No,0
1877,1752.0,111,@johana07,X,Repost/Cita,"a mi me da igual, no sigo a Kai pero el trending me tiene aquí leyendo y cada rato cambia la versión...",,,2026-03-15 03:28:56,Anónimo,2802.4,5405,42.0,2.0,No,0
1878,1771.0,369,@mvidalteam_730,TikTok,Repost/Cita,"no dejen que borren la evidencia, guarden capturas ya #CancelenAKai",#CancelenAKai,,2026-03-15 04:04:59,Bot_Sospechoso,2.8,5644,112.0,11.7,No,0
1879,1814.0,85,@antonia_real,TikTok,Comentario,"tengo un conocido que trabajó en la producción, dice que todo estuvo en orden",#Cancelado #QueDijoKai,,2026-03-15 06:00:12,Verificado,583.1,465,875.0,2.5,Posible (similar a una publicación anterior),7
1880,1816.0,314,@esteban_uni,Instagram,Transcripción de audio/video,el que suba a defenderlo sin pruebas también me da desconfianza y eso que apenas empieza el día,#Cancelado,,2026-03-15 01:49:58,Anónimo,4.7,256,113.0,0.1,No,0
1881,1879.0,154,@miguelcardenascun,Instagram,Comentario,el que suba a defenderlo sin pruebas también me da desconfianza,#EvaluandoLaSituacion #KaiDuarte,,2026-03-15 06:01:14,Fan_Antiguo,791.9,3144,68.0,4.6,No,0
1882,,216,@vivianaramirez_ug,X,Descripción de captura,la cantidad de cuentas nuevas comentando esto me da mala espina y eso que apenas empieza el día,,,2026-03-15 03:03:06,Anónimo,448.1,1917,32.0,0.1,No,0
1883,1727.0,17,@ricardo_ug,X,Transcripción de audio/video,Literal me desperté y lo primero que vi fue esto y cada rato cambia la versión...,,,2026-03-15 05:49:21,Anónimo,30.0,6602,13.0,3.1,No,1
1884,1850.0,226,@camilasuarezbogota,TikTok,Comentario,"dicen que me llegó por WhatsApp que Kai sí arregló todo, no tengo la fuente original",#KaiDuarte,,2026-03-15 02:55:25,Fan_Antiguo,1132.7,446,96.0,2.6,Sí (idéntico a publicación de 2023 sobre otro creador),0
1885,1742.0,318,@angie03,X,Comentario,si esto resulta ser falso alguien tiene que responder por el daño de verdad,#KaiDuarte,,2026-03-15 03:34:18,Cuenta_Nueva,9.1,180,77.0,1.9,No,0
1886,1860.0,293,@sara_ug,TikTok,Comentario,"ojo con esto: me llegó por WhatsApp que Kai sí arregló todo, no tengo la fuente original",,,2026-03-15 04:02:54,Anónimo,10.3,1071,102.0,23.6,Sí (idéntico a publicación de 2023 sobre otro creador),0
1887,1819.0,273,@laurasabana,X,Comentario,esto me recuerda a como diez casos parecidos otra vez 🤔🤔,#CancelenAKai #KaiDuarte,,2026-03-15 05:08:11,Cuenta_Nueva,0.0,258,72.0,2.3,No,0
1888,1851.0,122,@ricardo_real,X,Descripción de captura,"vi que PulsoTech sacó un comunicado, muy tibio la verdad",,NovaVolt,2026-03-15 03:08:04,Fan_Antiguo,919.2,3307,12.0,0.6,No,1
1889,,86,@saralopez34,TikTok,Transcripción de audio/video,yo llevo horas viendo hilos sobre esto en vez de dormir sinceramente,,,2026-03-15 01:59:19,Verificado,749.9,14859,100.0,0.7,No,0
1890,1851.0,118,@miguelrios15,X,Repost/Cita,"la marca ya se está lavando las manos, típico de verdad",#FakeNews,,2026-03-15 04:09:23,Fan_Antiguo,651.1,3290,31.0,0.3,No,1
1891,1770.0,66,@isabellax,TikTok,Repost/Cita,no puedo creer lo que está pasando con Kai la verdad.,#KaiDuarte,,2026-03-15 03:50:41,Fan_Antiguo,1122.6,9527,330.0,4.4,No,0
1892,1724.0,184,@oscarrios_00,Instagram,Repost/Cita,"que fastidio, otra vez cancelando a alguien sin dejarlo hablar y cada rato cambia la versión",#FueraKai,,2026-03-15 04:16:34,Fan_Antiguo,683.3,1464,44.0,0.1,No,0
1893,1813.0,2,@miguelx,TikTok,Repost/Cita,literal me desperté y lo primero que vi fue esto y todavía falta que hable Kai.,#Cancelado,,2026-03-15 04:55:14,Fan_Antiguo,2463.2,786,56.0,1.9,No,1
1894,1510.0,44,@santiago_,Foro anónimo,Repost/Cita,"vi que NovaVolt sacó un comunicado, muy tibio la verdad",,UrbanKrew,2026-03-15 04:37:11,Verificado,30.0,172,26.0,3.0,No,0
1895,1648.0,78,@carloscun,TikTok,Comentario,la cantidad de cuentas nuevas comentando esto me da mala espina y eso que apenas empieza el día.,#KaiDuarte,,2026-03-15 05:19:12,Verificado,1139.1,4722,31.0,1.1,No,0
1896,1886.0,331,@angietv,Instagram,Comentario,ojo con esto: circula una lista de pruebas pero ninguna se puede verificar bien,,,2026-03-15 04:05:17,Anónimo,10.6,413,2747.0,15.5,No,1
1897,,54,@haroldriosbogota,TikTok,Comentario,mis amigas y yo llevamos toda la noche hablando de esto sin exagerar,#QueDijoKai #EvaluandoLaSituacion,,2026-03-15 01:52:28,Fan_Antiguo,1270.7,672,163.0,4.6,No,0
1898,,447,@RedFactCheckCo,X,Post original,Seguimos revisando la evidencia compartida; por ahora no hay elementos suficientes para confirmar ni descartar.,#VerificaAntesDeCompartir,,2026-03-15 03:34:48,Verificado,3000.0,210000,561.0,2.1,No,1
1899,1776.0,326,@ricardo_uni,X,Comentario,circula que circula una lista de pruebas pero ninguna se puede verificar bien,,,2026-03-15 04:58:35,Anónimo,10.3,901,406.0,5.0,No,1
1900,1878.0,303,@melissa2020,TikTok,Comentario,posta que circula el rumor de que hay más pruebas guardadas para después,#Cancelado,,2026-03-15 04:19:27,Anónimo,12.1,971,164.0,5.1,No,0
1901,1708.0,84,@laurasuarez_00,TikTok,Comentario,Dato: yo estaba conectado desde el minuto uno y no vi nada extraño,#KaiDuarte,,2026-03-15 02:52:27,Verificado,911.9,44186,99.0,0.7,No,1
1902,1732.0,368,@apoyomateo_446,X,Repost/Cita,"no dejen que borren la evidencia, guarden capturas ya #CancelenAKai",#CancelenAKai,,2026-03-15 05:04:44,Bot_Sospechoso,0.6,35057,193.0,10.0,No,0
1903,,446,@ChequeoDigitalCO,X,Post original,Pedimos cautela: varias publicaciones repiten el mismo texto casi palabra por palabra en minutos.,#VerificaAntesDeCompartir,,2026-03-15 02:18:14,Bot_Sospechoso,1100.0,60000,439.0,1.2,No,2
1904,,20,@mateosabana,X,Comentario,si esto no se aclara hoy se va a armar una novela de meses de verdad 😭😭,,,2026-03-15 01:33:23,Anónimo,188.2,1186,36.0,4.6,No,0
1905,1691.0,271,@manuela34,X,Comentario,posta que un influencer chiquito aseguró que tiene pruebas pero no las ha mostrado,#FueraKai,,2026-03-15 04:28:04,Anónimo,6.3,555,1051.0,13.0,No,1
1906,1840.0,250,@luisasabana,X,Repost/Cita,mis amigas y yo llevamos toda la noche hablando de esto otra vez,#OjoConEstoKai,,2026-03-15 03:39:15,Fan_Antiguo,2457.1,8429,30.0,4.1,No,2
1907,1630.0,417,@porsiempreKai_461,TikTok,Comentario,el recorte de 14 segundos le quita todo el contexto a lo que dijo,#JusticiaParaKai,,2026-03-15 03:45:47,Cuenta_Nueva,0.0,231,316.0,4.8,No,0
1908,1895.0,254,@nicolasperez_uni,X,Comentario,cada hora aparece un ángulo nuevo de esto y las marcas ni se han pronunciado bien.,,,2026-03-15 05:31:49,Verificado,1272.7,8096,10.0,0.6,No,0
1909,1886.0,287,@lilianax,Instagram,Repost/Cita,el que suba a defenderlo sin pruebas también me da desconfianza y las marcas ni se han pronunciado bien,#VerificaAntesDeCompartir #Cancelado,,2026-03-15 04:21:18,Cuenta_Nueva,20.0,280,47.0,0.4,No,0
1910,,269,@mateo_real,Foro anónimo,Comentario,"que fastidio, otra vez cancelando a alguien sin dejarlo hablar y todavía falta que hable Kai...",,,2026-03-15 00:45:56,Cuenta_Nueva,0.0,621,268.0,3.3,No,0
1911,,19,@gabrielamedina07,Foro anónimo,Descripción de captura,si UrbanKrew no rompe el contrato hoy yo dejo de comprarles,,NovaVolt,2026-03-15 02:56:11,Fan_Antiguo,1199.2,4505,54.0,0.4,No,1
1912,1785.0,87,@johana22,X,Comentario,posta que circula el rumor de que hay más pruebas guardadas para después,#QueDijoKai #KaiMentiroso,,2026-03-15 05:43:02,Verificado,2125.6,18539,568.0,4.1,No,1
1913,,118,@miguelrios15,X,Comentario,En mi casa no se habla de otra cosa desde anoche y todavía falta que hable Kai 😳😳,#KaiMentiroso,,2026-03-15 02:13:54,Fan_Antiguo,651.1,3290,67.0,0.6,No,0
1914,1816.0,120,@sara_real,Instagram,Comentario,tremendo desorden se armó de la nada anoche la verdad 🤔,#OjoConEstoKai,,2026-03-15 00:51:56,Fan_Antiguo,30.0,618,57.0,3.9,No,0
1915,1820.0,149,@paola,TikTok,Comentario,yo vine a leer los comentarios que siempre son mejores que la noticia sin exagerar,#KaiDuarte,,2026-03-15 01:28:25,Fan_Antiguo,,6350,41.0,1.5,No,1
1916,,100,@liliana_uni,Foro anónimo,Repost/Cita,"la marca ya se está lavando las manos, típico y las marcas ni se han pronunciado bien",,,2026-03-15 02:51:52,Anónimo,1762.8,2550,17.0,4.6,No,0
1917,1847.0,332,@natalia_real,Instagram,Comentario,dicen que supuestamente el ganador real habló pero borró el mensaje rapidísimo,,,2026-03-15 05:25:52,Anónimo,18.2,64,743.0,9.5,No,0
1918,1814.0,66,@isabellax,TikTok,Comentario,  dato: seguridad del evento confirmó que hubo varios testigos presentes   ,,,2026-03-15 06:09:13,Fan_Antiguo,1122.6,9527,522.0,2.3,No,3
1919,1875.0,9,@yulianasuarez07,X,Comentario,actualización: un conocido trabaja en el canal y dice que ahí todo queda respaldado,,,2026-03-15 04:08:10,Fan_Antiguo,511.7,4216,263.0,1.2,No,4
1920,1875.0,426,@fansdekai_453,TikTok,Comentario,"en ningún sorteo anterior de Kai hubo una queja así, raro que ahora sí",#JusticiaParaKai,,2026-03-15 04:07:36,Fan_Antiguo,913.6,190,446.0,13.0,No,0
1921,1907.0,429,@kaisquad_698,X,Comentario,"nadie ha mostrado una prueba real, todo son capturas sin verificar",#JusticiaParaKai,,2026-03-15 04:10:34,Cuenta_Nueva,0.0,377,235.0,8.6,No,1
1922,,41,@adrianaperez_11,Instagram,Repost/Cita,"NovaVolt lleva media hora sin responder nada, mal ahí",,UrbanKrew,2026-03-15 04:14:09,Fan_Antiguo,661.4,738,28.0,0.1,No,0
1923,1738.0,277,@yesidcastro,Instagram,Comentario,dicen que circula una lista de pruebas pero ninguna se puede verificar bien,#CancelenAKai #KaiDuarte,,2026-03-15 03:29:11,Anónimo,23.9,374,2099.0,8.6,No,1
1924,1841.0,45,@david07,X,Comentario,Yo estaba conectado desde el minuto uno y no vi nada extraño,,,2026-03-15 05:15:12,Verificado,868.5,2340,96.0,4.4,No,2
1925,1830.0,267,@camilacastro34,Instagram,Comentario,Posta que un tiktok con millones de vistas ya lo dio por hecho,,,2026-03-15 03:23:32,Anónimo,15.2,433,122.0,12.9,No,0
1926,1871.0,160,@juan_11,TikTok,Repost/Cita,"NovaVolt lleva media hora sin responder nada, mal ahí",,UrbanKrew,2026-03-15 05:14:41,Fan_Antiguo,30.0,12260,92.0,4.2,No,1
1927,1642.0,398,@porsiempreKai_678,X,Comentario,el recorte de 14 segundos le quita todo el contexto a lo que dijo,#JusticiaParaKai,,2026-03-15 05:10:47,Anónimo,105.8,2484,122.0,0.7,No,3
1928,,108,@tomas_real,Foro anónimo,Comentario,yo esperaría el comunicado oficial antes de opinar sinceramente...,,,2026-03-15 00:40:58,Anónimo,1472.9,1767,123.0,1.5,No,0
1929,1801.0,300,@ivan2020,Instagram,Comentario,"dato: la plataforma que usaron para el sorteo es auditable, cualquiera puede revisarla",#KaiEsInocente,,2026-03-15 04:12:31,Cuenta_Nueva,17.7,815,,3.4,No,7
1930,1841.0,16,@lilianapinzonbogota,TikTok,Comentario,no puedo creer lo que está pasando con Kai,#Cancelado #EvaluandoLaSituacion,,2026-03-15 05:16:19,Fan_Antiguo,,2277,86.0,2.9,No,0
1931,1623.0,73,@lilianarios_00,TikTok,Comentario,esto me recuerda a como diez casos parecidos y eso que apenas empieza el día 💀💀,,,2026-03-15 04:26:58,Fan_Antiguo,248.8,8978,102.0,2.2,No,0
1932,1847.0,359,@mvidalteam_897,X,Repost/Cita,"KAI ES CULPABLE, ya hay pruebas, no lo defiendan más #CancelenAKai",#CancelenAKai,,2026-03-15 05:33:11,Bot_Sospechoso,2.9,2794,65.0,20.0,No,0
1933,1856.0,35,@ricardo_00,X,Comentario,no puedo creer lo que está pasando con Kai y todavía falta que hable Kai 😭😭,#Cancelado #QueDijoKai,,2026-03-15 05:20:31,Anónimo,1551.1,1838,7.0,1.4,No,0
1934,1776.0,376,@despiertaya_109,X,Repost/Cita,"confirmado, Kai amañó el sorteo, pasen la voz #CancelenAKai",#CancelenAKai,,2026-03-15 04:51:49,Bot_Sospechoso,1.7,25160,40.0,7.8,No,2
1935,1908.0,318,@angie03,TikTok,Repost/Cita,yo creo que hay que esperar antes de sacar conclusiones y cada rato cambia la versión 🤔,,,2026-03-15 05:34:33,Cuenta_Nueva,9.1,180,139.0,4.7,No,0
1936,1701.0,180,@lilianacruz_real,X,Comentario,"todo mundo subiendo teorías, nadie subiendo pruebas de verdad...",#KaiEsInocente #EvaluandoLaSituacion,,2026-03-15 03:35:28,Fan_Antiguo,1202.1,3063,96.0,3.2,No,0
1937,1921.0,312,@ricardocun,TikTok,Comentario,@UrbanKrew ustedes ya sabían de esto o no? necesitamos que hablen,#QueDijoKai,PulsoTech,2026-03-15 04:31:11,Anónimo,0.3,171,30.0,0.2,No,2
1938,1801.0,190,@carlosmedinatv,TikTok,Repost/Cita,alguien me explica bien qué fue lo que pasó anoche sinceramente,,,2026-03-15 04:28:58,Verificado,1927.5,11752,10.0,0.1,No,1
1939,1725.0,75,@cristianmedina_,X,Comentario,si esto resulta ser falso alguien tiene que responder por el daño y cada rato cambia la versión,#EvaluandoLaSituacion #KaiMentiroso,,2026-03-15 04:19:47,Fan_Antiguo,30.0,58934,147.0,0.4,No,1
1940,1932.0,158,@nataliacun,TikTok,Comentario,"dicen que según un grupo de Facebook, esto ya se sabía desde hace meses",#KaiDuarte #FueraKai,,2026-03-15 05:59:38,Anónimo,30.0,624,49.0,8.1,No,0
1941,1779.0,360,@despiertaya_807,TikTok,Repost/Cita,"confirmado, Kai amañó el sorteo, pasen la voz #CancelenAKai",#CancelenAKai,,2026-03-15 03:43:54,Bot_Sospechoso,0.2,11849,103.0,5.5,No,0
1942,1594.0,83,@luisa_ug,X,Comentario,dejen a la gente en paz hasta que se sepa la verdad y cada rato cambia la versión,,,2026-03-15 04:16:12,Fan_Antiguo,1570.9,988,25.0,1.9,No,0
1943,1752.0,58,@paulacun,X,Comentario,"  la marca ya se está lavando las manos, típico otra vez   ",,,2026-03-15 03:31:50,Verificado,1052.5,20877,26.0,0.1,No,0
1944,1807.0,18,@paula15,X,Comentario,"Cada rato sale un testigo nuevo, esto ya parece novela sinceramente",,,2026-03-15 05:32:41,Verificado,1607.4,3263,298.0,4.4,No,1
1945,1734.0,311,@wilson2020,TikTok,Comentario,"El clip completo, sin el corte de 14 segundos, cuenta una historia distinta",,,2026-03-15 04:19:40,Cuenta_Nueva,15.0,121,110.0,5.7,No,6
1946,1927.0,427,@fansdekai_532,Instagram,Comentario,"esas capturas ya las vi hace años en otro escándalo, esto es reciclado",#JusticiaParaKai,,2026-03-15 05:11:28,Anónimo,1350.2,110,282.0,17.1,No,3
1947,1929.0,312,@ricardocun,TikTok,Comentario,actualización: yo estaba conectado desde el minuto uno y no vi nada extraño,#QueDijoKai #EvaluandoLaSituacion,,2026-03-15 04:18:39,Anónimo,0.3,171,791.0,2.4,No,3
1948,1640.0,156,@wilson_uni,X,Comentario,"esto se puso serio rapidísimo, hace una hora era chisme otra vez",#QueDijoKai #KaiEsInocente,,2026-03-15 03:41:23,Anónimo,540.8,1025,80.0,0.1,No,0
1949,1902.0,364,@noloocultes_944,X,Repost/Cita,esto es un ESCÁNDALO y las marcas lo están tapando #CancelenAKai,#CancelenAKai,,2026-03-15 05:11:48,Bot_Sospechoso,2.0,138707,124.0,17.5,No,0
1950,1750.0,234,@david03,X,Transcripción de audio/video,honestamente ya perdí la cuenta de cuántas pruebas van y todavía falta que hable Kai...,#EvaluandoLaSituacion #QueDijoKai,,2026-03-15 05:06:15,Fan_Antiguo,1143.8,3770,27.0,0.1,No,1
1951,1850.0,330,@johana_uni,Instagram,Repost/Cita,"sea cual sea la verdad, la forma en que se está manejando esto es un desastre otra vez.",,,2026-03-15 03:03:38,Cuenta_Nueva,0.0,444,53.0,1.8,No,0
1952,1797.0,301,@harold99,X,Comentario,yo sigo esperando que Kai diga algo sinceramente,,,2026-03-15 05:08:15,Anónimo,12.6,293,8.0,2.7,No,1
1953,1855.0,157,@jorgepardo03,Foro anónimo,Comentario,mis amigas y yo llevamos toda la noche hablando de esto y todavía falta que hable Kai,,,2026-03-15 03:29:42,Anónimo,1414.8,20991,71.0,1.0,No,0
1954,1697.0,213,@julianortiz_col,Instagram,Transcripción de audio/video,"yo hacía memes de Kai, ahora no sé ni qué publicar",#KaiDuarte #KaiEsInocente,,2026-03-15 04:47:39,Anónimo,1832.8,3359,30.0,3.0,No,0
1955,1705.0,384,@despiertaya_630,X,Repost/Cita,"no dejen que borren la evidencia, guarden capturas ya #CancelenAKai",#CancelenAKai,,2026-03-15 02:57:55,Bot_Sospechoso,0.1,40015,79.0,23.0,No,2
1956,1705.0,369,@mvidalteam_730,TikTok,Repost/Cita,"KAI ES CULPABLE, ya hay pruebas, no lo defiendan más #CancelenAKai",#CancelenAKai,,2026-03-15 03:18:26,Bot_Sospechoso,2.8,5644,62.0,21.2,No,0
1957,1884.0,72,@sebastian15,X,Comentario,"dato: seguí el proceso desde el chat en vivo, a mí se vio transparente",#Cancelado,,2026-03-15 03:37:10,Fan_Antiguo,722.8,1574,1087.0,2.0,No,3
1958,,447,@RedFactCheckCo,X,Post original,"El patrón de creación de cuentas alrededor de este tema es atípico, seguimos documentando.",#VerificaAntesDeCompartir,,2026-03-15 00:59:09,Verificado,3000.0,210000,441.0,5.0,No,2
1959,,95,@adrianacastro03,Instagram,Comentario,honestamente ya perdí la cuenta de cuántas pruebas van y las marcas ni se han pronunciado bien...,#QueDijoKai,,2026-03-15 02:34:32,Anónimo,1581.4,1951,79.0,0.1,No,0
1960,1934.0,351,@noloocultes_349,X,Repost/Cita,"no dejen que borren la evidencia, guarden capturas ya #CancelenAKai",#CancelenAKai,,2026-03-15 04:52:40,Bot_Sospechoso,1.1,21880,116.0,27.0,No,0
1961,1814.0,221,@carlosbogota,X,Comentario,actualización: nadie de los que participamos notó nada fuera de lo normal esa noche,#KaiDuarte #QueDijoKai,,2026-03-15 06:07:46,Bot_Sospechoso,688.7,2235,67.0,1.7,No,3
1962,1792.0,367,@noloocultes_218,X,Repost/Cita,esto es un ESCÁNDALO y las marcas lo están tapando #CancelenAKai,#CancelenAKai,,2026-03-15 06:28:24,Bot_Sospechoso,1.0,4889,166.0,18.8,No,0
1963,1911.0,122,@ricardo_real,TikTok,Descripción de captura,"la marca ya se está lavando las manos, típico sinceramente 😭😭",,,2026-03-15 02:59:22,Fan_Antiguo,919.2,3307,218.0,1.3,No,0
1964,1890.0,17,@ricardo_ug,X,Comentario,dejen a la gente en paz hasta que se sepa la verdad y cada rato cambia la versión.,,,2026-03-15 04:11:25,Anónimo,30.0,6602,176.0,2.0,No,0
1965,1734.0,214,@karenrojassabana,Instagram,Comentario,"para que sepan: seguí el proceso desde el chat en vivo, a mí se vio transparente",#JusticiaParaKai,,2026-03-15 04:55:43,Verificado,971.4,364,191.0,4.2,No,3
1966,1878.0,116,@carolina_00,Instagram,Comentario,yo sigo esperando que Kai diga algo y todavía falta que hable Kai...,,,2026-03-15 04:16:24,Verificado,985.8,604,13.0,4.0,No,0
1967,1688.0,335,@manuelapinzon,TikTok,Comentario,la gente ya no espera pruebas para cancelar a nadie la verdad,,,2026-03-15 04:23:33,Cuenta_Nueva,7.0,106,33.0,4.7,No,0
1968,1821.0,300,@ivan2020,X,Comentario,"para que sepan: el clip completo, sin el corte de 14 segundos, cuenta una historia distinta",#Cancelado,,2026-03-15 05:02:54,Cuenta_Nueva,17.7,815,148.0,9.1,No,6
1969,1656.0,91,@cesarramirezcun,X,Repost/Cita,dejen a la gente en paz hasta que se sepa la verdad y cada rato cambia la versión 😭😭,#Cancelado,,2026-03-15 05:45:34,Verificado,2835.2,1010,48.0,0.1,No,0
1970,1896.0,282,@daniela22,X,Comentario,"posta que vi un live reaccionando que desmontó todo, aunque no lo vi completo",#Cancelado #KaiDuarte,,2026-03-15 04:07:03,Cuenta_Nueva,6.0,153,45.0,10.4,Sí (idéntico a publicación de 2023 sobre otro creador),1
1971,,267,@camilacastro34,Instagram,Repost/Cita,"esto ya lo vi venir hace rato, algo raro pasaba de verdad 🤔",#Cancelado #KaiDuarte,,2026-03-15 03:36:27,Anónimo,15.2,433,47.0,4.4,No,0
1972,1738.0,55,@samuelco,X,Comentario,"yo creo que la plataforma que usaron para el sorteo es auditable, cualquiera puede revisarla",#KaiDuarte,,2026-03-15 02:11:27,Fan_Antiguo,123.3,7061,56.0,6.3,No,2
1973,1898.0,342,@kevin_00,TikTok,Comentario,yo creo que el ganador de mi ciudad sí recibió el premio sin ningún inconveniente,#QueDijoKai #EvaluandoLaSituacion,,2026-03-15 03:42:38,Cuenta_Nueva,18.5,10457,180.0,2.5,No,1
1974,1895.0,289,@gabrielarojas,X,Transcripción de audio/video,"yo hacía memes de Kai, ahora no sé ni qué publicar de verdad...",,,2026-03-15 05:21:39,Cuenta_Nueva,0.0,2339,80.0,0.4,No,1
1975,,38,@yesid,TikTok,Comentario,esto va a ser tendencia todo el día seguro y nadie sabe ni qué creer,#KaiEsInocente,,2026-03-15 00:45:33,Anónimo,1156.1,1653,104.0,0.9,No,0
1976,,202,@melissagomez_11,X,Repost/Cita,"esto se puso serio rapidísimo, hace una hora era chisme la verdad",#Cancelado,,2026-03-15 03:33:33,Anónimo,1288.8,466,123.0,1.2,No,0
1977,1521.0,47,@felipex,TikTok,Descripción de captura,yo vine a leer los comentarios que siempre son mejores que la noticia sinceramente,,,2026-03-15 03:20:52,Verificado,1856.1,893,41.0,1.5,No,1
1978,1878.0,321,@antonianino_11,Instagram,Comentario,"pobre la gente que ganó de verdad el sorteo, ahora todos van a dudar de ellos y nadie sabe ni qué creer.",#KaiDuarte,,2026-03-15 04:20:02,Cuenta_Nueva,4.7,191,60.0,0.6,No,0
1979,,116,@carolina_00,TikTok,Repost/Cita,cada hora aparece un ángulo nuevo de esto y cada rato cambia la versión,,,2026-03-15 02:23:05,Verificado,985.8,604,46.0,1.8,No,1
1980,1917.0,292,@valentinasuarez_real,X,Comentario,dicen que hay un audio filtrado completo pero nadie lo ha mostrado,#QueDijoKai,,2026-03-15 05:32:40,Anónimo,6.5,446,868.0,7.3,Posible (similar a una publicación anterior),1
1981,1782.0,288,@monicatv,Foro anónimo,Descripción de captura,Yo creo que hay que esperar antes de sacar conclusiones otra vez,#QueDijoKai #Cancelado,,2026-03-15 04:35:31,Anónimo,7.2,413,52.0,3.1,No,0
1982,1643.0,107,@tomascastro_,X,Comentario,actualización: nadie de los que participamos notó nada fuera de lo normal esa noche,#Cancelado,,2026-03-15 04:17:10,Anónimo,1158.0,1947,166.0,1.8,No,0
1983,1846.0,167,@sofialopezx,X,Comentario,Increíble como en una noche esto se salió de control de verdad,#QueDijoKai #FakeNews,,2026-03-15 03:52:50,Fan_Antiguo,794.3,5818,11.0,0.6,No,2
1984,1853.0,355,@apoyomateo_602,TikTok,Repost/Cita,"no dejen que borren la evidencia, guarden capturas ya #CancelenAKai",#CancelenAKai,,2026-03-15 04:19:29,Bot_Sospechoso,1.5,3987,214.0,0.1,No,0
1985,1618.0,179,@hector15,Foro anónimo,Comentario,El trending de hoy tenía que ser esto obviamente,#EvaluandoLaSituacion,,2026-03-15 04:32:26,Anónimo,1917.0,11210,146.0,2.9,No,2
1986,1774.0,7,@juliana_ug,Foro anónimo,Comentario,"cada quien cree lo que quiere creer, ya nadie mira pruebas y las marcas ni se han pronunciado bien",#EvaluandoLaSituacion,,2026-03-15 04:02:17,Verificado,240.9,1015,26.0,3.4,No,0
1987,1869.0,188,@santiago22,Instagram,Comentario,"honestamente, la plataforma que usaron para el sorteo es auditable, cualquiera puede revisarla",#QueDijoKai,,2026-03-15 04:55:23,Fan_Antiguo,2439.2,194,1224.0,3.3,No,4
1988,1927.0,408,@teamkai_358,X,Comentario,"eso que están pasando como prueba nueva es de un caso viejo, no es de ahora",#JusticiaParaKai,,2026-03-15 05:14:42,Anónimo,729.5,521,100.0,3.6,No,1
1989,1978.0,321,@antonianino_11,TikTok,Comentario,circula que una cuenta que no conozco subió una captura que supuestamente confirma todo,#KaiMentiroso,,2026-03-15 04:26:04,Cuenta_Nueva,4.7,191,344.0,11.8,No,0
1990,1717.0,313,@felipesalazar03,X,Comentario,"ojo con esto: según un grupo de Facebook, esto ya se sabía desde hace meses",#CancelenAKai,,2026-03-15 03:00:29,Anónimo,0.6,52,261.0,4.6,No,0
1991,1917.0,275,@ximenabogota,X,Comentario,"ojo con esto: según un grupo de Facebook, esto ya se sabía desde hace meses",,,2026-03-15 06:09:40,Cuenta_Nueva,5.0,676,421.0,13.1,No,0
1992,1914.0,324,@david_00,X,Descripción de captura,dejen a la gente en paz hasta que se sepa la verdad sin exagerar...,#EvaluandoLaSituacion,,2026-03-15 01:50:46,Anónimo,2.3,146,164.0,3.0,No,0
1993,1826.0,329,@monica34,X,Comentario,Ojo con esto: alguien juró que tiene capturas del chat privado pero nunca las publicó,#EvaluandoLaSituacion #QueDijoKai,,2026-03-15 05:21:46,Cuenta_Nueva,19.9,548,362.0,0.1,No,1
1994,,251,@miguel_col,Instagram,Comentario,"la marca ya se está lavando las manos, típico y las marcas ni se han pronunciado bien",,,2026-03-15 04:08:18,Fan_Antiguo,1376.3,7608,11.0,4.7,No,0
1995,1984.0,38,@yesid,Instagram,Comentario,Me acaban de contar que una cuenta que no conozco subió una captura que supuestamente confirma todo,#FueraKai,,2026-03-15 04:23:43,Anónimo,1156.1,1653,609.0,0.1,No,1
1996,1919.0,138,@carloslopezbogota,TikTok,Comentario,yo creo que nadie de los que participamos notó nada fuera de lo normal esa noche,#YoLeCreoAKai,,2026-03-15 04:19:59,Fan_Antiguo,30.0,9800,55.0,3.1,No,2
1997,1935.0,178,@sofiasalazarcun,X,Comentario,"esto ya lo vi venir hace rato, algo raro pasaba y nadie sabe ni qué creer.",,,2026-03-15 05:36:10,Verificado,1747.0,8260,7.0,0.4,No,0
1998,1917.0,157,@jorgepardo03,X,Repost/Cita,no había visto esta cantidad de gente opinando de algo en meses ya en serio,#FueraKai,,2026-03-15 05:38:40,Anónimo,1414.8,20991,424.0,3.5,No,0
1999,1804.0,60,@alejandropinzon99,Instagram,Comentario,el ganador de mi ciudad sí recibió el premio sin ningún inconveniente,,,2026-03-15 03:26:21,Anónimo,1712.2,2331,37.0,0.1,Posible (similar a una publicación anterior),2
2000,1689.0,259,@karensuarez,Instagram,Comentario,en mi casa no se habla de otra cosa desde anoche ya en serio...,#EvaluandoLaSituacion #QueDijoKai,,2026-03-15 03:37:48,Anónimo,4.1,3606,94.0,1.6,No,0
2001,1633.0,38,@yesid,X,Comentario,yo esperaría el comunicado oficial antes de opinar la verdad...,,,2026-03-15 05:49:00,Anónimo,1156.1,1653,134.0,2.2,No,1
2002,1902.0,304,@adrianariostv,Foro anónimo,Comentario,Ojo con esto: circula el rumor de que hay más pruebas guardadas para después,#CancelenAKai,,2026-03-15 05:12:58,Cuenta_Nueva,13.2,764,37.0,6.5,No,0
2003,1945.0,130,@brayan_,Instagram,Comentario,"actualización: la plataforma que usaron para el sorteo es auditable, cualquiera puede revisarla",,,2026-03-15 04:24:25,Verificado,413.0,160,134.0,5.8,No,1
2004,1892.0,401,@porsiempreKai_785,Instagram,Comentario,"si escuchan el audio completo, Kai está bromeando, no confesando nada",#JusticiaParaKai,,2026-03-15 04:24:29,Anónimo,250.2,268,106.0,13.8,No,3
2005,,16,@lilianapinzonbogota,X,Descripción de captura,"pobre la gente que ganó de verdad el sorteo, ahora todos van a dudar de ellos sin exagerar",#Cancelado,,2026-03-15 02:32:22,Fan_Antiguo,809.0,2277,29.0,2.6,No,0
2006,1921.0,221,@carlosbogota,TikTok,Comentario,esto se siente exactamente igual a lo del año pasado con otro streamer y nadie sabe ni qué creer,#JusticiaParaKai,,2026-03-15 04:10:50,Fan_Antiguo,688.7,2235,12.0,1.0,No,0
2007,1668.0,247,@antonia2020,Instagram,Comentario,la cantidad de cuentas nuevas comentando esto me da mala espina sinceramente,#KaiDuarte,,2026-03-15 03:56:55,Verificado,881.8,4732,20.0,1.4,No,0
2008,1791.0,149,@paola,Instagram,Descripción de captura,yo vine a leer los comentarios que siempre son mejores que la noticia sin exagerar,,,2026-03-15 02:52:36,Fan_Antiguo,890.2,6350,32.0,0.1,No,0
2009,1868.0,401,@porsiempreKai_785,TikTok,Comentario,el historial de Kai con sus sorteos ha sido limpio siempre,#JusticiaParaKai,,2026-03-15 05:03:59,Anónimo,250.2,268,456.0,10.2,No,2
2010,,341,@manuelaortizsabana,X,Transcripción de audio/video,yo sigo esperando que Kai diga algo ya en serio,,,2026-03-15 04:05:24,Cuenta_Nueva,11.3,220,5.0,5.1,No,1
2011,,137,@ricardomorenocun,Instagram,Transcripción de audio/video,honestamente ya perdí la cuenta de cuántas pruebas van la verdad,#QueDijoKai,,2026-03-15 01:32:51,Fan_Antiguo,1378.5,3271,7.0,1.9,No,0
2012,1882.0,44,@santiago_,Instagram,Comentario,esto se siente exactamente igual a lo del año pasado con otro streamer ya en serio...,,,2026-03-15 03:11:36,Verificado,30.0,172,59.0,1.8,No,1
2013,2001.0,27,@cristiancruz15,Instagram,Comentario,"sea cual sea la verdad, la forma en que se está manejando esto es un desastre la verdad...",#CancelenAKai #EvaluandoLaSituacion,,2026-03-15 05:59:24,Fan_Antiguo,122.4,272,20.0,6.5,No,1
2014,1865.0,372,@mvidalteam_151,TikTok,Repost/Cita,"COMPARTAN esto antes de que lo borren, la verdad sobre Kai #CancelenAKai",#CancelenAKai,,2026-03-15 03:05:51,Bot_Sospechoso,1.0,4811,238.0,26.6,No,0
2015,,263,@claudiavargas22,X,Post original,me parece raro que UrbanKrew se pronuncie tan rápido sin saber toda la historia,#KaiDuarte,UrbanKrew,2026-03-15 02:45:10,Anónimo,6.8,214,28.0,3.7,No,1
2016,1874.0,226,@camilasuarezbogota,TikTok,Comentario,si esto resulta ser falso alguien tiene que responder por el daño.,,,2026-03-15 04:06:13,Fan_Antiguo,1132.7,446,4.0,1.0,No,0
2017,1838.0,173,@mateox,Instagram,Descripción de captura,Esto habla más de nosotros como internet que de Kai la verdad y cada rato cambia la versión,#FakeNews #EvaluandoLaSituacion,,2026-03-15 03:16:54,Verificado,604.3,958,28.0,2.5,No,1
2018,1941.0,324,@david_00,X,Comentario,Circula que un influencer chiquito aseguró que tiene pruebas pero no las ha mostrado,#KaiMentiroso #EvaluandoLaSituacion,,2026-03-15 03:47:54,Anónimo,2.3,146,115.0,14.7,Sí (idéntico a publicación de 2023 sobre otro creador),1
2019,1882.0,213,@julianortiz_col,TikTok,Comentario,no puedo creer lo que está pasando con Kai otra vez 💀,#QueDijoKai #OjoConEstoKai,,2026-03-15 03:18:37,Anónimo,1832.8,3359,68.0,5.5,No,0
2020,1985.0,193,@tatiana,Instagram,Transcripción de audio/video,"cada rato sale un testigo nuevo, esto ya parece novela y cada rato cambia la versión.",#Cancelado,,2026-03-15 04:34:28,Anónimo,486.5,1215,68.0,2.2,No,1
2021,1918.0,75,@cristianmedina_,TikTok,Comentario,actualización: yo estaba conectado desde el minuto uno y no vi nada extraño,#QueDijoKai #Cancelado,,2026-03-15 06:13:23,Fan_Antiguo,30.0,58934,52.0,5.3,No,1
2022,1984.0,262,@oscarpinzon,X,Comentario,"posta que me contaron que alguien del equipo renunció por esto, sin confirmación",#QueDijoKai,,2026-03-15 04:31:56,Cuenta_Nueva,0.2,142,,13.5,Posible (similar a una publicación anterior),1
2023,1982.0,234,@david03,X,Comentario,"seguí el proceso desde el chat en vivo, a mí se vio transparente",,,2026-03-15 04:20:09,Fan_Antiguo,1143.8,3770,33.0,0.1,No,2
2024,,73,@lilianarios_00,Instagram,Repost/Cita,la cantidad de cuentas nuevas comentando esto me da mala espina de verdad...,,,2026-03-15 03:30:04,Fan_Antiguo,248.8,8978,130.0,0.1,No,0
2025,1828.0,326,@ricardo_uni,X,Repost/Cita,en mi casa no se habla de otra cosa desde anoche ya en serio,#QueDijoKai #Cancelado,,2026-03-15 03:54:12,Anónimo,10.3,901,51.0,1.2,No,0
2026,1966.0,153,@tatianalopez_,X,Repost/Cita,si esto resulta ser falso alguien tiene que responder por el daño y todavía falta que hable Kai...,#KaiDuarte,,2026-03-15 04:27:41,Anónimo,4000.0,5982,64.0,0.1,No,0
2027,,343,@angie07,X,Post original,no puedo creer lo que está pasando con Kai la verdad 🤔🤔,#VerificaAntesDeCompartir,,2026-03-15 03:59:04,Cuenta_Nueva,21.7,613,116.0,2.4,No,0
2028,1976.0,203,@danielaperez2020,Instagram,Comentario,Yo esperaría el comunicado oficial antes de opinar sinceramente,,,2026-03-15 04:00:34,Verificado,30.0,3012,71.0,4.4,No,1
2029,1859.0,307,@adrianacun,Foro anónimo,Comentario,ojo con esto: un influencer chiquito aseguró que tiene pruebas pero no las ha mostrado,#FueraKai,,2026-03-15 04:04:07,Cuenta_Nueva,17.8,24,169.0,3.6,No,0
2030,1761.0,114,@tomaspinzonsabana,TikTok,Comentario,"honestamente, nadie de los que participamos notó nada fuera de lo normal esa noche",,,2026-03-15 03:05:51,Fan_Antiguo,30.0,1697,159.0,6.0,No,3
2031,,445,@DatosClarosCo,X,Post original,Pedimos cautela: varias publicaciones repiten el mismo texto casi palabra por palabra en minutos.,#VerificaAntesDeCompartir,,2026-03-15 01:33:36,Verificado,2400.0,130000,876.0,9.0,No,0
2032,1708.0,261,@camilalopez99,X,Comentario,la cantidad de cuentas nuevas comentando esto me da mala espina otra vez,#Cancelado,,2026-03-15 03:01:28,Anónimo,1.5,5573,43.0,5.3,No,0
2033,1767.0,55,@samuelco,TikTok,Descripción de captura,en mi casa no se habla de otra cosa desde anoche ya en serio,#EvaluandoLaSituacion,,2026-03-15 05:58:39,Fan_Antiguo,123.3,7061,15.0,2.8,No,0
2034,1664.0,252,@karen_col,X,Repost/Cita,si esto no se aclara hoy se va a armar una novela de meses y eso que apenas empieza el día,,,2026-03-15 03:40:53,Verificado,2028.8,5252,97.0,4.1,No,1
2035,2000.0,323,@jhonmedina15,X,Comentario,"UrbanKrew lleva media hora sin responder nada, mal ahí",,NovaVolt,2026-03-15 03:53:13,Cuenta_Nueva,17.5,1391,50.0,3.1,No,0
2036,,46,@david,TikTok,Comentario,"UrbanKrew lleva media hora sin responder nada, mal ahí",#KaiDuarte,UrbanKrew,2026-03-15 01:48:21,Fan_Antiguo,1595.0,587,65.0,2.1,No,0
2037,2029.0,268,@viviana_real,X,Comentario,ojo con esto: un tiktok con millones de vistas ya lo dio por hecho,#KaiDuarte #Cancelado,,2026-03-15 04:07:09,Cuenta_Nueva,10.6,1154,932.0,10.9,Sí (idéntico a publicación de 2023 sobre otro creador),0
2038,1957.0,248,@nicolaspinzon22,Foro anónimo,Comentario,el que suba a defenderlo sin pruebas también me da desconfianza 😳😳,#Cancelado,,2026-03-15 03:40:19,Anónimo,1947.6,12516,39.0,2.3,No,0
2039,2015.0,295,@kevin15,X,Comentario,me acaban de contar que circula una lista de pruebas pero ninguna se puede verificar bien,#CancelenAKai,,2026-03-15 02:48:40,Anónimo,22.8,699,258.0,11.4,Sí (idéntico a publicación de 2023 sobre otro creador),1
2040,1848.0,239,@oscarrojascun,Instagram,Comentario,"yo hacía memes de Kai, ahora no sé ni qué publicar 😭😭",#KaiDuarte #QueDijoKai,,2026-03-15 04:07:32,Anónimo,1224.3,1924,117.0,1.1,No,0
2041,1673.0,271,@manuela34,X,Transcripción de audio/video,yo vine a leer los comentarios que siempre son mejores que la noticia sin exagerar,#EvaluandoLaSituacion,,2026-03-15 03:06:42,Anónimo,6.3,555,6.0,1.2,No,0
2042,,257,@carolinaramirez34,Instagram,Comentario,esto se siente exactamente igual a lo del año pasado con otro streamer otra vez 🤔🤔,,,2026-03-15 03:00:40,Anónimo,7.3,69,38.0,1.5,No,1
2043,1941.0,314,@esteban_uni,Foro anónimo,Repost/Cita,increíble como en una noche esto se salió de control sinceramente,#Cancelado #FueraKai,,2026-03-15 03:54:36,Anónimo,4.7,256,130.0,3.5,No,0
2044,1986.0,224,@jorgecardenasbogota,X,Comentario,"NovaVolt lleva media hora sin responder nada, mal ahí",,NovaVolt,2026-03-15 04:03:43,Fan_Antiguo,742.1,1582,53.0,0.1,No,0
2045,1746.0,292,@valentinasuarez_real,TikTok,Comentario,La cantidad de cuentas nuevas comentando esto me da mala espina y todavía falta que hable Kai...,#EvaluandoLaSituacion,,2026-03-15 04:04:15,Anónimo,6.5,446,66.0,2.9,No,0
2046,2034.0,187,@kevingomez03,Instagram,Comentario,"cada quien cree lo que quiere creer, ya nadie mira pruebas otra vez",,,2026-03-15 03:53:08,Fan_Antiguo,454.0,24484,335.0,1.5,No,0
2047,,217,@natalia,TikTok,Comentario,Honestamente ya perdí la cuenta de cuántas pruebas van sin exagerar,#EvaluandoLaSituacion #YoLeCreoAKai,,2026-03-15 03:01:52,Anónimo,944.4,1630,16.0,2.5,No,0
2048,1672.0,327,@yuliana07,Instagram,Comentario,NovaVolt debería esperar los resultados antes de tomar una decisión así de grande,#JusticiaParaKai #QueDijoKai,NovaVolt,2026-03-15 05:31:15,Cuenta_Nueva,14.7,52,7.0,1.8,No,0
2049,,139,@gabrielanino_real,X,Comentario,@PulsoTech ustedes ya sabían de esto o no? necesitamos que hablen,#Cancelado,UrbanKrew,2026-03-15 02:48:52,Anónimo,2428.8,1858,,2.5,No,0
2050,1967.0,307,@adrianacun,X,Comentario,"que fastidio, otra vez cancelando a alguien sin dejarlo hablar otra vez 🤔🤔",#KaiDuarte,,2026-03-15 04:33:49,Cuenta_Nueva,17.8,24,17.0,2.4,No,0
2051,,227,@fabian03,X,Comentario,"cada quien cree lo que quiere creer, ya nadie mira pruebas",#KaiMentiroso,,2026-03-15 02:21:22,Anónimo,865.1,645,18.0,0.3,No,0
2052,1777.0,127,@diegocun,X,Transcripción de audio/video,"Que fastidio, otra vez cancelando a alguien sin dejarlo hablar de verdad",#Cancelado,,2026-03-15 05:07:32,Fan_Antiguo,1580.1,1614,55.0,1.7,No,1
2053,1822.0,50,@ivanalarcon_col,TikTok,Comentario,"a mi me da igual, no sigo a Kai pero el trending me tiene aquí leyendo y eso que apenas empieza el día.",#KaiDuarte,,2026-03-15 05:32:19,Anónimo,2157.2,12104,68.0,2.6,No,0
2054,1990.0,266,@gabrielasabana,X,Comentario,Dicen que un tiktok con millones de vistas ya lo dio por hecho,#KaiDuarte #KaiMentiroso,,2026-03-15 03:24:10,Cuenta_Nueva,13.9,1813,108.0,11.5,Sí (idéntico a publicación de 2023 sobre otro creador),1
2055,1927.0,427,@fansdekai_532,X,Comentario,el recorte de 14 segundos le quita todo el contexto a lo que dijo,#JusticiaParaKai,,2026-03-15 06:11:48,Anónimo,1350.2,110,172.0,5.8,No,0
2056,1793.0,139,@gabrielanino_real,TikTok,Comentario,"yo hacía memes de Kai, ahora no sé ni qué publicar y las marcas ni se han pronunciado bien...",#YoLeCreoAKai #KaiEsInocente,,2026-03-15 04:18:02,Anónimo,2428.8,1858,14.0,3.4,No,1
2057,1715.0,179,@hector15,X,Comentario,alguien me explica bien qué fue lo que pasó anoche y eso que apenas empieza el día...,,,2026-03-15 02:55:08,Anónimo,1917.0,11210,27.0,1.8,No,0
2058,1940.0,168,@natalianino98,TikTok,Comentario,literal me desperté y lo primero que vi fue esto sin exagerar,,,2026-03-15 06:00:54,Anónimo,363.6,4660,163.0,4.1,No,1
2059,1955.0,239,@oscarrojascun,Instagram,Comentario,"me acaban de contar que vi un live reaccionando que desmontó todo, aunque no lo vi completo",#KaiMentiroso,,2026-03-15 03:14:26,Anónimo,1224.3,1924,933.0,6.2,Sí (idéntico a publicación de 2023 sobre otro creador),1
2060,1859.0,142,@isabellasabana,X,Comentario,nadie de los que participamos notó nada fuera de lo normal esa noche,,,2026-03-15 04:20:49,Bot_Sospechoso,448.8,11085,112.0,1.8,No,6
2061,,220,@juliannino_00,TikTok,Comentario,esto se siente exactamente igual a lo del año pasado con otro streamer ya en serio 😭,#OjoConEstoKai,,2026-03-15 01:44:26,Verificado,423.8,1149,108.0,2.6,No,0
2062,1957.0,91,@cesarramirezcun,TikTok,Comentario,para que sepan: un conocido trabaja en el canal y dice que ahí todo queda respaldado,#EvaluandoLaSituacion #JusticiaParaKai,,2026-03-15 03:40:10,Verificado,2835.2,1010,109.0,5.0,No,2
2063,,302,@carlos_oficial,TikTok,Descripción de captura,"cada rato sale un testigo nuevo, esto ya parece novela y las marcas ni se han pronunciado bien",,,2026-03-15 02:47:18,Cuenta_Nueva,,9,63.0,1.6,No,0
2064,1789.0,202,@melissagomez_11,X,Comentario,yo creo que nadie de los que participamos notó nada fuera de lo normal esa noche,,,2026-03-15 03:50:33,Anónimo,1288.8,466,252.0,2.9,Posible (similar a una publicación anterior),4
2065,2031.0,153,@tatianalopez_,X,Comentario,dato: seguridad del evento confirmó que hubo varios testigos presentes,,,2026-03-15 01:40:03,Bot_Sospechoso,4000.0,5982,45.0,5.3,No,3
2066,,94,@nataliaramirezsabana,Instagram,Comentario,"sea cual sea la verdad, la forma en que se está manejando esto es un desastre sinceramente 💀",#QueDijoKai,,2026-03-15 03:29:51,Anónimo,1465.7,1005,141.0,1.4,No,0
2067,1945.0,88,@carlosmedina,Instagram,Comentario,yo creo que un conocido trabaja en el canal y dice que ahí todo queda respaldado,,,2026-03-15 04:34:47,Verificado,857.9,1603,1291.0,5.5,No,5
2068,1946.0,307,@adrianacun,TikTok,Descripción de captura,mis amigas y yo llevamos toda la noche hablando de esto de verdad...,#Cancelado,,2026-03-15 05:12:12,Cuenta_Nueva,17.8,24,199.0,4.0,No,0
2069,1989.0,186,@monicarios,TikTok,Descripción de captura,"vi que PulsoTech sacó un comunicado, muy tibio la verdad",#JusticiaParaKai #EvaluandoLaSituacion,NovaVolt,2026-03-15 04:35:08,Anónimo,885.4,3535,329.0,0.9,No,0
2070,1829.0,83,@luisa_ug,X,Transcripción de audio/video,yo esperaría el comunicado oficial antes de opinar y las marcas ni se han pronunciado bien,#JusticiaParaKai,,2026-03-15 03:23:17,Fan_Antiguo,1570.9,988,78.0,0.1,No,0
2071,1807.0,212,@sofiaco,TikTok,Comentario,"esto se puso serio rapidísimo, hace una hora era chisme y las marcas ni se han pronunciado bien 💀💀",#KaiDuarte #QueDijoKai,,2026-03-15 05:26:05,Fan_Antiguo,597.0,3332,246.0,0.3,No,0
2072,,130,@brayan_,X,Descripción de captura,Alguien me explica bien qué fue lo que pasó anoche sinceramente,,,2026-03-15 01:27:26,Bot_Sospechoso,413.0,160,67.0,0.6,No,2
2073,1767.0,287,@lilianax,X,Comentario,Circula que un influencer chiquito aseguró que tiene pruebas pero no las ha mostrado,#CancelenAKai,,2026-03-15 05:53:11,Cuenta_Nueva,20.0,280,127.0,12.3,Sí (idéntico a publicación de 2023 sobre otro creador),1
2074,1899.0,84,@laurasuarez_00,X,Repost/Cita,esto me recuerda a como diez casos parecidos y las marcas ni se han pronunciado bien,#EvaluandoLaSituacion,,2026-03-15 05:09:02,Verificado,911.9,44186,206.0,0.1,No,0
2075,,155,@monicaalarcon22,Instagram,Comentario,yo sigo esperando que Kai diga algo ya en serio,#KaiDuarte,,2026-03-15 01:36:41,Fan_Antiguo,397.5,1537,14.0,2.2,No,0
2076,2021.0,298,@juliancastro_ug,TikTok,Comentario,"Actualización: el clip completo, sin el corte de 14 segundos, cuenta una historia distinta",,,2026-03-15 06:21:26,Anónimo,11.5,268,78.0,5.6,No,1
2077,1858.0,274,@tomaspardotv,X,Comentario,un tiktok con millones de vistas ya lo dio por hecho,,,2026-03-15 03:51:11,Cuenta_Nueva,7.3,52,993.0,18.8,Sí (idéntico a publicación de 2023 sobre otro creador),0
2078,1933.0,278,@isabellaalarcon_11,Foro anónimo,Comentario,posta que circula el rumor de que hay más pruebas guardadas para después,,,2026-03-15 05:21:36,Anónimo,11.2,119,940.0,8.6,No,0
2079,1754.0,262,@oscarpinzon,X,Comentario,mis amigas y yo llevamos toda la noche hablando de esto y eso que apenas empieza el día,#FakeNews,,2026-03-15 03:50:28,Cuenta_Nueva,0.2,142,23.0,3.2,No,0
2080,1960.0,268,@viviana_real,TikTok,Comentario,circula que dicen que hay un audio filtrado completo pero nadie lo ha mostrado,#KaiMentiroso #Cancelado,,2026-03-15 05:09:01,Cuenta_Nueva,10.6,1154,116.0,5.0,Sí (idéntico a publicación de 2023 sobre otro creador),1
2081,1941.0,386,@despiertaya_214,X,Repost/Cita,"confirmado, Kai amañó el sorteo, pasen la voz #CancelenAKai",#CancelenAKai,,2026-03-15 04:46:01,Bot_Sospechoso,2.1,4403,159.0,28.7,No,0
2082,2021.0,120,@sara_real,Instagram,Comentario,Dato: yo estaba conectado desde el minuto uno y no vi nada extraño,,,2026-03-15 06:48:23,Fan_Antiguo,30.0,618,225.0,0.1,Posible (similar a una publicación anterior),4
2083,1970.0,190,@carlosmedinatv,TikTok,Comentario,"posta que me contaron que alguien del equipo renunció por esto, sin confirmación",#KaiDuarte,,2026-03-15 04:09:29,Verificado,1927.5,11752,55.0,6.0,No,1
2084,1827.0,300,@ivan2020,TikTok,Comentario,Circula una lista de pruebas pero ninguna se puede verificar bien,,,2026-03-15 04:23:40,Cuenta_Nueva,17.7,815,1690.0,8.9,Sí (idéntico a publicación de 2023 sobre otro creador),0
2085,1708.0,109,@juanlopez07,Instagram,Comentario,"yo hacía memes de Kai, ahora no sé ni qué publicar sinceramente...",#Cancelado,,2026-03-15 02:54:53,Anónimo,633.6,1789,117.0,1.8,No,1
2086,1984.0,366,@mvidalteam_057,X,Repost/Cita,"KAI ES CULPABLE, ya hay pruebas, no lo defiendan más #CancelenAKai",#CancelenAKai,,2026-03-15 04:25:53,Bot_Sospechoso,2.5,16887,261.0,14.6,No,0
2087,1956.0,40,@claudia_ug,Instagram,Repost/Cita,"esto se puso serio rapidísimo, hace una hora era chisme y cada rato cambia la versión",#QueDijoKai,,2026-03-15 03:27:50,Anónimo,678.4,5987,23.0,3.6,No,0
2088,2067.0,45,@david07,X,Comentario,"actualización: el proceso del sorteo se hizo con testigos externos, no solo del equipo de Kai",#KaiDuarte #Cancelado,,2026-03-15 04:42:18,Verificado,868.5,2340,768.0,7.1,No,0
2089,2004.0,147,@ricardorios2020,X,Comentario,honestamente ya perdí la cuenta de cuántas pruebas van y cada rato cambia la versión,#QueDijoKai,,2026-03-15 04:28:26,Anónimo,188.5,943,124.0,1.8,No,0
2090,1754.0,209,@isabellamoreno99,X,Comentario,yo llevo horas viendo hilos sobre esto en vez de dormir otra vez 🤔🤔,,,2026-03-15 04:07:16,Fan_Antiguo,30.0,659,30.0,1.9,No,0
2091,1819.0,234,@david03,X,Repost/Cita,"todo mundo subiendo teorías, nadie subiendo pruebas otra vez...",,,2026-03-15 05:11:23,Fan_Antiguo,1143.8,3770,16.0,1.1,No,0
2092,2054.0,157,@jorgepardo03,X,Comentario,honestamente ya perdí la cuenta de cuántas pruebas van ya en serio.,#EvaluandoLaSituacion,,2026-03-15 03:54:30,Anónimo,1414.8,20991,49.0,2.6,No,0
2093,1956.0,385,@despiertaya_406,TikTok,Repost/Cita,"no dejen que borren la evidencia, guarden capturas ya #CancelenAKai",#CancelenAKai,,2026-03-15 03:21:05,Bot_Sospechoso,1.5,11369,155.0,2.8,No,0
2094,,147,@ricardorios2020,TikTok,Repost/Cita,"La marca ya se está lavando las manos, típico ya en serio 🤔",#Cancelado #QueDijoKai,,2026-03-15 00:28:22,Anónimo,188.5,943,58.0,2.4,No,0
2095,1927.0,404,@teamkai_817,Instagram,Comentario,"llevo horas buscando la prueba de verdad y no existe, es puro rumor",#JusticiaParaKai,,2026-03-15 05:18:03,Anónimo,796.4,717,60.0,2.0,No,0
2096,,303,@melissa2020,Instagram,Comentario,"que oso si es verdad, y que oso si no lo es y eso que apenas empieza el día",,,2026-03-15 01:54:37,Anónimo,12.1,971,29.0,0.1,No,1
2097,,302,@carlos_oficial,TikTok,Descripción de captura,"esto ya lo vi venir hace rato, algo raro pasaba sinceramente.",,,2026-03-15 01:42:42,Cuenta_Nueva,1.1,9,46.0,1.8,No,0
2098,2094.0,320,@yuliana22,X,Comentario,Yo sigo esperando que Kai diga algo y cada rato cambia la versión,,,2026-03-15 04:19:47,Cuenta_Nueva,18.5,191,25.0,0.1,No,0
2099,2065.0,228,@lilianaco,X,Repost/Cita,esto va a ser tendencia todo el día seguro ya en serio,#Cancelado #EvaluandoLaSituacion,,2026-03-15 03:25:46,Anónimo,30.0,481,62.0,3.6,No,0
2100,2072.0,257,@carolinaramirez34,X,Repost/Cita,ya perdí la cuenta de cuántos hilos van sobre esto y eso que apenas empieza el día,#EvaluandoLaSituacion #Cancelado,,2026-03-15 04:13:25,Anónimo,7.3,69,134.0,0.8,No,1
2101,2029.0,270,@julianacardenas34,TikTok,Comentario,me acaban de contar que supuestamente el ganador real habló pero borró el mensaje rapidísimo,,,2026-03-15 04:08:18,Cuenta_Nueva,0.0,1657,1252.0,3.0,No,0
2102,2003.0,348,@david22,Instagram,Comentario,"Actualización: conozco a alguien que ganó un sorteo anterior de Kai, todo fue legal",#Cancelado #KaiEsInocente,,2026-03-15 04:26:06,Cuenta_Nueva,10.5,106,416.0,6.3,No,2
2103,1919.0,72,@sebastian15,TikTok,Comentario,actualización: un conocido trabaja en el canal y dice que ahí todo queda respaldado,#QueDijoKai,,2026-03-15 04:14:57,Fan_Antiguo,722.8,1574,103.0,5.0,No,2
2104,,268,@viviana_real,X,Comentario,no puedo creer lo que está pasando con Kai y nadie sabe ni qué creer 🤔🤔,#QueDijoKai,,2026-03-15 01:52:38,Cuenta_Nueva,10.6,1154,15.0,0.1,No,0
2105,2102.0,216,@vivianaramirez_ug,TikTok,Comentario,"yo hacía memes de Kai, ahora no sé ni qué publicar y nadie sabe ni qué creer 💀💀",,,2026-03-15 04:34:19,Anónimo,448.1,1917,123.0,1.3,No,1
2106,2024.0,163,@felipeleon_col,X,Comentario,  Esto va a ser tendencia todo el día seguro y eso que apenas empieza el día   ,#Cancelado #QueDijoKai,,2026-03-15 03:37:22,Fan_Antiguo,1225.3,7999,104.0,1.5,No,0
2107,1932.0,348,@david22,TikTok,Comentario,Posta que circula una lista de pruebas pero ninguna se puede verificar bien,#KaiDuarte,,2026-03-15 05:35:54,Cuenta_Nueva,10.5,106,1937.0,14.6,Sí (idéntico a publicación de 2023 sobre otro creador),0
2108,,110,@yuliana,TikTok,Comentario,Ya perdí la cuenta de cuántos hilos van sobre esto y eso que apenas empieza el día 😳😳,,,2026-03-15 02:49:38,Verificado,1050.4,12050,34.0,3.0,No,0
2109,1836.0,336,@juan_ug,X,Repost/Cita,"esto ya lo vi venir hace rato, algo raro pasaba y las marcas ni se han pronunciado bien",,,2026-03-15 04:24:06,Cuenta_Nueva,15.1,127,36.0,0.1,No,0
2110,1915.0,258,@cesarlopez98,X,Comentario,nadie de los que participamos notó nada fuera de lo normal esa noche,#EvaluandoLaSituacion,,2026-03-15 04:13:35,Cuenta_Nueva,10.1,239,112.0,5.2,No,2
2111,,106,@antoniasabana,TikTok,Post original,yo esperaría el comunicado oficial antes de opinar y las marcas ni se han pronunciado bien,#FakeNews,,2026-03-15 01:50:39,Verificado,1562.2,6708,69.0,3.9,No,1
2112,2037.0,296,@johanatv,TikTok,Comentario,me acaban de contar que un influencer chiquito aseguró que tiene pruebas pero no las ha mostrado,#KaiMentiroso,,2026-03-15 04:15:21,Cuenta_Nueva,10.5,139,769.0,12.5,No,0
2113,2106.0,206,@mateo,TikTok,Comentario,Ya perdí la cuenta de cuántos hilos van sobre esto la verdad,#QueDijoKai,,2026-03-15 03:37:58,Fan_Antiguo,431.8,2415,19.0,2.1,No,1
2114,1927.0,427,@fansdekai_532,TikTok,Comentario,"nadie ha mostrado una prueba real, todo son capturas sin verificar",#JusticiaParaKai,,2026-03-15 05:12:31,Anónimo,1350.2,110,171.0,0.1,No,3
2115,1707.0,230,@cesarsalazar15,X,Comentario,"sea cual sea la verdad, la forma en que se está manejando esto es un desastre y cada rato cambia la versión",#KaiMentiroso,,2026-03-15 04:51:17,Anónimo,1087.3,22527,94.0,5.1,No,1
2116,,257,@carolinaramirez34,Foro anónimo,Comentario,cada hora aparece un ángulo nuevo de esto otra vez.,,,2026-03-15 03:19:16,Anónimo,7.3,69,44.0,2.6,No,0
2117,,303,@melissa2020,TikTok,Comentario,yo sigo esperando que Kai diga algo ya en serio 💀💀,#Cancelado #OjoConEstoKai,,2026-03-15 03:26:51,Anónimo,12.1,971,161.0,0.3,No,0
2118,1962.0,311,@wilson2020,X,Comentario,"Me acaban de contar que vi un live reaccionando que desmontó todo, aunque no lo vi completo",#CancelenAKai,,2026-03-15 06:32:48,Cuenta_Nueva,15.0,121,188.0,20.2,Posible (similar a una publicación anterior),0
2119,,160,@juan_11,Foro anónimo,Post original,UrbanKrew debería esperar los resultados antes de tomar una decisión así de grande,#QueDijoKai #YoLeCreoAKai,NovaVolt,2026-03-15 01:31:59,Fan_Antiguo,30.0,12260,31.0,1.8,No,1
2120,1956.0,364,@noloocultes_944,X,Repost/Cita,"COMPARTAN esto antes de que lo borren, la verdad sobre Kai #CancelenAKai",#CancelenAKai,,2026-03-15 03:23:28,Bot_Sospechoso,2.0,138707,322.0,13.8,No,0
2121,1853.0,15,@ivanbogota,X,Repost/Cita,el trending de hoy tenía que ser esto obviamente ya en serio.,,,2026-03-15 03:46:22,Anónimo,398.5,843,127.0,1.8,No,0
2122,,108,@tomas_real,Foro anónimo,Post original,"esto se puso serio rapidísimo, hace una hora era chisme de verdad",,,2026-03-15 02:59:37,Anónimo,1472.9,1767,29.0,1.0,No,1
2123,2086.0,387,@noloocultes_981,X,Repost/Cita,"COMPARTAN esto antes de que lo borren, la verdad sobre Kai #CancelenAKai",#CancelenAKai,,2026-03-15 04:39:39,Bot_Sospechoso,3.0,11156,104.0,25.0,No,0
2124,1934.0,157,@jorgepardo03,X,Comentario,"Pobre la gente que ganó de verdad el sorteo, ahora todos van a dudar de ellos de verdad 💀",,,2026-03-15 04:53:45,Anónimo,1414.8,20991,55.0,0.9,No,0
2125,2077.0,293,@sara_ug,X,Comentario,dicen que un influencer chiquito aseguró que tiene pruebas pero no las ha mostrado,#EvaluandoLaSituacion,,2026-03-15 03:57:42,Anónimo,,1071,406.0,17.8,Posible (similar a una publicación anterior),1
2126,2114.0,391,@fansdekai_508,TikTok,Comentario,"ese clip está cortado, en el audio completo se nota que es sarcasmo",#JusticiaParaKai,,2026-03-15 05:16:56,Fan_Antiguo,0.0,3856,138.0,7.0,No,0
2127,2023.0,67,@antoniacun,X,Comentario,"para que sepan: seguí el proceso desde el chat en vivo, a mí se vio transparente",,,2026-03-15 04:22:03,Anónimo,950.1,330,110.0,2.3,Sí (idéntico a publicación de 2023 sobre otro creador),0
2128,2088.0,225,@yesidgomez_real,X,Comentario,"para que sepan: conozco a alguien que ganó un sorteo anterior de Kai, todo fue legal",,,2026-03-15 04:45:45,Fan_Antiguo,1699.7,2882,144.0,0.1,No,3
2129,1999.0,294,@melissa_,X,Comentario,esto me recuerda a como diez casos parecidos,#QueDijoKai,,2026-03-15 03:52:15,Cuenta_Nueva,14.6,1198,61.0,1.4,No,0
2130,,291,@alejandrolopez2020,X,Descripción de captura,"  a mi me da igual, no sigo a Kai pero el trending me tiene aquí leyendo ya en serio   ",#QueDijoKai #FakeNews,,2026-03-15 03:09:01,Cuenta_Nueva,7.1,2281,17.0,3.6,No,0
2131,1954.0,116,@carolina_00,X,Repost/Cita,cada hora aparece un ángulo nuevo de esto y cada rato cambia la versión.,,,2026-03-15 05:05:18,Verificado,985.8,604,108.0,1.8,No,0
2132,2057.0,67,@antoniacun,X,Comentario,clásico: pasa algo de madrugada y para el mediodía ya todos tienen opinión y las marcas ni se han pronunciado bien...,,,2026-03-15 03:34:09,Anónimo,950.1,330,26.0,2.9,No,2
2133,2132.0,7,@juliana_ug,TikTok,Comentario,Esto va a ser tendencia todo el día seguro ya en serio 💀💀,#KaiDuarte,,2026-03-15 03:35:35,Verificado,240.9,1015,9.0,3.8,No,0
2134,2069.0,310,@lilianacardenas_real,X,Comentario,Me acaban de contar que alguien juró que tiene capturas del chat privado pero nunca las publicó,#FueraKai,,2026-03-15 04:36:23,Anónimo,13.7,85,2213.0,11.9,No,1
2135,1878.0,279,@saratv,TikTok,Comentario,circula que un tiktok con millones de vistas ya lo dio por hecho,#Cancelado,,2026-03-15 04:15:51,Anónimo,7.2,74,68.0,5.6,No,0
2136,2081.0,350,@yulianaleon_real,TikTok,Comentario,me acaban de contar que una cuenta que no conozco subió una captura que supuestamente confirma todo,#KaiMentiroso #CancelenAKai,,2026-03-15 04:47:17,Cuenta_Nueva,0.0,556,289.0,10.9,Sí (idéntico a publicación de 2023 sobre otro creador),1
2137,2111.0,140,@cristianramirez_,TikTok,Comentario,"sea cual sea la verdad, la forma en que se está manejando esto es un desastre la verdad",#EvaluandoLaSituacion,,2026-03-15 02:37:06,Verificado,853.0,1171,36.0,3.9,No,0
2138,2030.0,340,@carlospardoco,X,Comentario,"actualización: vi la transmisión completa dos veces, no encuentro el corte que muestran",,,2026-03-15 03:55:04,Cuenta_Nueva,12.3,86,38.0,4.2,No,2
2139,,205,@andrescruz,Instagram,Repost/Cita,increíble como en una noche esto se salió de control sin exagerar,,,2026-03-15 03:02:02,Anónimo,30.0,14604,42.0,1.7,No,0
2140,2136.0,216,@vivianaramirez_ug,TikTok,Comentario,ojo con esto: una cuenta que no conozco subió una captura que supuestamente confirma todo,#Cancelado,,2026-03-15 04:51:28,Anónimo,448.1,1917,516.0,7.8,Sí (idéntico a publicación de 2023 sobre otro creador),1
2141,,264,@monica2020,X,Post original,no había visto esta cantidad de gente opinando de algo en meses la verdad,,,2026-03-15 02:52:37,Bot_Sospechoso,19.1,11,6.0,3.5,No,1
2142,1949.0,279,@saratv,X,Comentario,me acaban de contar que supuestamente el ganador real habló pero borró el mensaje rapidísimo,,,2026-03-15 05:38:17,Anónimo,7.2,74,1009.0,7.8,No,1
2143,,328,@carolina99,TikTok,Comentario,"que oso si es verdad, y que oso si no lo es y todavía falta que hable Kai...",#KaiEsInocente #QueDijoKai,,2026-03-15 04:17:00,Anónimo,16.4,76,15.0,1.7,No,0
2144,1962.0,132,@kevinriosbogota,TikTok,Comentario,tremendo desorden se armó de la nada anoche y eso que apenas empieza el día...,#EvaluandoLaSituacion,,2026-03-15 06:54:28,Fan_Antiguo,2082.7,1108,46.0,3.9,No,0
2145,2067.0,19,@gabrielamedina07,X,Comentario,"todo mundo subiendo teorías, nadie subiendo pruebas la verdad",#VerificaAntesDeCompartir #KaiDuarte,,2026-03-15 04:42:20,Fan_Antiguo,1199.2,4505,48.0,2.1,No,0
2146,1960.0,365,@despiertaya_531,X,Repost/Cita,"confirmado, Kai amañó el sorteo, pasen la voz #CancelenAKai",#CancelenAKai,,2026-03-15 05:00:42,Bot_Sospechoso,2.6,14140,348.0,18.5,No,0
2147,2064.0,237,@fabianvargas07,X,Comentario,"honestamente, vi la transmisión completa dos veces, no encuentro el corte que muestran",,,2026-03-15 03:53:39,Verificado,1530.9,6462,46.0,4.7,No,0
2148,1989.0,312,@ricardocun,X,Comentario,dicen que dicen que hay un audio filtrado completo pero nadie lo ha mostrado,,,2026-03-15 04:28:10,Anónimo,0.3,171,352.0,9.0,Sí (idéntico a publicación de 2023 sobre otro creador),1
2149,,149,@paola,X,Comentario,mis amigas y yo llevamos toda la noche hablando de esto la verdad.,#VerificaAntesDeCompartir #EvaluandoLaSituacion,,2026-03-15 00:33:09,Fan_Antiguo,890.2,6350,39.0,3.8,No,0
2150,1954.0,219,@ximena98,TikTok,Comentario,honestamente ya perdí la cuenta de cuántas pruebas van y eso que apenas empieza el día,,,2026-03-15 04:52:15,Verificado,1456.4,704,63.0,4.1,No,0
2151,2097.0,271,@manuela34,TikTok,Comentario,si UrbanKrew no rompe el contrato hoy yo dejo de comprarles,,UrbanKrew,2026-03-15 02:30:16,Anónimo,6.3,555,119.0,0.1,No,0
2152,,230,@cesarsalazar15,Instagram,Repost/Cita,clásico: pasa algo de madrugada y para el mediodía ya todos tienen opinión ya en serio,#KaiDuarte,,2026-03-15 02:37:29,Anónimo,1087.3,22527,3.0,4.0,No,0
2153,1957.0,102,@valentinamedina2020,TikTok,Comentario,esto habla más de nosotros como internet que de Kai la verdad y eso que apenas empieza el día,#Cancelado,,2026-03-15 03:51:30,Fan_Antiguo,1475.2,2289,31.0,1.2,No,0
2154,1902.0,56,@viviana_uni,X,Comentario,cada hora aparece un ángulo nuevo de esto sinceramente 😭,#CancelenAKai #FueraKai,,2026-03-15 05:07:36,Fan_Antiguo,1184.2,4271,35.0,0.9,No,0
2155,,288,@monicatv,Instagram,Comentario,"la marca ya se está lavando las manos, típico y todavía falta que hable Kai",,,2026-03-15 03:33:20,Anónimo,7.2,413,124.0,2.3,No,0
2156,2132.0,184,@oscarrios_00,X,Comentario,"pobre la gente que ganó de verdad el sorteo, ahora todos van a dudar de ellos y cada rato cambia la versión",,,2026-03-15 04:46:59,Fan_Antiguo,683.3,1464,43.0,3.2,No,0
2157,1779.0,38,@yesid,X,Descripción de captura,"pobre la gente que ganó de verdad el sorteo, ahora todos van a dudar de ellos de verdad",#EvaluandoLaSituacion,,2026-03-15 03:44:33,Anónimo,1156.1,1653,101.0,3.8,No,0
2158,,129,@isabellabogota,TikTok,Post original,"la marca ya se está lavando las manos, típico...",,,2026-03-15 03:56:36,Fan_Antiguo,470.7,1846,68.0,2.9,No,0
2159,1990.0,3,@nicolas_00,X,Comentario,yo creo que hay que esperar antes de sacar conclusiones de verdad,#KaiMentiroso,,2026-03-15 03:02:43,Verificado,1272.0,1890,67.0,0.1,No,0
2160,2067.0,196,@samuel,X,Comentario,tremendo desorden se armó de la nada anoche otra vez 🤔,#Cancelado #JusticiaParaKai,,2026-03-15 04:41:04,Fan_Antiguo,2152.5,6292,77.0,1.4,No,0
2161,1865.0,300,@ivan2020,Foro anónimo,Comentario,el trending de hoy tenía que ser esto obviamente y todavía falta que hable Kai 💀,#KaiDuarte,,2026-03-15 02:36:14,Cuenta_Nueva,17.7,815,42.0,2.2,No,1
2162,2003.0,200,@sofiasuarez_oficial,TikTok,Comentario,Actualización: yo estaba conectado desde el minuto uno y no vi nada extraño,#EvaluandoLaSituacion,,2026-03-15 04:30:06,Anónimo,1916.5,2891,52.0,3.7,No,2
2163,2162.0,230,@cesarsalazar15,X,Comentario,yo creo que yo estaba conectado desde el minuto uno y no vi nada extraño,#JusticiaParaKai,,2026-03-15 04:33:51,Anónimo,1087.3,22527,65.0,9.1,No,2
2164,1962.0,351,@noloocultes_349,X,Repost/Cita,"no dejen que borren la evidencia, guarden capturas ya #CancelenAKai",#CancelenAKai,,2026-03-15 06:31:54,Bot_Sospechoso,1.1,21880,153.0,4.6,No,0
2165,2087.0,394,@fansdekai_163,Instagram,Comentario,"esa imagen no es nueva, ya circulaba con otro nombre hace tiempo",#JusticiaParaKai,,2026-03-15 03:28:46,Anónimo,716.1,699,136.0,0.1,No,1
2166,,76,@valentinaco,TikTok,Comentario,mis amigas y yo llevamos toda la noche hablando de esto y las marcas ni se han pronunciado bien,#JusticiaParaKai,,2026-03-14 23:53:33,Verificado,1652.5,5797,120.0,3.3,No,0
2167,,110,@yuliana,X,Comentario,clásico: pasa algo de madrugada y para el mediodía ya todos tienen opinión sin exagerar,,,2026-03-15 04:15:16,Verificado,1050.4,12050,45.0,0.1,No,2
2168,2046.0,162,@haroldsalazar,X,Comentario,clásico: pasa algo de madrugada y para el mediodía ya todos tienen opinión ya en serio,,,2026-03-15 03:55:00,Fan_Antiguo,748.1,2236,71.0,1.2,No,0
2169,2102.0,115,@claudiasabana,Foro anónimo,Comentario,"Dato: vi la transmisión completa dos veces, no encuentro el corte que muestran",,,2026-03-15 04:30:26,Fan_Antiguo,638.0,12316,821.0,5.2,No,1
2170,2068.0,216,@vivianaramirez_ug,X,Comentario,"esto se puso serio rapidísimo, hace una hora era chisme ya en serio 🤔",#KaiDuarte,,2026-03-15 05:15:53,Anónimo,448.1,1917,72.0,0.4,No,1
2171,2055.0,396,@kaisquad_927,X,Comentario,"en ningún sorteo anterior de Kai hubo una queja así, raro que ahora sí",#JusticiaParaKai,,2026-03-15 06:16:08,Fan_Antiguo,187.8,3273,292.0,5.3,No,0
2172,2008.0,104,@paulasuarez,X,Repost/Cita,la gente ya no espera pruebas para cancelar a nadie 😳😳,#KaiMentiroso,,2026-03-15 02:55:53,Fan_Antiguo,30.0,1549,252.0,0.1,No,0
2173,2048.0,349,@jorgecun,X,Comentario,"PulsoTech lleva media hora sin responder nada, mal ahí",#Cancelado,PulsoTech,2026-03-15 05:36:07,Cuenta_Nueva,2.2,337,92.0,1.2,No,0
2174,2081.0,142,@isabellasabana,Instagram,Transcripción de audio/video,"esto ya lo vi venir hace rato, algo raro pasaba sin exagerar",,,2026-03-15 04:48:59,Fan_Antiguo,448.8,11085,115.0,1.3,No,0
2175,2082.0,348,@david22,X,Descripción de captura,"pobre la gente que ganó de verdad el sorteo, ahora todos van a dudar de ellos y nadie sabe ni qué creer",,,2026-03-15 06:55:03,Cuenta_Nueva,10.5,106,19.0,1.0,No,1
2176,2165.0,393,@kaisquad_426,Instagram,Comentario,"si escuchan el audio completo, Kai está bromeando, no confesando nada",#JusticiaParaKai,,2026-03-15 03:30:03,Anónimo,671.8,889,96.0,10.5,No,0
2177,1987.0,132,@kevinriosbogota,TikTok,Comentario,ya perdí la cuenta de cuántos hilos van sobre esto y todavía falta que hable Kai...,#FakeNews #EvaluandoLaSituacion,,2026-03-15 05:01:06,Fan_Antiguo,2082.7,1108,69.0,3.6,No,0
2178,2171.0,134,@tatianamedina07,Instagram,Descripción de captura,la cantidad de cuentas nuevas comentando esto me da mala espina la verdad,#QueDijoKai #VerificaAntesDeCompartir,,2026-03-15 06:22:23,Verificado,898.6,490,36.0,4.5,No,0
2179,2059.0,312,@ricardocun,X,Comentario,  circula que un influencer chiquito aseguró que tiene pruebas pero no las ha mostrado   ,,,2026-03-15 03:16:48,Anónimo,0.3,171,655.0,7.8,Posible (similar a una publicación anterior),0
2180,2024.0,95,@adrianacastro03,Instagram,Descripción de captura,esto se siente exactamente igual a lo del año pasado con otro streamer y todavía falta que hable Kai,,,2026-03-15 03:32:05,Anónimo,1581.4,1951,47.0,1.2,No,1
2181,1985.0,349,@jorgecun,Instagram,Comentario,alguien me explica bien qué fue lo que pasó anoche la verdad,,,2026-03-15 04:34:36,Cuenta_Nueva,2.2,337,66.0,3.3,No,0
2182,2172.0,5,@tatiana2020,TikTok,Comentario,alguien me explica bien qué fue lo que pasó anoche y eso que apenas empieza el día.,#QueDijoKai #JusticiaParaKai,,2026-03-15 02:59:20,Verificado,692.0,2193,73.0,2.0,No,1
2183,2084.0,149,@paola,Instagram,Transcripción de audio/video,yo creo que hay que esperar antes de sacar conclusiones la verdad.,#CancelenAKai,,2026-03-15 04:36:28,Fan_Antiguo,890.2,6350,15.0,2.2,No,0
2184,,271,@manuela34,TikTok,Comentario,"esto ya lo vi venir hace rato, algo raro pasaba otra vez",#QueDijoKai,,2026-03-15 03:46:05,Anónimo,6.3,555,106.0,2.4,No,0
2185,2079.0,35,@ricardo_00,Foro anónimo,Transcripción de audio/video,si esto resulta ser falso alguien tiene que responder por el daño y las marcas ni se han pronunciado bien,,,2026-03-15 03:53:28,Anónimo,1551.1,1838,82.0,0.1,No,0
2186,1946.0,262,@oscarpinzon,Instagram,Repost/Cita,honestamente ya perdí la cuenta de cuántas pruebas van sin exagerar,#KaiDuarte,,2026-03-15 05:24:25,Cuenta_Nueva,0.2,142,43.0,0.9,No,2
2187,2065.0,346,@sebastianpardo_real,Instagram,Comentario,"honestamente, yo estaba conectado desde el minuto uno y no vi nada extraño",#JusticiaParaKai #KaiEsInocente,,2026-03-15 04:05:42,Anónimo,12.0,15,182.0,0.1,No,3
2188,2178.0,307,@adrianacun,TikTok,Comentario,increíble como en una noche esto se salió de control y eso que apenas empieza el día,#QueDijoKai,,2026-03-15 06:25:49,Cuenta_Nueva,17.8,24,65.0,0.1,No,1
2189,2027.0,324,@david_00,TikTok,Comentario,"me acaban de contar que vi un live reaccionando que desmontó todo, aunque no lo vi completo",,,2026-03-15 04:00:00,Anónimo,2.3,146,80.0,19.1,Posible (similar a una publicación anterior),0
2190,2112.0,192,@nataliacardenas15,X,Comentario,en mi casa no se habla de otra cosa desde anoche de verdad,#FakeNews,,2026-03-15 04:46:44,Anónimo,517.2,179,23.0,0.6,No,0
2191,2022.0,252,@karen_col,X,Comentario,esto se siente exactamente igual a lo del año pasado con otro streamer,#EvaluandoLaSituacion #CancelenAKai,,2026-03-15 04:35:51,Verificado,2028.8,5252,23.0,3.6,No,0
2192,1991.0,307,@adrianacun,Foro anónimo,Comentario,posta que supuestamente el ganador real habló pero borró el mensaje rapidísimo,,,2026-03-15 06:18:01,Cuenta_Nueva,17.8,24,285.0,5.8,Sí (idéntico a publicación de 2023 sobre otro creador),1
2193,2041.0,109,@juanlopez07,X,Repost/Cita,@UrbanKrew ustedes ya sabían de esto o no? necesitamos que hablen,#VerificaAntesDeCompartir,NovaVolt,2026-03-15 03:09:07,Anónimo,633.6,1789,67.0,2.8,No,0
2194,,250,@luisasabana,TikTok,Comentario,me parece raro que UrbanKrew se pronuncie tan rápido sin saber toda la historia,#QueDijoKai,UrbanKrew,2026-03-15 03:55:49,Fan_Antiguo,2457.1,8429,28.0,0.6,No,0
2195,2126.0,120,@sara_real,X,Comentario,no había visto esta cantidad de gente opinando de algo en meses ya en serio,#FueraKai,,2026-03-15 05:29:09,Fan_Antiguo,30.0,618,114.0,0.1,No,0
2196,,6,@carolina,Instagram,Repost/Cita,Cada hora aparece un ángulo nuevo de esto y nadie sabe ni qué creer...,#JusticiaParaKai #KaiEsInocente,,2026-03-15 02:42:57,Anónimo,1964.7,16177,445.0,3.0,No,0
2197,1848.0,232,@fabianleon,Instagram,Comentario,"vi que UrbanKrew sacó un comunicado, muy tibio la verdad",#EvaluandoLaSituacion,PulsoTech,2026-03-15 04:04:15,Anónimo,1212.4,8191,97.0,2.3,No,1
2198,,202,@melissagomez_11,X,Comentario,yo sigo esperando que Kai diga algo ya en serio,,,2026-03-15 01:45:03,Anónimo,1288.8,466,25.0,1.8,No,0
2199,1985.0,102,@valentinamedina2020,X,Transcripción de audio/video,"Esto se puso serio rapidísimo, hace una hora era chisme y nadie sabe ni qué creer",,,2026-03-15 04:58:23,Fan_Antiguo,1475.2,2289,54.0,0.1,No,0
2200,,215,@johanaortiz_col,X,Post original,tremendo desorden se armó de la nada anoche sinceramente.,,,2026-03-15 03:34:23,Anónimo,925.1,969,35.0,0.3,No,0
2201,1965.0,28,@nataliasabana,X,Comentario,increíble como en una noche esto se salió de control de verdad 😳😳,,,2026-03-15 05:02:55,Fan_Antiguo,1727.1,1056,23.0,5.7,No,1
2202,2063.0,178,@sofiasalazarcun,X,Comentario,clásico: pasa algo de madrugada y para el mediodía ya todos tienen opinión y nadie sabe ni qué creer,,,2026-03-15 03:01:18,Verificado,1747.0,8260,253.0,3.3,No,0
2203,1989.0,325,@felipe98,Instagram,Comentario,PulsoTech debería esperar los resultados antes de tomar una decisión así de grande,,NovaVolt,2026-03-15 04:28:55,Anónimo,4.6,84,107.0,1.7,No,1
2204,1929.0,19,@gabrielamedina07,X,Comentario,"dato: la plataforma que usaron para el sorteo es auditable, cualquiera puede revisarla",#Cancelado,,2026-03-15 04:22:50,Fan_Antiguo,1199.2,4505,406.0,4.5,Posible (similar a una publicación anterior),3
2205,1984.0,365,@despiertaya_531,X,Repost/Cita,esto es un ESCÁNDALO y las marcas lo están tapando #CancelenAKai,#CancelenAKai,,2026-03-15 04:41:06,Bot_Sospechoso,2.6,14140,72.0,23.3,No,0
2206,2187.0,113,@monica_,X,Comentario,seguridad del evento confirmó que hubo varios testigos presentes,#QueDijoKai,,2026-03-15 04:26:38,Anónimo,30.0,44636,296.0,0.1,No,2
2207,2122.0,119,@santiagomedinatv,X,Transcripción de audio/video,no puedo creer lo que está pasando con Kai y las marcas ni se han pronunciado bien,,,2026-03-15 03:01:10,Verificado,911.6,4906,11.0,0.8,No,0
2208,1901.0,140,@cristianramirez_,X,Comentario,el ganador de mi ciudad sí recibió el premio sin ningún inconveniente,#EvaluandoLaSituacion,,2026-03-15 03:01:17,Verificado,853.0,1171,38.0,2.4,No,2
2209,,333,@monicamedinasabana,Instagram,Descripción de captura,ya perdí la cuenta de cuántos hilos van sobre esto ya en serio 😳😳,,,2026-03-15 03:09:23,Anónimo,25.5,724,77.0,1.6,No,1
2210,,116,@carolina_00,TikTok,Comentario,yo sigo esperando que Kai diga algo otra vez,#KaiDuarte #QueDijoKai,,2026-03-15 02:59:52,Verificado,985.8,604,12.0,2.1,No,0
2211,,235,@ricardo98,Instagram,Post original,yo sigo esperando que Kai diga algo ya en serio,#YoLeCreoAKai,,2026-03-15 02:21:05,Fan_Antiguo,1284.4,3028,75.0,0.8,No,1
2212,2172.0,50,@ivanalarcon_col,X,Comentario,yo creo que hay que esperar antes de sacar conclusiones y las marcas ni se han pronunciado bien.,,,2026-03-15 03:07:21,Anónimo,2157.2,12104,126.0,3.2,No,0
2213,2151.0,214,@karenrojassabana,X,Repost/Cita,ya perdí la cuenta de cuántos hilos van sobre esto y todavía falta que hable Kai,,,2026-03-15 02:35:06,Verificado,971.4,364,27.0,0.1,No,0
2214,2081.0,111,@johana07,X,Comentario,actualización: seguridad del evento confirmó que hubo varios testigos presentes,,,2026-03-15 04:47:04,Anónimo,2802.4,5405,135.0,2.1,No,1
2215,,249,@daniela15,Instagram,Descripción de captura,Yo esperaría el comunicado oficial antes de opinar y las marcas ni se han pronunciado bien...,,,2026-03-15 03:48:34,Anónimo,1073.8,27330,21.0,0.1,No,0
2216,2208.0,171,@cesar07,X,Repost/Cita,tremendo desorden se armó de la nada anoche la verdad.,#QueDijoKai #Cancelado,,2026-03-15 03:06:13,Verificado,1687.8,6372,14.0,1.6,No,1
2217,2165.0,394,@fansdekai_163,X,Comentario,"llevo horas buscando la prueba de verdad y no existe, es puro rumor",#JusticiaParaKai,,2026-03-15 04:01:15,Anónimo,716.1,699,117.0,12.1,No,3
2218,1932.0,279,@saratv,Instagram,Comentario,ojo con esto: alguien juró que tiene capturas del chat privado pero nunca las publicó,#KaiDuarte #QueDijoKai,,2026-03-15 05:36:09,Anónimo,7.2,74,468.0,6.5,No,1
2219,,153,@tatianalopez_,TikTok,Post original,"sea cual sea la verdad, la forma en que se está manejando esto es un desastre y eso que apenas empieza el día...",#CancelenAKai #QueDijoKai,,2026-03-15 03:59:27,Anónimo,4000.0,5982,41.0,3.3,No,0
2220,2037.0,169,@vivianacruz_00,TikTok,Repost/Cita,la gente ya no espera pruebas para cancelar a nadie de verdad.,#Cancelado #KaiDuarte,,2026-03-15 04:08:35,Anónimo,313.8,38563,61.0,3.1,No,0
2221,2082.0,23,@valentinacardenasco,X,Comentario,yo creo que yo estaba conectado desde el minuto uno y no vi nada extraño,,,2026-03-15 06:53:20,Anónimo,437.3,376,292.0,4.7,No,0
2222,1912.0,30,@luisa15,TikTok,Comentario,dicen que una cuenta que no conozco subió una captura que supuestamente confirma todo,,,2026-03-15 05:50:37,Fan_Antiguo,1581.7,3787,270.0,15.3,No,0
2223,2219.0,56,@viviana_uni,TikTok,Comentario,"Yo hacía memes de Kai, ahora no sé ni qué publicar",#Cancelado,,2026-03-15 04:00:43,Fan_Antiguo,1184.2,4271,18.0,1.5,No,0
2224,,195,@sofia_ug,Instagram,Descripción de captura,yo llevo horas viendo hilos sobre esto en vez de dormir y las marcas ni se han pronunciado bien 😳😳,#EvaluandoLaSituacion,,2026-03-15 02:23:21,Fan_Antiguo,1096.8,1324,37.0,4.4,No,1
2225,2178.0,325,@felipe98,Instagram,Comentario,dejen a la gente en paz hasta que se sepa la verdad 💀💀,,,2026-03-15 07:02:00,Anónimo,4.6,84,101.0,1.2,No,0
2226,1976.0,1,@yulianaramirez_col,Instagram,Comentario,"que fastidio, otra vez cancelando a alguien sin dejarlo hablar y nadie sabe ni qué creer",#QueDijoKai,,2026-03-15 03:37:39,Fan_Antiguo,30.0,11529,24.0,0.4,No,0
2227,,43,@cesarmoreno,TikTok,Comentario,no había visto esta cantidad de gente opinando de algo en meses y todavía falta que hable Kai,#EvaluandoLaSituacion #Cancelado,,2026-03-15 01:42:27,Anónimo,399.3,2727,92.0,3.0,No,1
2228,2200.0,371,@despiertaya_582,X,Repost/Cita,"KAI ES CULPABLE, ya hay pruebas, no lo defiendan más #CancelenAKai",#CancelenAKai,,2026-03-15 03:36:19,Bot_Sospechoso,2.3,8112,,11.4,No,0
2229,2212.0,25,@andres_ug,Instagram,Comentario,si esto resulta ser falso alguien tiene que responder por el daño la verdad 😭😭,,,2026-03-15 03:28:33,Verificado,732.4,3288,184.0,1.8,No,1
2230,2078.0,118,@miguelrios15,X,Repost/Cita,si esto resulta ser falso alguien tiene que responder por el daño sin exagerar,#KaiMentiroso,,2026-03-15 05:34:16,Fan_Antiguo,651.1,3290,21.0,2.5,No,0
2231,2136.0,98,@marialeon_col,Instagram,Comentario,dicen que un tiktok con millones de vistas ya lo dio por hecho,#QueDijoKai #KaiMentiroso,,2026-03-15 04:58:04,Fan_Antiguo,1483.0,14224,264.0,8.6,Posible (similar a una publicación anterior),1
2232,,79,@isabella15,TikTok,Repost/Cita,si PulsoTech no rompe el contrato hoy yo dejo de comprarles,#QueDijoKai,NovaVolt,2026-03-15 02:41:43,Verificado,759.5,2372,51.0,4.9,No,1
2233,2177.0,334,@juliana,X,Comentario,esto me recuerda a como diez casos parecidos sin exagerar,#EvaluandoLaSituacion #OjoConEstoKai,,2026-03-15 05:17:06,Cuenta_Nueva,0.9,203,18.0,0.1,No,0
2234,2226.0,315,@tomasperezbogota,TikTok,Comentario,"me acaban de contar que me contaron que alguien del equipo renunció por esto, sin confirmación",#CancelenAKai #Cancelado,,2026-03-15 03:42:29,Cuenta_Nueva,0.0,32,664.0,4.4,No,1
2235,2009.0,344,@brayan99,TikTok,Comentario,dejen a la gente en paz hasta que se sepa la verdad otra vez...,,,2026-03-15 05:12:25,Bot_Sospechoso,0.0,84,125.0,3.7,No,0
2236,2214.0,86,@saralopez34,TikTok,Comentario,"dato: la plataforma que usaron para el sorteo es auditable, cualquiera puede revisarla",#JusticiaParaKai,,2026-03-15 04:55:08,Verificado,749.9,14859,242.0,4.1,No,1
2237,2202.0,43,@cesarmoreno,TikTok,Comentario,yo creo que hay que esperar antes de sacar conclusiones ya en serio.,#KaiDuarte,,2026-03-15 03:07:28,Anónimo,399.3,2727,84.0,0.1,No,0
2238,2168.0,306,@carloslopez_col,Instagram,Comentario,"cada rato sale un testigo nuevo, esto ya parece novela ya en serio",,,2026-03-15 04:25:11,Anónimo,13.2,420,140.0,0.3,No,0
2239,2118.0,279,@saratv,Instagram,Comentario,"Me llegó por WhatsApp que Kai sí arregló todo, no tengo la fuente original",#QueDijoKai,,2026-03-15 06:36:40,Anónimo,7.2,74,146.0,17.8,No,0
2240,2204.0,334,@juliana,Instagram,Comentario,clásico: pasa algo de madrugada y para el mediodía ya todos tienen opinión sinceramente,#Cancelado,,2026-03-15 04:34:09,Cuenta_Nueva,0.9,203,73.0,3.7,No,0
2241,2211.0,87,@johana22,Foro anónimo,Comentario,clásico: pasa algo de madrugada y para el mediodía ya todos tienen opinión y todavía falta que hable Kai,#KaiDuarte,,2026-03-15 02:23:40,Verificado,2125.6,18539,61.0,1.1,No,0
2242,2102.0,170,@claudiaortiz_00,X,Comentario,clásico: pasa algo de madrugada y para el mediodía ya todos tienen opinión de verdad,#OjoConEstoKai,,2026-03-15 04:33:04,Anónimo,1323.5,1493,60.0,3.4,No,0
2243,2204.0,102,@valentinamedina2020,Instagram,Comentario,"honestamente, revisé el reglamento público del sorteo y coincide con lo que se hizo",#Cancelado,,2026-03-15 04:24:12,Fan_Antiguo,1475.2,2289,209.0,6.0,No,4
2244,2139.0,161,@lauramoreno22,X,Comentario,dejen a la gente en paz hasta que se sepa la verdad y nadie sabe ni qué creer...,#Cancelado #JusticiaParaKai,,2026-03-15 03:10:37,Anónimo,30.0,6893,3.0,1.6,No,0
2245,2163.0,30,@luisa15,TikTok,Comentario,"para que sepan: conozco a alguien que ganó un sorteo anterior de Kai, todo fue legal",#YoLeCreoAKai,,2026-03-15 04:41:20,Fan_Antiguo,1581.7,3787,606.0,3.9,No,3
2246,2245.0,61,@juan34,X,Comentario,Dicen que alguien juró que tiene capturas del chat privado pero nunca las publicó,#FueraKai #CancelenAKai,,2026-03-15 04:45:11,Anónimo,30.0,1023,674.0,5.7,No,0
2247,2212.0,38,@yesid,Instagram,Comentario,"conozco a alguien que ganó un sorteo anterior de Kai, todo fue legal",,,2026-03-15 03:11:03,Anónimo,1156.1,1653,83.0,0.1,Posible (similar a una publicación anterior),3
2248,,127,@diegocun,X,Comentario,esto me recuerda a como diez casos parecidos y las marcas ni se han pronunciado bien...,#Cancelado #EvaluandoLaSituacion,,2026-03-15 02:27:59,Fan_Antiguo,1580.1,1614,7.0,1.7,No,0
2249,2164.0,306,@carloslopez_col,TikTok,Comentario,"circula que me contaron que alguien del equipo renunció por esto, sin confirmación",,,2026-03-15 06:37:11,Anónimo,13.2,420,1124.0,18.8,Sí (idéntico a publicación de 2023 sobre otro creador),0
2250,2239.0,318,@angie03,Instagram,Comentario,Me acaban de contar que una cuenta que no conozco subió una captura que supuestamente confirma todo,,,2026-03-15 06:37:47,Cuenta_Nueva,9.1,180,108.0,6.4,No,1
2251,,89,@cesarcun,TikTok,Repost/Cita,"a mi me da igual, no sigo a Kai pero el trending me tiene aquí leyendo y nadie sabe ni qué creer 😭",#QueDijoKai #YoLeCreoAKai,,2026-03-15 04:06:53,Verificado,947.0,678,240.0,0.4,No,0
2252,2025.0,187,@kevingomez03,TikTok,Transcripción de audio/video,clásico: pasa algo de madrugada y para el mediodía ya todos tienen opinión de verdad,#FakeNews,,2026-03-15 04:25:17,Fan_Antiguo,454.0,24484,32.0,5.2,No,0
2253,2134.0,280,@fabianrojas34,Instagram,Comentario,dicen que circula el rumor de que hay más pruebas guardadas para después,#QueDijoKai,,2026-03-15 04:37:32,Cuenta_Nueva,4.1,139,1283.0,4.9,No,0
2254,2187.0,320,@yuliana22,X,Comentario,posta que alguien juró que tiene capturas del chat privado pero nunca las publicó,#EvaluandoLaSituacion,,2026-03-15 04:13:41,Cuenta_Nueva,18.5,191,235.0,8.5,No,0
2255,1937.0,153,@tatianalopez_,TikTok,Comentario,si esto no se aclara hoy se va a armar una novela de meses la verdad,#Cancelado,,2026-03-15 04:38:26,Anónimo,4000.0,5982,17.0,2.1,No,0
2256,2228.0,318,@angie03,Foro anónimo,Comentario,supuestamente el ganador real habló pero borró el mensaje rapidísimo,#QueDijoKai,,2026-03-15 03:39:23,Cuenta_Nueva,9.1,180,402.0,4.4,No,0
2257,2080.0,124,@fabian_00,X,Comentario,en mi casa no se habla de otra cosa desde anoche sin exagerar 😭,#CancelenAKai #KaiMentiroso,,2026-03-15 05:36:44,Anónimo,1384.1,2126,190.0,4.0,No,1
2258,2118.0,49,@sebastian98,X,Comentario,yo llevo horas viendo hilos sobre esto en vez de dormir y eso que apenas empieza el día,#Cancelado,,2026-03-15 06:59:44,Anónimo,1400.7,4642,36.0,1.7,No,0
2259,2127.0,228,@lilianaco,TikTok,Comentario,dato: yo estuve cerca del evento y no noté nada raro esa noche,#KaiDuarte,,2026-03-15 04:31:19,Anónimo,30.0,481,491.0,0.1,No,3
2260,2187.0,278,@isabellaalarcon_11,TikTok,Comentario,alguien me explica bien qué fue lo que pasó anoche y nadie sabe ni qué creer,#KaiEsInocente,,2026-03-15 04:09:05,Anónimo,11.2,119,41.0,1.4,No,0
2261,,301,@harold99,X,Comentario,esto habla más de nosotros como internet que de Kai la verdad ya en serio,#OjoConEstoKai,,2026-03-15 01:59:29,Anónimo,12.6,293,71.0,0.7,No,0
2262,2105.0,164,@wilsonalarcon_oficial,X,Comentario,si NovaVolt no rompe el contrato hoy yo dejo de comprarles,#KaiDuarte #EvaluandoLaSituacion,UrbanKrew,2026-03-15 04:35:39,Verificado,656.4,5554,101.0,0.1,No,0
2263,2065.0,200,@sofiasuarez_oficial,Foro anónimo,Comentario,para que sepan: yo estaba conectado desde el minuto uno y no vi nada extraño,,,2026-03-15 01:40:39,Anónimo,1916.5,2891,686.0,4.0,No,3
2264,2055.0,342,@kevin_00,TikTok,Comentario,si esto no se aclara hoy se va a armar una novela de meses sinceramente 💀💀,#QueDijoKai,,2026-03-15 06:19:30,Cuenta_Nueva,18.5,10457,50.0,6.1,No,0
2265,1962.0,301,@harold99,Foro anónimo,Comentario,Me acaban de contar que circula el rumor de que hay más pruebas guardadas para después,#QueDijoKai,,2026-03-15 06:28:56,Anónimo,12.6,293,699.0,6.6,Sí (idéntico a publicación de 2023 sobre otro creador),1
2266,2175.0,331,@angietv,X,Comentario,esto se siente exactamente igual a lo del año pasado con otro streamer ya en serio,,,2026-03-15 07:21:53,Anónimo,10.6,413,24.0,2.4,No,0
2267,2171.0,115,@claudiasabana,X,Comentario,clásico: pasa algo de madrugada y para el mediodía ya todos tienen opinión otra vez,,,2026-03-15 06:30:21,Fan_Antiguo,638.0,12316,31.0,1.9,No,0
2268,2202.0,207,@sofia_uni,X,Comentario,yo sigo esperando que Kai diga algo sinceramente 🤔,,,2026-03-15 03:44:05,Anónimo,1117.1,1861,44.0,2.9,No,1
2269,2265.0,274,@tomaspardotv,X,Repost/Cita,cada hora aparece un ángulo nuevo de esto la verdad...,,,2026-03-15 06:46:37,Cuenta_Nueva,7.3,52,26.0,2.3,No,0
2270,1880.0,63,@saragomez22,X,Comentario,"cada quien cree lo que quiere creer, ya nadie mira pruebas y todavía falta que hable Kai.",,,2026-03-15 01:58:58,Verificado,30.0,9430,95.0,2.3,No,0
2271,,189,@maria15,X,Post original,"sea cual sea la verdad, la forma en que se está manejando esto es un desastre y todavía falta que hable Kai",#EvaluandoLaSituacion,,2026-03-15 02:22:18,Verificado,1261.6,8295,15.0,1.9,No,0
2272,2196.0,89,@cesarcun,TikTok,Comentario,Mis amigas y yo llevamos toda la noche hablando de esto y cada rato cambia la versión...,#KaiDuarte #QueDijoKai,,2026-03-15 02:46:26,Verificado,947.0,678,193.0,2.3,No,0
2273,2141.0,216,@vivianaramirez_ug,Foro anónimo,Repost/Cita,yo esperaría el comunicado oficial antes de opinar y todavía falta que hable Kai,#QueDijoKai,,2026-03-15 02:55:31,Anónimo,448.1,1917,41.0,2.6,No,1
2274,2170.0,154,@miguelcardenascun,Foro anónimo,Comentario,En mi casa no se habla de otra cosa desde anoche y eso que apenas empieza el día 💀,#KaiMentiroso #KaiDuarte,,2026-03-15 05:19:32,Fan_Antiguo,791.9,3144,125.0,1.3,No,0
2275,,48,@yulianapardo_col,X,Repost/Cita,esto va a ser tendencia todo el día seguro sinceramente...,#KaiDuarte #QueDijoKai,,2026-03-15 03:33:15,Fan_Antiguo,1261.8,5372,25.0,0.2,No,0
2276,2189.0,154,@miguelcardenascun,X,Comentario,"circula que me contaron que alguien del equipo renunció por esto, sin confirmación",#FueraKai #KaiMentiroso,,2026-03-15 04:05:27,Fan_Antiguo,791.9,3144,1117.0,7.0,No,1
2277,2130.0,313,@felipesalazar03,X,Descripción de captura,alguien me explica bien qué fue lo que pasó anoche y cada rato cambia la versión,#FueraKai,,2026-03-15 03:38:35,Anónimo,0.6,52,35.0,0.7,No,1
2278,2012.0,40,@claudia_ug,Instagram,Repost/Cita,En mi casa no se habla de otra cosa desde anoche y eso que apenas empieza el día,#KaiDuarte,,2026-03-15 03:54:31,Anónimo,678.4,5987,30.0,1.4,No,0
2279,2054.0,122,@ricardo_real,X,Repost/Cita,alguien me explica bien qué fue lo que pasó anoche otra vez,#KaiDuarte #EvaluandoLaSituacion,,2026-03-15 03:43:29,Fan_Antiguo,919.2,3307,47.0,3.6,No,1
2280,1954.0,148,@antoniapardo_col,Instagram,Transcripción de audio/video,el trending de hoy tenía que ser esto obviamente y todavía falta que hable Kai...,,,2026-03-15 04:53:00,Anónimo,408.1,1457,18.0,3.3,No,0
2281,,294,@melissa_,TikTok,Comentario,me parece raro que NovaVolt se pronuncie tan rápido sin saber toda la historia,#OjoConEstoKai,NovaVolt,2026-03-15 01:31:43,Cuenta_Nueva,14.6,1198,94.0,5.1,No,0
2282,2029.0,202,@melissagomez_11,X,Comentario,yo llevo horas viendo hilos sobre esto en vez de dormir y todavía falta que hable Kai 🤔🤔,,,2026-03-15 04:11:04,Anónimo,1288.8,466,91.0,1.1,No,0
2283,2276.0,154,@miguelcardenascun,TikTok,Comentario,"circula que me llegó por WhatsApp que Kai sí arregló todo, no tengo la fuente original",#QueDijoKai,,2026-03-15 04:09:02,Fan_Antiguo,791.9,3144,1933.0,4.1,No,0
2284,,267,@camilacastro34,TikTok,Comentario,si esto resulta ser falso alguien tiene que responder por el daño ya en serio...,,,2026-03-15 03:41:19,Anónimo,15.2,433,50.0,0.4,No,1
2285,1884.0,208,@diegoco,Foro anónimo,Comentario,si UrbanKrew no rompe el contrato hoy yo dejo de comprarles,#Cancelado,UrbanKrew,2026-03-15 03:01:23,Fan_Antiguo,2705.8,6040,475.0,0.8,No,0
2286,,445,@DatosClarosCo,X,Post original,Seguimos revisando la evidencia compartida; por ahora no hay elementos suficientes para confirmar ni descartar.,#VerificaAntesDeCompartir,,2026-03-15 02:25:37,Verificado,2400.0,130000,757.0,0.1,No,0
2287,2251.0,69,@miguelramirez2020,Instagram,Repost/Cita,"pobre la gente que ganó de verdad el sorteo, ahora todos van a dudar de ellos la verdad",#QueDijoKai,,2026-03-15 04:12:53,Fan_Antiguo,1147.2,5895,143.0,3.2,No,0
2288,,252,@karen_col,Foro anónimo,Comentario,"la marca ya se está lavando las manos, típico y nadie sabe ni qué creer",#EvaluandoLaSituacion #KaiDuarte,,2026-03-15 01:51:03,Verificado,2028.8,5252,16.0,0.6,No,0
2289,1967.0,84,@laurasuarez_00,X,Comentario,el trending de hoy tenía que ser esto obviamente,#FakeNews #Cancelado,,2026-03-15 04:28:19,Verificado,911.9,44186,72.0,1.9,No,0
2290,2215.0,66,@isabellax,Foro anónimo,Repost/Cita,cada hora aparece un ángulo nuevo de esto y las marcas ni se han pronunciado bien,#KaiDuarte,,2026-03-15 03:53:02,Fan_Antiguo,1122.6,9527,20.0,1.8,No,0
2291,2027.0,142,@isabellasabana,TikTok,Comentario,en mi casa no se habla de otra cosa desde anoche y las marcas ni se han pronunciado bien...,,,2026-03-15 04:03:11,Fan_Antiguo,448.8,11085,31.0,5.6,No,0
2292,2273.0,80,@juansalazar03,TikTok,Comentario,"vi que UrbanKrew sacó un comunicado, muy tibio la verdad",#EvaluandoLaSituacion,UrbanKrew,2026-03-15 03:31:38,Verificado,1451.6,2025,42.0,0.1,No,1
2293,2231.0,205,@andrescruz,X,Comentario,en mi casa no se habla de otra cosa desde anoche ya en serio,,,2026-03-15 05:07:08,Anónimo,30.0,14604,36.0,3.1,No,1
2294,2192.0,122,@ricardo_real,Instagram,Comentario,si esto resulta ser falso alguien tiene que responder por el daño sin exagerar,#KaiDuarte,,2026-03-15 06:22:16,Fan_Antiguo,919.2,3307,36.0,2.0,No,0
2295,,315,@tomasperezbogota,TikTok,Post original,"pobre la gente que ganó de verdad el sorteo, ahora todos van a dudar de ellos y nadie sabe ni qué creer 😭😭",,,2026-03-15 01:22:51,Cuenta_Nueva,0.0,32,490.0,0.1,No,0
2296,2176.0,416,@teamkai_969,TikTok,Comentario,"nadie ha mostrado una prueba real, todo son capturas sin verificar",#JusticiaParaKai,,2026-03-15 03:38:36,Anónimo,334.0,265,311.0,13.8,No,2
2297,,128,@laura99,X,Repost/Cita,en mi casa no se habla de otra cosa desde anoche y cada rato cambia la versión,#QueDijoKai,,2026-03-15 02:58:21,Anónimo,481.6,2773,36.0,0.4,No,0
2298,1924.0,195,@sofia_ug,X,Comentario,"pobre la gente que ganó de verdad el sorteo, ahora todos van a dudar de ellos y eso que apenas empieza el día",,,2026-03-15 05:31:42,Fan_Antiguo,1096.8,1324,58.0,1.3,No,0
2299,1890.0,290,@haroldbogota,Instagram,Comentario,@NovaVolt ustedes ya sabían de esto o no? necesitamos que hablen,,UrbanKrew,2026-03-15 04:14:31,Anónimo,8.1,277,16.0,2.5,No,0
2300,2062.0,214,@karenrojassabana,TikTok,Comentario,para que sepan: el ganador de mi ciudad sí recibió el premio sin ningún inconveniente,#KaiDuarte,,2026-03-15 03:43:26,Verificado,971.4,364,157.0,0.1,Sí (idéntico a publicación de 2023 sobre otro creador),3
2301,2043.0,99,@paola07,X,Comentario,Yo vine a leer los comentarios que siempre son mejores que la noticia y eso que apenas empieza el día...,,,2026-03-15 03:56:06,Anónimo,30.0,6228,78.0,2.9,No,0
2302,2179.0,122,@ricardo_real,Instagram,Comentario,clásico: pasa algo de madrugada y para el mediodía ya todos tienen opinión sinceramente,,,2026-03-15 03:21:49,Fan_Antiguo,919.2,3307,45.0,3.0,No,1
2303,2171.0,425,@kaisquad_668,Instagram,Comentario,"ese clip está cortado, en el audio completo se nota que es sarcasmo",#JusticiaParaKai,,2026-03-15 06:23:01,Cuenta_Nueva,0.0,102,148.0,12.4,No,1
2304,1867.0,130,@brayan_,X,Comentario,"que fastidio, otra vez cancelando a alguien sin dejarlo hablar ya en serio...",#Cancelado,,2026-03-15 03:40:56,Verificado,413.0,160,5.0,3.5,No,1
2305,2178.0,20,@mateosabana,Instagram,Comentario,"Cada rato sale un testigo nuevo, esto ya parece novela y nadie sabe ni qué creer 😳😳",,,2026-03-15 06:30:31,Anónimo,188.2,1186,41.0,1.6,No,0
2306,2068.0,102,@valentinamedina2020,X,Comentario,yo llevo horas viendo hilos sobre esto en vez de dormir 💀,#QueDijoKai,,2026-03-15 05:22:42,Fan_Antiguo,1475.2,2289,88.0,1.9,No,0
2307,,277,@yesidcastro,X,Post original,"yo hacía memes de Kai, ahora no sé ni qué publicar",#QueDijoKai,,2026-03-15 03:34:18,Anónimo,23.9,374,14.0,2.4,No,0
2308,2103.0,113,@monica_,Instagram,Comentario,"la marca ya se está lavando las manos, típico sinceramente.",#EvaluandoLaSituacion,,2026-03-15 04:48:39,Anónimo,30.0,44636,31.0,3.0,No,0
2309,2228.0,341,@manuelaortizsabana,TikTok,Comentario,una cuenta que no conozco subió una captura que supuestamente confirma todo,#EvaluandoLaSituacion,,2026-03-15 03:39:00,Cuenta_Nueva,11.3,220,988.0,9.3,No,0
2310,,183,@paula_00,X,Repost/Cita,"esto se puso serio rapidísimo, hace una hora era chisme de verdad",,,2026-03-15 00:35:14,Fan_Antiguo,1199.9,53184,42.0,0.3,No,0
2311,2228.0,366,@mvidalteam_057,TikTok,Repost/Cita,"KAI ES CULPABLE, ya hay pruebas, no lo defiendan más #CancelenAKai",#CancelenAKai,,2026-03-15 03:46:44,Bot_Sospechoso,2.5,16887,100.0,15.0,No,0
2312,2221.0,245,@ricardoleonbogota,TikTok,Comentario,"Actualización: tengo un conocido que trabajó en la producción, dice que todo estuvo en orden",#JusticiaParaKai,,2026-03-15 07:01:54,Fan_Antiguo,1107.8,45900,219.0,4.2,No,4
2313,2222.0,176,@melissa98,X,Comentario,si esto no se aclara hoy se va a armar una novela de meses y eso que apenas empieza el día.,#KaiDuarte,,2026-03-15 06:16:12,Verificado,872.8,5071,56.0,5.0,No,0
2314,2245.0,31,@santiagoleon07,Instagram,Comentario,"conozco a alguien que ganó un sorteo anterior de Kai, todo fue legal",#QueDijoKai,,2026-03-15 04:56:16,Verificado,866.1,7203,141.0,4.8,No,1
2315,,447,@RedFactCheckCo,X,Post original,"El patrón de creación de cuentas alrededor de este tema es atípico, seguimos documentando.",#VerificaAntesDeCompartir,,2026-03-15 02:00:58,Verificado,3000.0,210000,369.0,9.0,No,4
2316,2026.0,170,@claudiaortiz_00,Instagram,Comentario,"Todo mundo subiendo teorías, nadie subiendo pruebas la verdad",,,2026-03-15 04:30:18,Anónimo,1323.5,1493,15.0,3.9,No,0
2317,2236.0,123,@liliananinoco,X,Comentario,dato: seguridad del evento confirmó que hubo varios testigos presentes,#QueDijoKai,,2026-03-15 05:08:12,Anónimo,1093.5,4896,17.0,2.7,No,2
2318,,276,@carlos03,TikTok,Descripción de captura,Increíble como en una noche esto se salió de control y las marcas ni se han pronunciado bien 😳,,,2026-03-15 02:01:56,Anónimo,10.1,109,7.0,0.7,No,0
2319,2312.0,255,@cristianalarconcun,X,Comentario,"Dato: la plataforma que usaron para el sorteo es auditable, cualquiera puede revisarla",#QueDijoKai #KaiDuarte,,2026-03-15 07:03:22,Fan_Antiguo,1035.4,3661,323.0,1.9,No,1
2320,2142.0,295,@kevin15,X,Comentario,"circula que según un grupo de Facebook, esto ya se sabía desde hace meses",#EvaluandoLaSituacion,,2026-03-15 05:42:40,Anónimo,22.8,699,245.0,12.3,No,1
2321,1987.0,246,@julianninobogota,TikTok,Comentario,"honestamente, yo estuve cerca del evento y no noté nada raro esa noche",#Cancelado,,2026-03-15 05:03:06,Fan_Antiguo,909.3,961,148.0,1.9,No,1
2322,,137,@ricardomorenocun,Foro anónimo,Post original,"la marca ya se está lavando las manos, típico la verdad.",,,2026-03-15 00:54:10,Fan_Antiguo,1378.5,3271,119.0,4.3,No,0
2323,2320.0,326,@ricardo_uni,TikTok,Repost/Cita,esto se siente exactamente igual a lo del año pasado con otro streamer y eso que apenas empieza el día 😭,#KaiMentiroso #EvaluandoLaSituacion,,2026-03-15 05:44:27,Anónimo,10.3,901,74.0,2.5,No,0
2324,,316,@andres03,X,Repost/Cita,"todo mundo subiendo teorías, nadie subiendo pruebas y las marcas ni se han pronunciado bien",,,2026-03-15 01:58:26,Anónimo,20.3,898,59.0,0.4,No,0
2325,2176.0,420,@fansdekai_721,TikTok,Comentario,"nadie ha mostrado una prueba real, todo son capturas sin verificar",#JusticiaParaKai,,2026-03-15 03:31:34,Fan_Antiguo,37.7,1500,331.0,14.7,No,2
2326,2125.0,286,@miguelco,X,Descripción de captura,esto va a ser tendencia todo el día seguro y eso que apenas empieza el día,,,2026-03-15 04:06:37,Cuenta_Nueva,21.1,181,84.0,2.8,No,1
2327,2312.0,105,@samuelvargas2020,X,Comentario,para que sepan: revisé el reglamento público del sorteo y coincide con lo que se hizo,#EvaluandoLaSituacion #YoLeCreoAKai,,2026-03-15 07:04:19,Verificado,762.3,3148,231.0,2.3,No,4
2328,2308.0,300,@ivan2020,X,Comentario,"la marca ya se está lavando las manos, típico y eso que apenas empieza el día...",#KaiMentiroso,,2026-03-15 05:15:48,Cuenta_Nueva,,815,20.0,3.9,No,0
2329,2074.0,378,@mvidalteam_803,TikTok,Repost/Cita,"KAI ES CULPABLE, ya hay pruebas, no lo defiendan más #CancelenAKai",#CancelenAKai,,2026-03-15 05:15:09,Bot_Sospechoso,2.6,17820,137.0,13.4,No,0
2330,2312.0,264,@monica2020,TikTok,Repost/Cita,"que fastidio, otra vez cancelando a alguien sin dejarlo hablar la verdad",,,2026-03-15 07:06:24,Cuenta_Nueva,19.1,11,169.0,0.1,No,0
2331,2171.0,394,@fansdekai_163,TikTok,Comentario,"llevo horas buscando la prueba de verdad y no existe, es puro rumor",#JusticiaParaKai,,2026-03-15 06:16:56,Anónimo,716.1,699,975.0,2.4,No,4
2332,2294.0,30,@luisa15,X,Descripción de captura,"vi que UrbanKrew sacó un comunicado, muy tibio la verdad",#QueDijoKai,PulsoTech,2026-03-15 06:41:39,Fan_Antiguo,1581.7,3787,10.0,1.1,No,0
2333,2228.0,273,@laurasabana,X,Comentario,posta que dicen que hay un audio filtrado completo pero nadie lo ha mostrado,#CancelenAKai,,2026-03-15 04:20:17,Cuenta_Nueva,0.0,258,307.0,0.6,No,1
2334,2283.0,341,@manuelaortizsabana,Foro anónimo,Comentario,Dicen que hay un audio filtrado completo pero nadie lo ha mostrado,#CancelenAKai #KaiMentiroso,,2026-03-15 04:12:52,Cuenta_Nueva,11.3,220,996.0,3.9,Posible (similar a una publicación anterior),1
2335,2286.0,113,@monica_,X,Comentario,Para que sepan: nadie de los que participamos notó nada fuera de lo normal esa noche,#YoLeCreoAKai #KaiDuarte,,2026-03-15 02:30:29,Anónimo,30.0,44636,54.0,1.5,No,3
2336,2327.0,89,@cesarcun,X,Comentario,Yo creo que revisé el reglamento público del sorteo y coincide con lo que se hizo,#EvaluandoLaSituacion,,2026-03-15 07:05:31,Verificado,947.0,678,199.0,0.1,Posible (similar a una publicación anterior),2
2337,2311.0,373,@mvidalteam_860,X,Repost/Cita,"KAI ES CULPABLE, ya hay pruebas, no lo defiendan más #CancelenAKai",#CancelenAKai,,2026-03-15 04:04:10,Bot_Sospechoso,1.1,14425,113.0,14.1,No,0
2338,2080.0,34,@valentina07,X,Comentario,"a mi me da igual, no sigo a Kai pero el trending me tiene aquí leyendo otra vez...",#QueDijoKai,,2026-03-15 05:12:03,Anónimo,753.6,762,54.0,1.2,No,0
2339,2120.0,352,@noloocultes_989,X,Repost/Cita,"confirmado, Kai amañó el sorteo, pasen la voz #CancelenAKai",#CancelenAKai,,2026-03-15 04:10:20,Bot_Sospechoso,2.1,11157,380.0,19.1,No,0
2340,2325.0,419,@teamkai_012,Instagram,Comentario,"llevo horas buscando la prueba de verdad y no existe, es puro rumor",#JusticiaParaKai,,2026-03-15 03:47:08,Anónimo,802.1,1381,582.0,0.1,No,0
2341,,446,@ChequeoDigitalCO,X,Post original,"El patrón de creación de cuentas alrededor de este tema es atípico, seguimos documentando.",#VerificaAntesDeCompartir,,2026-03-15 02:19:51,Verificado,1100.0,60000,915.0,6.1,No,2
2342,2119.0,370,@mvidalteam_340,X,Repost/Cita,"KAI ES CULPABLE, ya hay pruebas, no lo defiendan más #CancelenAKai",#CancelenAKai,,2026-03-15 03:02:18,Bot_Sospechoso,0.0,21752,115.0,14.6,No,0
2343,2313.0,327,@yuliana07,TikTok,Transcripción de audio/video,"que fastidio, otra vez cancelando a alguien sin dejarlo hablar y las marcas ni se han pronunciado bien 😳😳",,,2026-03-15 06:18:07,Cuenta_Nueva,14.7,52,135.0,3.6,No,3
2344,2256.0,341,@manuelaortizsabana,X,Comentario,Circula que un influencer chiquito aseguró que tiene pruebas pero no las ha mostrado,#KaiDuarte,,2026-03-15 03:49:58,Cuenta_Nueva,11.3,220,400.0,0.1,No,0
2345,2342.0,319,@cesar99,X,Comentario,ojo con esto: un tiktok con millones de vistas ya lo dio por hecho,#EvaluandoLaSituacion #QueDijoKai,,2026-03-15 03:13:21,Cuenta_Nueva,17.7,313,193.0,1.9,Sí (idéntico a publicación de 2023 sobre otro creador),0
2346,2331.0,400,@kaisquad_990,TikTok,Comentario,el recorte de 14 segundos le quita todo el contexto a lo que dijo,#JusticiaParaKai,,2026-03-15 06:23:01,Anónimo,1492.2,3301,201.0,10.1,No,3
2347,2296.0,304,@adrianariostv,X,Comentario,"según un grupo de Facebook, esto ya se sabía desde hace meses",#KaiMentiroso #EvaluandoLaSituacion,,2026-03-15 04:01:39,Cuenta_Nueva,13.2,764,375.0,12.1,Sí (idéntico a publicación de 2023 sobre otro creador),0
2348,2329.0,140,@cristianramirez_,TikTok,Repost/Cita,"que fastidio, otra vez cancelando a alguien sin dejarlo hablar y las marcas ni se han pronunciado bien...",#EvaluandoLaSituacion,,2026-03-15 05:21:36,Verificado,853.0,1171,77.0,4.0,No,0
2349,2276.0,225,@yesidgomez_real,TikTok,Comentario,yo llevo horas viendo hilos sobre esto en vez de dormir y cada rato cambia la versión 🤔🤔,#FakeNews #Cancelado,,2026-03-15 04:44:51,Fan_Antiguo,1699.7,2882,140.0,2.6,No,1
2350,2041.0,227,@fabian03,X,Repost/Cita,increíble como en una noche esto se salió de control ya en serio...,,,2026-03-15 03:13:01,Anónimo,865.1,645,22.0,1.9,No,0
2351,2064.0,272,@oscarvargas34,Foro anónimo,Comentario,yo creo que yo estuve cerca del evento y no noté nada raro esa noche,#KaiDuarte,,2026-03-15 03:52:28,Cuenta_Nueva,8.7,103,205.0,5.3,No,3
2352,2200.0,1,@yulianaramirez_col,X,Comentario,en mi casa no se habla de otra cosa desde anoche,#KaiMentiroso,,2026-03-15 03:36:05,Fan_Antiguo,30.0,11529,39.0,0.3,No,0
2353,2187.0,124,@fabian_00,X,Comentario,yo creo que yo estuve cerca del evento y no noté nada raro esa noche,,,2026-03-15 04:24:48,Anónimo,1384.1,2126,476.0,1.1,No,2
2354,,130,@brayan_,TikTok,Transcripción de audio/video,esto habla más de nosotros como internet que de Kai la verdad y eso que apenas empieza el día,#EvaluandoLaSituacion,,2026-03-15 03:07:56,Verificado,413.0,160,18.0,0.1,No,0
2355,,102,@valentinamedina2020,X,Post original,tremendo desorden se armó de la nada anoche y nadie sabe ni qué creer,,,2026-03-15 02:48:15,Fan_Antiguo,1475.2,2289,223.0,4.7,No,0
2356,2255.0,89,@cesarcun,Instagram,Comentario,el que suba a defenderlo sin pruebas también me da desconfianza ya en serio 🤔,#EvaluandoLaSituacion,,2026-03-15 04:49:23,Verificado,947.0,678,104.0,0.1,No,0
2357,,223,@ricardo07,TikTok,Descripción de captura,si esto resulta ser falso alguien tiene que responder por el daño ya en serio...,,,2026-03-15 04:00:09,Fan_Antiguo,1197.3,1391,78.0,0.6,No,0
2358,,256,@brayan15,X,Comentario,"vi que UrbanKrew sacó un comunicado, muy tibio la verdad",,NovaVolt,2026-03-15 01:46:38,Anónimo,2.1,19,11.0,4.6,No,0
2359,,64,@isabella,X,Post original,"que fastidio, otra vez cancelando a alguien sin dejarlo hablar otra vez",#OjoConEstoKai,,2026-03-15 02:29:09,Verificado,591.4,922,64.0,3.1,No,0
2360,2291.0,95,@adrianacastro03,Foro anónimo,Comentario,"sea cual sea la verdad, la forma en que se está manejando esto es un desastre y cada rato cambia la versión...",#QueDijoKai,,2026-03-15 04:09:33,Anónimo,1581.4,1951,76.0,0.3,No,0
2361,2354.0,6,@carolina,X,Comentario,"para que sepan: la plataforma que usaron para el sorteo es auditable, cualquiera puede revisarla",,,2026-03-15 03:20:33,Bot_Sospechoso,1964.7,16177,101.0,2.7,No,3
2362,,203,@danielaperez2020,TikTok,Repost/Cita,"todo mundo subiendo teorías, nadie subiendo pruebas otra vez 🤔",,,2026-03-15 00:19:05,Verificado,30.0,3012,51.0,1.5,No,0
2363,2362.0,123,@liliananinoco,X,Comentario,"Esto ya lo vi venir hace rato, algo raro pasaba otra vez.",#Cancelado,,2026-03-15 02:48:37,Anónimo,1093.5,4896,126.0,0.4,No,0
2364,,252,@karen_col,X,Comentario,  yo llevo horas viendo hilos sobre esto en vez de dormir otra vez   ,,,2026-03-15 02:08:43,Verificado,2028.8,5252,11.0,1.7,No,2
2365,2179.0,10,@carlos_00,Instagram,Comentario,ojo con esto: alguien juró que tiene capturas del chat privado pero nunca las publicó,#EvaluandoLaSituacion #Cancelado,,2026-03-15 03:48:10,Verificado,974.1,599,9295.0,9.7,Sí (idéntico a publicación de 2023 sobre otro creador),0
2366,,164,@wilsonalarcon_oficial,Instagram,Descripción de captura,"cada rato sale un testigo nuevo, esto ya parece novela y las marcas ni se han pronunciado bien",#QueDijoKai,,2026-03-15 04:06:50,Verificado,656.4,5554,59.0,0.5,No,0
2367,2365.0,227,@fabian03,X,Comentario,"honestamente, vi la transmisión completa dos veces, no encuentro el corte que muestran",#KaiEsInocente,,2026-03-15 03:51:34,Anónimo,865.1,645,188.0,3.4,No,4
2368,2325.0,415,@fansdekai_985,X,Comentario,"si tuvieran algo sólido ya lo hubieran mostrado completo, no en pedazos",#JusticiaParaKai,,2026-03-15 03:33:30,Cuenta_Nueva,1059.5,2593,175.0,14.0,No,1
2369,2202.0,231,@hectorcun,X,Comentario,actualización: nadie de los que participamos notó nada fuera de lo normal esa noche,,,2026-03-15 03:07:39,Verificado,30.0,2665,639.0,6.1,No,3
2370,2250.0,44,@santiago_,Instagram,Comentario,dicen que hay un audio filtrado completo pero nadie lo ha mostrado,#CancelenAKai,,2026-03-15 06:54:24,Verificado,30.0,172,302.0,9.6,No,0
2371,2303.0,103,@harold98,X,Descripción de captura,yo sigo esperando que Kai diga algo sinceramente.,#Cancelado,,2026-03-15 06:25:44,Fan_Antiguo,421.2,854,18.0,4.0,No,1
2372,2295.0,48,@yulianapardo_col,TikTok,Comentario,actualización: nadie de los que participamos notó nada fuera de lo normal esa noche,#YoLeCreoAKai,,2026-03-15 03:43:29,Fan_Antiguo,1261.8,5372,27.0,2.4,Posible (similar a una publicación anterior),3
2373,2369.0,107,@tomascastro_,TikTok,Comentario,para que sepan: un conocido trabaja en el canal y dice que ahí todo queda respaldado,,,2026-03-15 03:43:58,Anónimo,1158.0,1947,138.0,1.3,No,2
2374,,22,@karenpinzon_,TikTok,Comentario,ya perdí la cuenta de cuántos hilos van sobre esto y nadie sabe ni qué creer 💀,#FueraKai,,2026-03-15 03:49:03,Anónimo,2028.6,20256,56.0,3.6,No,1
2375,2346.0,430,@kaisquad_333,X,Comentario,"llevo horas buscando la prueba de verdad y no existe, es puro rumor",#JusticiaParaKai,,2026-03-15 06:33:45,Anónimo,413.4,670,589.0,3.2,No,3
2376,2315.0,11,@sebastianpinzon,Instagram,Repost/Cita,no puedo creer lo que está pasando con Kai sin exagerar...,,,2026-03-15 02:33:48,Verificado,1127.4,5125,53.0,1.4,No,0
2377,2192.0,350,@yulianaleon_real,X,Comentario,me acaban de contar que supuestamente el ganador real habló pero borró el mensaje rapidísimo,#EvaluandoLaSituacion #QueDijoKai,,2026-03-15 06:19:10,Cuenta_Nueva,0.0,556,217.0,6.4,No,0
2378,,283,@juancruzx,TikTok,Comentario,mis amigas y yo llevamos toda la noche hablando de esto.,#QueDijoKai,,2026-03-15 02:50:53,Anónimo,6.8,201,30.0,0.1,No,0
2379,2278.0,297,@jhon_real,X,Comentario,Posta que supuestamente el ganador real habló pero borró el mensaje rapidísimo,#KaiMentiroso #QueDijoKai,,2026-03-15 04:06:38,Cuenta_Nueva,0.0,57,279.0,0.1,No,1
2380,2197.0,256,@brayan15,X,Descripción de captura,Clásico: pasa algo de madrugada y para el mediodía ya todos tienen opinión la verdad 🤔🤔,#QueDijoKai,,2026-03-15 05:27:00,Anónimo,2.1,19,20.0,3.7,No,1
2381,2256.0,286,@miguelco,TikTok,Comentario,"todo mundo subiendo teorías, nadie subiendo pruebas ya en serio...",#QueDijoKai,,2026-03-15 03:45:09,Cuenta_Nueva,21.1,181,186.0,1.2,No,0
2382,2379.0,321,@antonianino_11,X,Comentario,"me acaban de contar que me llegó por WhatsApp que Kai sí arregló todo, no tengo la fuente original",#KaiDuarte #FueraKai,,2026-03-15 04:14:08,Cuenta_Nueva,4.7,191,617.0,7.0,No,0
2383,2334.0,304,@adrianariostv,Instagram,Comentario,posta que un tiktok con millones de vistas ya lo dio por hecho,#QueDijoKai,,2026-03-15 04:27:08,Cuenta_Nueva,13.2,764,556.0,1.9,Sí (idéntico a publicación de 2023 sobre otro creador),1
2384,2282.0,205,@andrescruz,X,Descripción de captura,en mi casa no se habla de otra cosa desde anoche y eso que apenas empieza el día...,#Cancelado #OjoConEstoKai,,2026-03-15 04:15:41,Anónimo,30.0,14604,56.0,4.4,No,0
2385,,281,@david_,X,Post original,"Sea cual sea la verdad, la forma en que se está manejando esto es un desastre y cada rato cambia la versión...",#QueDijoKai #KaiDuarte,,2026-03-15 04:19:11,Anónimo,18.4,401,630.0,0.1,No,0
2386,2162.0,273,@laurasabana,Instagram,Comentario,honestamente ya perdí la cuenta de cuántas pruebas van de verdad 💀💀,#KaiDuarte #EvaluandoLaSituacion,,2026-03-15 04:31:43,Cuenta_Nueva,0.0,258,50.0,2.6,No,1
2387,2370.0,312,@ricardocun,X,Comentario,circula que alguien juró que tiene capturas del chat privado pero nunca las publicó,#FueraKai,,2026-03-15 07:27:29,Anónimo,0.3,171,223.0,10.3,No,1
2388,2342.0,357,@noloocultes_757,TikTok,Repost/Cita,"COMPARTAN esto antes de que lo borren, la verdad sobre Kai #CancelenAKai",#CancelenAKai,,2026-03-15 03:18:27,Bot_Sospechoso,2.2,23996,155.0,19.2,No,0
2389,,12,@manuela,TikTok,Descripción de captura,@NovaVolt ustedes ya sabían de esto o no? necesitamos que hablen,,PulsoTech,2026-03-15 01:42:38,Fan_Antiguo,1985.8,2321,24.0,2.6,No,1
2390,2293.0,215,@johanaortiz_col,X,Descripción de captura,"esto ya lo vi venir hace rato, algo raro pasaba y nadie sabe ni qué creer",#QueDijoKai,,2026-03-15 05:16:50,Anónimo,925.1,969,66.0,0.7,No,0
2391,2325.0,52,@monicaperez_11,Instagram,Comentario,"yo hacía memes de Kai, ahora no sé ni qué publicar",#EvaluandoLaSituacion,,2026-03-15 03:42:09,Verificado,2143.8,11246,54.0,2.2,No,0
2392,2121.0,174,@mateocruz_col,Instagram,Comentario,ya perdí la cuenta de cuántos hilos van sobre esto y nadie sabe ni qué creer 🤔,,,2026-03-15 03:49:12,Anónimo,1499.3,2558,33.0,0.4,No,0
2393,2365.0,324,@david_00,X,Comentario,circula que alguien juró que tiene capturas del chat privado pero nunca las publicó,,,2026-03-15 03:48:44,Anónimo,2.3,146,3610.0,19.8,Sí (idéntico a publicación de 2023 sobre otro creador),1
2394,2103.0,249,@daniela15,X,Comentario,Dejen a la gente en paz hasta que se sepa la verdad y eso que apenas empieza el día,,,2026-03-15 04:33:23,Anónimo,1073.8,27330,130.0,0.1,No,1
2395,2280.0,203,@danielaperez2020,TikTok,Comentario,yo esperaría el comunicado oficial antes de opinar la verdad 💀💀,#JusticiaParaKai #KaiEsInocente,,2026-03-15 04:59:37,Verificado,30.0,3012,37.0,3.7,No,1
2396,,444,@VerificaYA_Co,X,Post original,Seguimos revisando la evidencia compartida; por ahora no hay elementos suficientes para confirmar ni descartar.,#VerificaAntesDeCompartir,,2026-03-15 00:18:41,Verificado,1600.0,90000,411.0,0.1,No,2
2397,2335.0,192,@nataliacardenas15,Instagram,Transcripción de audio/video,yo vine a leer los comentarios que siempre son mejores que la noticia sin exagerar,#QueDijoKai,,2026-03-15 02:37:10,Anónimo,517.2,179,136.0,1.9,No,1
2398,,115,@claudiasabana,X,Comentario,si esto no se aclara hoy se va a armar una novela de meses y nadie sabe ni qué creer 😳😳,#EvaluandoLaSituacion #Cancelado,,2026-03-15 03:43:40,Fan_Antiguo,638.0,12316,11.0,2.4,No,0
2399,2325.0,265,@luisacun,Instagram,Comentario,"sea cual sea la verdad, la forma en que se está manejando esto es un desastre ya en serio 😭😭",#Cancelado #EvaluandoLaSituacion,,2026-03-15 03:36:17,Cuenta_Nueva,13.2,1241,83.0,2.1,No,0
2400,2311.0,383,@despiertaya_138,X,Repost/Cita,"COMPARTAN esto antes de que lo borren, la verdad sobre Kai #CancelenAKai",#CancelenAKai,,2026-03-15 03:50:49,Bot_Sospechoso,0.4,34510,196.0,24.2,No,0
2401,2236.0,165,@alejandro_ug,X,Transcripción de audio/video,"la marca ya se está lavando las manos, típico y las marcas ni se han pronunciado bien 🤔",#EvaluandoLaSituacion,,2026-03-15 04:56:45,Verificado,692.5,990,37.0,3.1,No,0
2402,2187.0,233,@maria,X,Comentario,actualización: revisé el reglamento público del sorteo y coincide con lo que se hizo,,,2026-03-15 04:36:36,Anónimo,30.0,2221,148.0,7.7,No,4
2403,2193.0,179,@hector15,X,Comentario,circula que circula el rumor de que hay más pruebas guardadas para después,,,2026-03-15 03:11:12,Anónimo,1917.0,11210,1398.0,19.7,Sí (idéntico a publicación de 2023 sobre otro creador),0
2404,,156,@wilson_uni,X,Descripción de captura,si UrbanKrew no rompe el contrato hoy yo dejo de comprarles,#KaiDuarte,NovaVolt,2026-03-15 00:19:31,Anónimo,,1025,376.0,2.7,No,0
2405,2247.0,195,@sofia_ug,X,Comentario,dato: yo estaba conectado desde el minuto uno y no vi nada extraño,#KaiDuarte #QueDijoKai,,2026-03-15 03:16:20,Fan_Antiguo,1096.8,1324,375.0,3.0,No,1
2406,,444,@VerificaYA_Co,X,Post original,Encontramos inconsistencias de horario en al menos dos de las pruebas que circulan.,#VerificaAntesDeCompartir,,2026-03-15 04:15:58,Verificado,1600.0,90000,806.0,7.5,Sí (idéntico a publicación de 2023 sobre otro creador),2
2407,2306.0,65,@miguelgomez98,Instagram,Repost/Cita,honestamente ya perdí la cuenta de cuántas pruebas van ya en serio 💀💀,#QueDijoKai #YoLeCreoAKai,,2026-03-15 05:25:14,Verificado,736.6,556,184.0,3.7,No,0
2408,2315.0,278,@isabellaalarcon_11,X,Comentario,"vi la transmisión completa dos veces, no encuentro el corte que muestran",#EvaluandoLaSituacion #JusticiaParaKai,,2026-03-15 03:25:47,Anónimo,11.2,119,31.0,3.6,No,3
2409,2228.0,368,@apoyomateo_446,X,Repost/Cita,"KAI ES CULPABLE, ya hay pruebas, no lo defiendan más #CancelenAKai",#CancelenAKai,,2026-03-15 03:42:42,Bot_Sospechoso,0.6,35057,190.0,23.6,No,0
2410,,314,@esteban_uni,TikTok,Transcripción de audio/video,el que suba a defenderlo sin pruebas también me da desconfianza sinceramente.,#QueDijoKai,,2026-03-14 23:49:18,Anónimo,4.7,256,28.0,2.8,No,1
2411,2154.0,143,@johanaleon2020,Foro anónimo,Descripción de captura,tremendo desorden se armó de la nada anoche de verdad...,,,2026-03-15 05:09:04,Verificado,1114.5,52359,137.0,2.3,No,2
2412,,70,@kevincruz,X,Comentario,"todo mundo subiendo teorías, nadie subiendo pruebas otra vez...",,,2026-03-15 03:25:25,Fan_Antiguo,1424.7,457,64.0,0.1,No,1
2413,2199.0,268,@viviana_real,Instagram,Comentario,esto se siente exactamente igual a lo del año pasado con otro streamer,#QueDijoKai #CancelenAKai,,2026-03-15 05:05:24,Cuenta_Nueva,10.6,1154,,1.0,No,0
2414,2400.0,353,@mvidalteam_304,X,Repost/Cita,esto es un ESCÁNDALO y las marcas lo están tapando #CancelenAKai,#CancelenAKai,,2026-03-15 03:52:40,Bot_Sospechoso,2.8,12794,80.0,11.0,No,0
2415,2379.0,97,@mateoleon_real,Instagram,Comentario,  dato: yo estaba conectado desde el minuto uno y no vi nada extraño   ,#EvaluandoLaSituacion,,2026-03-15 04:12:51,Verificado,30.0,521,64.0,3.6,No,2
2416,2356.0,366,@mvidalteam_057,TikTok,Repost/Cita,"COMPARTAN esto antes de que lo borren, la verdad sobre Kai #CancelenAKai",#CancelenAKai,,2026-03-15 04:57:57,Bot_Sospechoso,2.5,16887,111.0,16.1,No,0
2417,2052.0,31,@santiagoleon07,X,Descripción de captura,esto me recuerda a como diez casos parecidos de verdad 💀,#Cancelado,,2026-03-15 05:17:56,Verificado,866.1,7203,135.0,3.0,No,0
2418,,32,@valeria,X,Transcripción de audio/video,yo vine a leer los comentarios que siempre son mejores que la noticia y las marcas ni se han pronunciado bien,#QueDijoKai,,2026-03-14 23:53:46,Verificado,380.2,6269,25.0,2.6,No,0
2419,2228.0,354,@mvidalteam_128,X,Repost/Cita,"confirmado, Kai amañó el sorteo, pasen la voz #CancelenAKai",#CancelenAKai,,2026-03-15 03:47:48,Bot_Sospechoso,1.9,10228,36.0,28.2,No,0
2420,2402.0,211,@sebastian03,X,Comentario,"para que sepan: seguí el proceso desde el chat en vivo, a mí se vio transparente",#JusticiaParaKai,,2026-03-15 04:41:43,Fan_Antiguo,30.0,2710,1802.0,3.9,No,2
2421,2120.0,384,@despiertaya_630,X,Repost/Cita,esto es un ESCÁNDALO y las marcas lo están tapando #CancelenAKai,#CancelenAKai,,2026-03-15 03:27:25,Bot_Sospechoso,0.1,40015,158.0,24.4,No,0
2422,2380.0,17,@ricardo_ug,Instagram,Comentario,si esto no se aclara hoy se va a armar una novela de meses y todavía falta que hable Kai...,,,2026-03-15 05:33:50,Anónimo,30.0,6602,46.0,1.6,No,0
2423,2329.0,214,@karenrojassabana,X,Comentario,Un conocido trabaja en el canal y dice que ahí todo queda respaldado,#JusticiaParaKai,,2026-03-15 05:27:41,Verificado,971.4,364,463.0,1.1,No,1
2424,2304.0,62,@tomas_,Instagram,Comentario,yo vine a leer los comentarios que siempre son mejores que la noticia y eso que apenas empieza el día.,,,2026-03-15 03:41:44,Anónimo,1442.6,3056,169.0,3.6,No,1
2425,2307.0,423,@teamkai_270,TikTok,Comentario,el historial de Kai con sus sorteos ha sido limpio siempre,#JusticiaParaKai,,2026-03-15 03:51:55,Fan_Antiguo,577.6,1280,74.0,9.4,No,1
2426,2250.0,228,@lilianaco,TikTok,Comentario,ya perdí la cuenta de cuántos hilos van sobre esto y cada rato cambia la versión 😳,,,2026-03-15 07:07:28,Anónimo,30.0,481,18.0,0.1,No,1
2427,,41,@adrianaperez_11,Instagram,Comentario,cada hora aparece un ángulo nuevo de esto otra vez...,#Cancelado,,2026-03-15 02:53:12,Fan_Antiguo,661.4,738,38.0,4.3,No,1
2428,2328.0,346,@sebastianpardo_real,TikTok,Repost/Cita,yo llevo horas viendo hilos sobre esto en vez de dormir la verdad.,#QueDijoKai,,2026-03-15 05:23:53,Anónimo,12.0,15,21.0,2.2,No,0
2429,2354.0,398,@porsiempreKai_678,X,Comentario,"esa imagen no es nueva, ya circulaba con otro nombre hace tiempo",#JusticiaParaKai,,2026-03-15 03:27:41,Anónimo,105.8,2484,227.0,12.8,No,0
2430,2217.0,142,@isabellasabana,X,Repost/Cita,yo creo que hay que esperar antes de sacar conclusiones,#Cancelado #EvaluandoLaSituacion,,2026-03-15 04:51:22,Fan_Antiguo,448.8,11085,72.0,1.8,No,0
2431,2188.0,104,@paulasuarez,TikTok,Comentario,yo esperaría el comunicado oficial antes de opinar y las marcas ni se han pronunciado bien,#KaiDuarte #Cancelado,,2026-03-15 06:26:55,Fan_Antiguo,30.0,1549,13.0,3.8,No,0
2432,2241.0,241,@gabriela_00,TikTok,Repost/Cita,"Cada quien cree lo que quiere creer, ya nadie mira pruebas ya en serio...",,,2026-03-15 02:33:39,Verificado,759.1,8195,95.0,0.1,No,0
2433,2221.0,62,@tomas_,Instagram,Comentario,"actualización: seguí el proceso desde el chat en vivo, a mí se vio transparente",,,2026-03-15 06:57:06,Anónimo,1442.6,3056,80.0,4.8,No,2
2434,,70,@kevincruz,X,Comentario,@UrbanKrew ustedes ya sabían de esto o no? necesitamos que hablen,,UrbanKrew,2026-03-15 03:43:05,Fan_Antiguo,1424.7,457,91.0,0.7,No,0
2435,,91,@cesarramirezcun,X,Post original,"sea cual sea la verdad, la forma en que se está manejando esto es un desastre sin exagerar",,,2026-03-15 03:12:16,Verificado,2835.2,1010,11.0,4.7,No,0
2436,2429.0,418,@fansdekai_039,X,Comentario,"si escuchan el audio completo, Kai está bromeando, no confesando nada",#JusticiaParaKai,,2026-03-15 04:04:27,Fan_Antiguo,0.0,385,270.0,5.3,No,0
2437,2200.0,291,@alejandrolopez2020,TikTok,Comentario,esto habla más de nosotros como internet que de Kai la verdad y nadie sabe ni qué creer,,,2026-03-15 03:37:55,Cuenta_Nueva,7.1,2281,78.0,2.3,No,3
2438,2388.0,41,@adrianaperez_11,X,Comentario,no puedo creer lo que está pasando con Kai y eso que apenas empieza el día.,,,2026-03-15 03:46:54,Fan_Antiguo,661.4,738,194.0,0.5,No,0
2439,2328.0,5,@tatiana2020,X,Comentario,NovaVolt debería esperar los resultados antes de tomar una decisión así de grande,,PulsoTech,2026-03-15 05:26:01,Verificado,692.0,2193,22.0,2.7,No,0
2440,2388.0,379,@despiertaya_760,X,Repost/Cita,"KAI ES CULPABLE, ya hay pruebas, no lo defiendan más #CancelenAKai",#CancelenAKai,,2026-03-15 03:24:47,Bot_Sospechoso,0.0,20225,140.0,23.9,No,2
2441,,347,@luisarojas_,X,Post original,esto va a ser tendencia todo el día seguro y cada rato cambia la versión 😭😭,#QueDijoKai,,2026-03-15 02:06:44,Anónimo,10.7,40,41.0,1.3,No,0
2442,,134,@tatianamedina07,X,Repost/Cita,"Que fastidio, otra vez cancelando a alguien sin dejarlo hablar sin exagerar...",#QueDijoKai,,2026-03-15 04:01:00,Verificado,898.6,490,12.0,1.4,No,0
2443,2404.0,165,@alejandro_ug,X,Comentario,tremendo desorden se armó de la nada anoche de verdad...,,,2026-03-15 04:13:35,Verificado,692.5,990,57.0,0.1,No,0
2444,,231,@hectorcun,Foro anónimo,Post original,el trending de hoy tenía que ser esto obviamente sin exagerar.,#QueDijoKai #JusticiaParaKai,,2026-03-15 00:24:26,Verificado,30.0,2665,23.0,4.5,No,0
2445,2337.0,384,@despiertaya_630,TikTok,Repost/Cita,"KAI ES CULPABLE, ya hay pruebas, no lo defiendan más #CancelenAKai",#CancelenAKai,,2026-03-15 04:09:02,Bot_Sospechoso,0.1,40015,109.0,17.1,No,0
2446,2110.0,214,@karenrojassabana,X,Comentario,mis amigas y yo llevamos toda la noche hablando de esto y cada rato cambia la versión 🤔🤔,,,2026-03-15 04:34:50,Verificado,971.4,364,20.0,2.4,No,0
2447,,447,@RedFactCheckCo,X,Post original,Seguimos revisando la evidencia compartida; por ahora no hay elementos suficientes para confirmar ni descartar.,#VerificaAntesDeCompartir,,2026-03-15 00:59:10,Verificado,3000.0,210000,189.0,1.2,No,2
2448,2156.0,249,@daniela15,TikTok,Comentario,no había visto esta cantidad de gente opinando de algo en meses 💀,,,2026-03-15 04:50:32,Anónimo,1073.8,27330,11.0,1.0,No,1
2449,2402.0,189,@maria15,TikTok,Comentario,para que sepan: el ganador de mi ciudad sí recibió el premio sin ningún inconveniente,,,2026-03-15 04:40:18,Verificado,1261.6,8295,,1.4,No,6
2450,2168.0,93,@julianasabana,TikTok,Repost/Cita,esto va a ser tendencia todo el día seguro sinceramente...,#KaiMentiroso,,2026-03-15 04:01:59,Verificado,776.3,2783,79.0,0.2,No,0
2451,2388.0,367,@noloocultes_218,X,Repost/Cita,"confirmado, Kai amañó el sorteo, pasen la voz #CancelenAKai",#CancelenAKai,,2026-03-15 04:05:50,Bot_Sospechoso,1.0,4889,78.0,4.6,No,0
2452,2157.0,314,@esteban_uni,X,Comentario,si esto no se aclara hoy se va a armar una novela de meses y nadie sabe ni qué creer.,#QueDijoKai,,2026-03-15 04:08:39,Anónimo,4.7,256,170.0,4.0,No,0
2453,2375.0,421,@teamkai_478,Instagram,Comentario,"eso que están pasando como prueba nueva es de un caso viejo, no es de ahora",#JusticiaParaKai,,2026-03-15 07:25:24,Anónimo,0.0,677,347.0,1.4,No,1
2454,2179.0,246,@julianninobogota,Instagram,Repost/Cita,si esto resulta ser falso alguien tiene que responder por el daño y todavía falta que hable Kai 💀,,,2026-03-15 05:02:12,Fan_Antiguo,909.3,961,104.0,2.1,No,0
2455,2420.0,139,@gabrielanino_real,Foro anónimo,Comentario,"actualización: vi la transmisión completa dos veces, no encuentro el corte que muestran",#JusticiaParaKai,,2026-03-15 04:45:37,Anónimo,2428.8,1858,33.0,5.7,No,0
2456,2451.0,374,@mvidalteam_863,TikTok,Repost/Cita,"KAI ES CULPABLE, ya hay pruebas, no lo defiendan más #CancelenAKai",#CancelenAKai,,2026-03-15 04:09:14,Bot_Sospechoso,2.2,15246,79.0,19.5,No,0
2457,2295.0,62,@tomas_,Foro anónimo,Comentario,"esto se puso serio rapidísimo, hace una hora era chisme otra vez",,,2026-03-15 02:30:22,Anónimo,1442.6,3056,38.0,1.2,No,1
2458,2320.0,308,@johanacun,X,Comentario,esto habla más de nosotros como internet que de Kai la verdad de verdad,#KaiDuarte #Cancelado,,2026-03-15 05:44:32,Cuenta_Nueva,,537,239.0,1.9,No,0
2459,2402.0,6,@carolina,X,Comentario,circula que dicen que hay un audio filtrado completo pero nadie lo ha mostrado,#EvaluandoLaSituacion,,2026-03-15 04:44:54,Anónimo,1964.7,16177,1661.0,13.0,Sí (idéntico a publicación de 2023 sobre otro creador),0
2460,2438.0,33,@cristiansabana,X,Comentario,yo esperaría el comunicado oficial antes de opinar y nadie sabe ni qué creer,#EvaluandoLaSituacion,,2026-03-15 03:59:56,Anónimo,883.4,15683,93.0,3.2,No,0
2461,,194,@cesar_ug,X,Post original,Alguien me explica bien qué fue lo que pasó anoche otra vez...,#EvaluandoLaSituacion,,2026-03-15 02:59:57,Anónimo,560.4,1122,216.0,2.4,No,0
2462,2314.0,262,@oscarpinzon,Instagram,Repost/Cita,me parece raro que PulsoTech se pronuncie tan rápido sin saber toda la historia,#OjoConEstoKai #EvaluandoLaSituacion,UrbanKrew,2026-03-15 05:08:01,Cuenta_Nueva,0.2,142,148.0,3.3,No,1
2463,2239.0,277,@yesidcastro,TikTok,Comentario,me acaban de contar que circula una lista de pruebas pero ninguna se puede verificar bien,,,2026-03-15 06:41:02,Anónimo,23.9,374,309.0,0.1,No,0
2464,2369.0,262,@oscarpinzon,Instagram,Comentario,"dato: el proceso del sorteo se hizo con testigos externos, no solo del equipo de Kai",#QueDijoKai #KaiDuarte,,2026-03-15 03:30:39,Cuenta_Nueva,0.2,142,207.0,0.9,No,4
2465,2111.0,259,@karensuarez,Instagram,Transcripción de audio/video,no puedo creer lo que está pasando con Kai y todavía falta que hable Kai 🤔,#KaiDuarte,,2026-03-15 04:00:24,Anónimo,,3606,19.0,1.8,No,0
2466,2258.0,403,@teamkai_304,Instagram,Comentario,"en ningún sorteo anterior de Kai hubo una queja así, raro que ahora sí",#JusticiaParaKai,,2026-03-15 07:05:15,Anónimo,805.1,110,457.0,0.1,No,1
2467,2188.0,64,@isabella,X,Repost/Cita,no puedo creer lo que está pasando con Kai de verdad,#FakeNews,,2026-03-15 06:31:38,Verificado,591.4,922,11.0,1.8,No,0
2468,2429.0,328,@carolina99,Instagram,Comentario,"dicen que me contaron que alguien del equipo renunció por esto, sin confirmación",,,2026-03-15 03:42:37,Anónimo,16.4,76,521.0,5.8,No,1
2469,2158.0,314,@esteban_uni,TikTok,Repost/Cita,si esto no se aclara hoy se va a armar una novela de meses y cada rato cambia la versión...,,,2026-03-15 04:06:19,Anónimo,4.7,256,29.0,1.4,No,0
2470,2425.0,339,@vivianatv,X,Transcripción de audio/video,en mi casa no se habla de otra cosa desde anoche sinceramente.,#EvaluandoLaSituacion,,2026-03-15 04:10:59,Anónimo,0.1,521,164.0,1.3,No,0
2471,2073.0,137,@ricardomorenocun,X,Comentario,"vi que PulsoTech sacó un comunicado, muy tibio la verdad",#QueDijoKai,UrbanKrew,2026-03-15 06:30:49,Fan_Antiguo,1378.5,3271,317.0,1.7,No,0
2472,2455.0,160,@juan_11,X,Repost/Cita,ya perdí la cuenta de cuántos hilos van sobre esto y eso que apenas empieza el día 😳,#Cancelado,,2026-03-15 04:58:16,Fan_Antiguo,30.0,12260,81.0,1.5,No,0
2473,2245.0,32,@valeria,TikTok,Comentario,Dato: seguridad del evento confirmó que hubo varios testigos presentes,#QueDijoKai,,2026-03-15 04:48:15,Verificado,380.2,6269,88.0,0.5,No,1
2474,,257,@carolinaramirez34,Instagram,Post original,esto me recuerda a como diez casos parecidos y cada rato cambia la versión.,#Cancelado,,2026-03-15 04:01:00,Anónimo,7.3,69,112.0,0.2,No,1
2475,2470.0,288,@monicatv,TikTok,Comentario,dicen que alguien juró que tiene capturas del chat privado pero nunca las publicó,#CancelenAKai,,2026-03-15 04:20:23,Anónimo,7.2,413,74.0,6.1,No,1
2476,2322.0,74,@samuel_col,X,Repost/Cita,"a mi me da igual, no sigo a Kai pero el trending me tiene aquí leyendo la verdad",#YoLeCreoAKai,,2026-03-15 01:27:53,Verificado,2095.2,7866,224.0,2.3,No,1
2477,2451.0,349,@jorgecun,X,Comentario,ojo con esto: alguien juró que tiene capturas del chat privado pero nunca las publicó,#FueraKai,,2026-03-15 04:19:11,Cuenta_Nueva,2.2,337,121.0,12.7,No,1
2478,2382.0,145,@hector,X,Transcripción de audio/video,yo llevo horas viendo hilos sobre esto en vez de dormir y todavía falta que hable Kai.,#FueraKai,,2026-03-15 04:36:47,Verificado,326.3,2336,,0.6,No,0
2479,2447.0,382,@mvidalteam_885,X,Repost/Cita,esto es un ESCÁNDALO y las marcas lo están tapando #CancelenAKai,#CancelenAKai,,2026-03-15 02:24:11,Bot_Sospechoso,0.0,18105,40.0,18.9,No,0
2480,2025.0,259,@karensuarez,X,Repost/Cita,"todo mundo subiendo teorías, nadie subiendo pruebas sin exagerar",,,2026-03-15 03:57:02,Anónimo,4.1,3606,31.0,1.6,No,1
2481,2465.0,240,@alejandrogomez,Instagram,Comentario,alguien me explica bien qué fue lo que pasó anoche de verdad.,#KaiDuarte #EvaluandoLaSituacion,,2026-03-15 04:03:05,Verificado,2138.9,9085,61.0,0.1,No,0
2482,2409.0,66,@isabellax,Instagram,Comentario,ojo con esto: circula el rumor de que hay más pruebas guardadas para después,#FueraKai,,2026-03-15 03:44:57,Fan_Antiguo,1122.6,9527,582.0,8.4,Sí (idéntico a publicación de 2023 sobre otro creador),0
2483,2467.0,222,@fabian07,X,Repost/Cita,"sea cual sea la verdad, la forma en que se está manejando esto es un desastre sinceramente.",,,2026-03-15 06:36:20,Verificado,519.2,3479,25.0,0.1,No,1
2484,2415.0,117,@estebanlopez98,X,Comentario,actualización: yo estaba conectado desde el minuto uno y no vi nada extraño,#KaiEsInocente,,2026-03-15 04:34:38,Verificado,2699.5,522,74.0,2.1,No,2
2485,2034.0,276,@carlos03,X,Comentario,alguien me explica bien qué fue lo que pasó anoche y las marcas ni se han pronunciado bien,#FakeNews,,2026-03-15 03:47:48,Anónimo,10.1,109,120.0,1.0,No,0
2486,2179.0,346,@sebastianpardo_real,X,Comentario,me acaban de contar que un tiktok con millones de vistas ya lo dio por hecho,,,2026-03-15 04:34:47,Anónimo,12.0,15,266.0,9.0,Sí (idéntico a publicación de 2023 sobre otro creador),0
2487,2429.0,407,@porsiempreKai_472,X,Comentario,el recorte de 14 segundos le quita todo el contexto a lo que dijo,#JusticiaParaKai,,2026-03-15 03:33:19,Fan_Antiguo,0.0,9580,76.0,5.1,No,2
2488,2394.0,298,@juliancastro_ug,X,Comentario,"que oso si es verdad, y que oso si no lo es y nadie sabe ni qué creer.",,,2026-03-15 04:46:59,Anónimo,11.5,268,108.0,2.6,No,0
2489,,248,@nicolaspinzon22,X,Post original,"esto ya lo vi venir hace rato, algo raro pasaba sinceramente",#EvaluandoLaSituacion,,2026-03-15 03:40:30,Anónimo,1947.6,12516,18.0,0.1,No,0
2490,2421.0,271,@manuela34,X,Comentario,"me acaban de contar que vi un live reaccionando que desmontó todo, aunque no lo vi completo",#CancelenAKai #KaiMentiroso,,2026-03-15 03:47:18,Anónimo,6.3,555,1467.0,11.9,Posible (similar a una publicación anterior),1
2491,2420.0,38,@yesid,TikTok,Comentario,Actualización: yo estaba conectado desde el minuto uno y no vi nada extraño,,,2026-03-15 04:48:30,Anónimo,1156.1,1653,,4.9,No,0
2492,2276.0,43,@cesarmoreno,TikTok,Descripción de captura,"a mi me da igual, no sigo a Kai pero el trending me tiene aquí leyendo y nadie sabe ni qué creer.",#JusticiaParaKai,,2026-03-15 04:19:58,Anónimo,399.3,2727,68.0,1.2,No,0
2493,2317.0,252,@karen_col,X,Comentario,para que sepan: revisé el reglamento público del sorteo y coincide con lo que se hizo,,,2026-03-15 05:09:23,Verificado,2028.8,5252,235.0,2.3,Posible (similar a una publicación anterior),3
2494,2311.0,181,@adrianagomez99,Instagram,Comentario,posta que dicen que hay un audio filtrado completo pero nadie lo ha mostrado,#FueraKai,,2026-03-15 03:59:26,Anónimo,519.8,405,308.0,8.2,No,0
2495,2308.0,374,@mvidalteam_863,X,Repost/Cita,"KAI ES CULPABLE, ya hay pruebas, no lo defiendan más #CancelenAKai",#CancelenAKai,,2026-03-15 05:00:00,Bot_Sospechoso,2.2,15246,110.0,23.6,No,2
2496,2468.0,278,@isabellaalarcon_11,Instagram,Comentario,dicen que hay un audio filtrado completo pero nadie lo ha mostrado,,,2026-03-15 04:07:08,Anónimo,11.2,119,149.0,15.0,No,1
2497,2271.0,394,@fansdekai_163,Instagram,Comentario,"esa imagen no es nueva, ya circulaba con otro nombre hace tiempo",#JusticiaParaKai,,2026-03-15 03:14:27,Anónimo,716.1,699,353.0,6.1,No,0
2498,2359.0,249,@daniela15,TikTok,Comentario,"vi que NovaVolt sacó un comunicado, muy tibio la verdad",#QueDijoKai,PulsoTech,2026-03-15 02:31:28,Anónimo,1073.8,27330,271.0,1.4,No,2
2499,2428.0,263,@claudiavargas22,Instagram,Comentario,alguien juró que tiene capturas del chat privado pero nunca las publicó,,,2026-03-15 05:26:23,Anónimo,6.8,214,351.0,8.5,No,1
2500,2495.0,385,@despiertaya_406,X,Repost/Cita,esto es un ESCÁNDALO y las marcas lo están tapando #CancelenAKai,#CancelenAKai,,2026-03-15 05:00:55,Bot_Sospechoso,1.5,11369,80.0,14.7,No,0
2501,2440.0,82,@kevincardenas2020,Instagram,Comentario,"sea cual sea la verdad, la forma en que se está manejando esto es un desastre la verdad",,,2026-03-15 03:57:58,Verificado,468.4,4255,14.0,0.1,No,0
2502,,281,@david_,TikTok,Repost/Cita,"cada rato sale un testigo nuevo, esto ya parece novela y todavía falta que hable Kai",#KaiDuarte,,2026-03-14 23:58:18,Anónimo,18.4,401,75.0,1.2,No,0
2503,2263.0,293,@sara_ug,Foro anónimo,Repost/Cita,el trending de hoy tenía que ser esto obviamente la verdad,#QueDijoKai,,2026-03-15 03:07:28,Anónimo,10.3,1071,68.0,3.2,No,0
2504,2301.0,130,@brayan_,TikTok,Comentario,"esto se puso serio rapidísimo, hace una hora era chisme de verdad.",#YoLeCreoAKai,,2026-03-15 04:00:15,Verificado,413.0,160,104.0,3.7,No,0
2505,2333.0,202,@melissagomez_11,X,Comentario,la cantidad de cuentas nuevas comentando esto me da mala espina de verdad,#EvaluandoLaSituacion,,2026-03-15 04:23:11,Anónimo,1288.8,466,9.0,3.3,No,0
2506,,206,@mateo,X,Transcripción de audio/video,el trending de hoy tenía que ser esto obviamente,#KaiDuarte #FakeNews,,2026-03-15 02:50:07,Fan_Antiguo,431.8,2415,28.0,2.0,No,2
2507,2394.0,336,@juan_ug,Instagram,Comentario,"dato: tengo un conocido que trabajó en la producción, dice que todo estuvo en orden",#KaiDuarte,,2026-03-15 04:52:18,Cuenta_Nueva,15.1,127,136.0,6.5,No,1
2508,2455.0,180,@lilianacruz_real,TikTok,Comentario,yo creo que yo estaba conectado desde el minuto uno y no vi nada extraño,#KaiDuarte #QueDijoKai,,2026-03-15 04:47:22,Fan_Antiguo,1202.1,3063,41.0,0.9,No,3
2509,2286.0,387,@noloocultes_981,TikTok,Repost/Cita,"KAI ES CULPABLE, ya hay pruebas, no lo defiendan más #CancelenAKai",#CancelenAKai,,2026-03-15 04:04:10,Bot_Sospechoso,3.0,11156,163.0,22.4,No,2
2510,2413.0,132,@kevinriosbogota,Instagram,Descripción de captura,"todo mundo subiendo teorías, nadie subiendo pruebas y eso que apenas empieza el día",,,2026-03-15 05:25:18,Fan_Antiguo,2082.7,1108,4.0,1.2,No,1
2511,2497.0,321,@antonianino_11,X,Comentario,  esto habla más de nosotros como internet que de Kai la verdad sinceramente 💀💀   ,,,2026-03-15 03:17:49,Cuenta_Nueva,4.7,191,22.0,1.6,No,1
2512,2478.0,340,@carlospardoco,Instagram,Comentario,"yo hacía memes de Kai, ahora no sé ni qué publicar y cada rato cambia la versión.",#EvaluandoLaSituacion #FakeNews,,2026-03-15 04:42:53,Cuenta_Nueva,12.3,86,130.0,1.4,No,0
2513,2294.0,195,@sofia_ug,TikTok,Comentario,yo esperaría el comunicado oficial antes de opinar de verdad,,,2026-03-15 06:48:17,Fan_Antiguo,1096.8,1324,129.0,6.3,No,0
2514,2456.0,296,@johanatv,Instagram,Comentario,El que suba a defenderlo sin pruebas también me da desconfianza sinceramente,#Cancelado,,2026-03-15 04:43:26,Cuenta_Nueva,10.5,139,260.0,3.8,No,0
2515,2260.0,313,@felipesalazar03,TikTok,Transcripción de audio/video,No había visto esta cantidad de gente opinando de algo en meses sinceramente,#OjoConEstoKai,,2026-03-15 04:16:32,Anónimo,0.6,52,89.0,1.8,No,0
2516,2414.0,277,@yesidcastro,X,Comentario,ojo con esto: alguien juró que tiene capturas del chat privado pero nunca las publicó,#QueDijoKai,,2026-03-15 04:14:47,Anónimo,23.9,374,2243.0,3.3,No,1
2517,2234.0,96,@claudia_oficial,X,Comentario,"cada rato sale un testigo nuevo, esto ya parece novela sinceramente 💀",#EvaluandoLaSituacion,,2026-03-15 03:47:44,Verificado,30.0,2448,95.0,1.9,No,1
2518,2509.0,366,@mvidalteam_057,X,Repost/Cita,"KAI ES CULPABLE, ya hay pruebas, no lo defiendan más #CancelenAKai",#CancelenAKai,,2026-03-15 04:39:11,Bot_Sospechoso,2.5,16887,105.0,7.7,No,0
2519,,444,@VerificaYA_Co,X,Post original,Seguimos revisando la evidencia compartida; por ahora no hay elementos suficientes para confirmar ni descartar.,#VerificaAntesDeCompartir,,2026-03-15 00:40:56,Verificado,1600.0,90000,222.0,5.1,No,4
2520,2453.0,122,@ricardo_real,Instagram,Repost/Cita,el trending de hoy tenía que ser esto obviamente y todavía falta que hable Kai.,,,2026-03-15 07:29:49,Fan_Antiguo,919.2,3307,30.0,3.6,No,0
2521,2441.0,278,@isabellaalarcon_11,X,Comentario,la gente ya no espera pruebas para cancelar a nadie y todavía falta que hable Kai,#QueDijoKai #KaiDuarte,,2026-03-15 03:17:54,Anónimo,11.2,119,51.0,1.8,No,0
2522,2413.0,110,@yuliana,Instagram,Repost/Cita,dejen a la gente en paz hasta que se sepa la verdad otra vez...,#Cancelado #EvaluandoLaSituacion,,2026-03-15 05:08:32,Verificado,1050.4,12050,45.0,0.1,No,0
2523,2468.0,50,@ivanalarcon_col,TikTok,Comentario,"para que sepan: el clip completo, sin el corte de 14 segundos, cuenta una historia distinta",,,2026-03-15 03:47:04,Anónimo,2157.2,12104,126.0,11.4,No,2
2524,2314.0,147,@ricardorios2020,TikTok,Repost/Cita,esto se siente exactamente igual a lo del año pasado con otro streamer de verdad.,#KaiDuarte #JusticiaParaKai,,2026-03-15 05:01:49,Anónimo,188.5,943,33.0,5.9,No,0
2525,2233.0,36,@sebastian_00,Foro anónimo,Comentario,yo vine a leer los comentarios que siempre son mejores que la noticia,#Cancelado,,2026-03-15 05:19:20,Verificado,1113.8,958,18.0,0.1,No,1
2526,,315,@tomasperezbogota,X,Comentario,dejen a la gente en paz hasta que se sepa la verdad y cada rato cambia la versión,#Cancelado,,2026-03-15 00:40:56,Cuenta_Nueva,0.0,32,17.0,0.1,No,2
2527,,175,@johanasabana,Instagram,Comentario,la cantidad de cuentas nuevas comentando esto me da mala espina sinceramente...,,,2026-03-15 03:56:52,Verificado,1901.9,982,118.0,3.5,No,0
2528,2363.0,27,@cristiancruz15,Foro anónimo,Descripción de captura,esto se siente exactamente igual a lo del año pasado con otro streamer la verdad 😭😭,#Cancelado #KaiEsInocente,,2026-03-15 02:50:54,Fan_Antiguo,122.4,272,81.0,6.7,No,0
2529,2477.0,332,@natalia_real,X,Comentario,dicen que un influencer chiquito aseguró que tiene pruebas pero no las ha mostrado,,,2026-03-15 04:51:22,Anónimo,18.2,64,3464.0,5.4,No,0
2530,2359.0,243,@monicapinzon2020,TikTok,Comentario,"esto se puso serio rapidísimo, hace una hora era chisme la verdad",,,2026-03-15 02:38:04,Fan_Antiguo,1268.8,9767,11.0,1.6,No,0
2531,,109,@juanlopez07,Instagram,Repost/Cita,ya perdí la cuenta de cuántos hilos van sobre esto sin exagerar 😭😭,,,2026-03-15 04:01:58,Bot_Sospechoso,633.6,1789,16.0,3.7,No,0
2532,2424.0,55,@samuelco,X,Comentario,el trending de hoy tenía que ser esto obviamente y nadie sabe ni qué creer 🤔🤔,,,2026-03-15 03:48:06,Fan_Antiguo,123.3,7061,17.0,2.9,No,0
2533,2383.0,334,@juliana,Instagram,Comentario,"Vi un live reaccionando que desmontó todo, aunque no lo vi completo",,,2026-03-15 04:27:45,Cuenta_Nueva,0.9,203,397.0,0.1,No,1
2534,2402.0,28,@nataliasabana,X,Transcripción de audio/video,yo sigo esperando que Kai diga algo sin exagerar,#Cancelado,,2026-03-15 04:44:04,Fan_Antiguo,1727.1,1056,41.0,0.2,No,0
2535,,445,@DatosClarosCo,X,Post original,Pedimos cautela: varias publicaciones repiten el mismo texto casi palabra por palabra en minutos.,#VerificaAntesDeCompartir,,2026-03-15 03:03:03,Verificado,2400.0,130000,1142.0,4.5,No,0
2536,,64,@isabella,Foro anónimo,Post original,yo llevo horas viendo hilos sobre esto en vez de dormir de verdad,#KaiDuarte,,2026-03-15 01:46:58,Verificado,591.4,922,73.0,4.5,No,0
2537,2425.0,415,@fansdekai_985,Instagram,Comentario,"en ningún sorteo anterior de Kai hubo una queja así, raro que ahora sí",#JusticiaParaKai,,2026-03-15 03:57:44,Cuenta_Nueva,1059.5,2593,61.0,9.1,No,0
2538,2458.0,81,@nicolassalazar_col,Instagram,Comentario,un conocido trabaja en el canal y dice que ahí todo queda respaldado,,,2026-03-15 05:46:11,Anónimo,91.6,76,237.0,0.4,No,2
2539,2519.0,86,@saralopez34,X,Repost/Cita,ya perdí la cuenta de cuántos hilos van sobre esto ya en serio...,,,2026-03-15 02:33:00,Verificado,749.9,14859,80.0,3.7,No,0
2540,2528.0,312,@ricardocun,TikTok,Descripción de captura,tremendo desorden se armó de la nada anoche y las marcas ni se han pronunciado bien,,,2026-03-15 02:55:37,Anónimo,0.3,171,60.0,2.0,No,0
2541,2472.0,281,@david_,TikTok,Comentario,honestamente ya perdí la cuenta de cuántas pruebas van sin exagerar...,,,2026-03-15 05:19:20,Anónimo,18.4,401,74.0,1.3,No,0
2542,2209.0,375,@despiertaya_871,TikTok,Repost/Cita,"no dejen que borren la evidencia, guarden capturas ya #CancelenAKai",#CancelenAKai,,2026-03-15 03:13:52,Bot_Sospechoso,0.8,10230,264.0,31.6,No,0
2543,2537.0,408,@teamkai_358,TikTok,Comentario,el historial de Kai con sus sorteos ha sido limpio siempre,#JusticiaParaKai,,2026-03-15 04:21:34,Anónimo,729.5,521,190.0,0.1,No,5
2544,2206.0,61,@juan34,X,Comentario,La cantidad de cuentas nuevas comentando esto me da mala espina ya en serio,,,2026-03-15 04:31:21,Anónimo,30.0,1023,38.0,1.8,No,0
2545,,300,@ivan2020,X,Comentario,yo esperaría el comunicado oficial antes de opinar...,#Cancelado #CancelenAKai,,2026-03-15 01:45:00,Cuenta_Nueva,17.7,815,107.0,1.3,No,0
2546,2266.0,343,@angie07,X,Descripción de captura,yo vine a leer los comentarios que siempre son mejores que la noticia de verdad...,#VerificaAntesDeCompartir,,2026-03-15 07:29:02,Cuenta_Nueva,21.7,613,34.0,2.1,No,0
2547,2405.0,271,@manuela34,X,Comentario,para que sepan: nadie de los que participamos notó nada fuera de lo normal esa noche,,,2026-03-15 03:48:32,Anónimo,6.3,555,141.0,0.8,No,0
2548,,7,@juliana_ug,TikTok,Comentario,@NovaVolt ustedes ya sabían de esto o no? necesitamos que hablen,#KaiDuarte #EvaluandoLaSituacion,UrbanKrew,2026-03-15 00:09:57,Verificado,240.9,1015,61.0,1.3,No,0
2549,,128,@laura99,Instagram,Comentario,"Esto se puso serio rapidísimo, hace una hora era chisme y todavía falta que hable Kai",#KaiMentiroso,,2026-03-15 00:39:43,Anónimo,481.6,2773,49.0,2.9,No,0
2550,,174,@mateocruz_col,TikTok,Post original,la gente ya no espera pruebas para cancelar a nadie y cada rato cambia la versión,,,2026-03-15 02:09:08,Anónimo,1499.3,2558,82.0,1.3,No,0
2551,2509.0,376,@despiertaya_109,X,Repost/Cita,"KAI ES CULPABLE, ya hay pruebas, no lo defiendan más #CancelenAKai",#CancelenAKai,,2026-03-15 04:09:58,Bot_Sospechoso,1.7,25160,102.0,17.4,No,0
2552,2430.0,122,@ricardo_real,TikTok,Comentario,"yo creo que tengo un conocido que trabajó en la producción, dice que todo estuvo en orden",#KaiEsInocente #JusticiaParaKai,,2026-03-15 05:07:44,Fan_Antiguo,919.2,3307,87.0,0.1,Posible (similar a una publicación anterior),6
2553,2283.0,216,@vivianaramirez_ug,X,Repost/Cita,@UrbanKrew ustedes ya sabían de esto o no? necesitamos que hablen,,PulsoTech,2026-03-15 04:11:36,Anónimo,448.1,1917,18.0,0.1,No,1
2554,2372.0,29,@antonia34,X,Comentario,"seguí el proceso desde el chat en vivo, a mí se vio transparente",,,2026-03-15 04:07:10,Verificado,1009.1,48489,214.0,9.1,No,1
2555,2400.0,353,@mvidalteam_304,X,Repost/Cita,"confirmado, Kai amañó el sorteo, pasen la voz #CancelenAKai",#CancelenAKai,,2026-03-15 04:03:23,Bot_Sospechoso,2.8,12794,375.0,11.1,No,2
2556,2509.0,169,@vivianacruz_00,TikTok,Comentario,"a mi me da igual, no sigo a Kai pero el trending me tiene aquí leyendo y las marcas ni se han pronunciado bien...",,,2026-03-15 04:05:57,Anónimo,313.8,38563,14.0,1.8,No,0
2557,2122.0,203,@danielaperez2020,Instagram,Comentario,NovaVolt debería esperar los resultados antes de tomar una decisión así de grande,,PulsoTech,2026-03-15 03:00:27,Verificado,30.0,3012,199.0,1.4,No,0
2558,2484.0,235,@ricardo98,X,Comentario,yo creo que el ganador de mi ciudad sí recibió el premio sin ningún inconveniente,#YoLeCreoAKai #Cancelado,,2026-03-15 05:27:36,Bot_Sospechoso,1284.4,3028,130.0,5.0,No,3
2559,2361.0,200,@sofiasuarez_oficial,TikTok,Comentario,"Honestamente, yo estaba conectado desde el minuto uno y no vi nada extraño",,,2026-03-15 03:52:39,Anónimo,1916.5,2891,400.0,1.3,No,2
2560,2550.0,275,@ximenabogota,TikTok,Transcripción de audio/video,no había visto esta cantidad de gente opinando de algo en meses y todavía falta que hable Kai 🤔,,,2026-03-15 02:52:31,Cuenta_Nueva,5.0,676,38.0,3.3,No,0
2561,2382.0,339,@vivianatv,Instagram,Comentario,esto habla más de nosotros como internet que de Kai la verdad y cada rato cambia la versión...,,,2026-03-15 04:14:58,Anónimo,0.1,521,43.0,1.8,No,1
2562,2380.0,401,@porsiempreKai_785,TikTok,Comentario,"llevo horas buscando la prueba de verdad y no existe, es puro rumor",#JusticiaParaKai,,2026-03-15 05:29:54,Anónimo,250.2,268,472.0,5.5,No,2
2563,2531.0,394,@fansdekai_163,X,Comentario,"en ningún sorteo anterior de Kai hubo una queja así, raro que ahora sí",#JusticiaParaKai,,2026-03-15 04:04:35,Anónimo,716.1,699,267.0,9.0,No,4
2564,,446,@ChequeoDigitalCO,X,Post original,Seguimos revisando la evidencia compartida; por ahora no hay elementos suficientes para confirmar ni descartar.,#VerificaAntesDeCompartir,,2026-03-15 02:08:10,Verificado,1100.0,60000,805.0,2.1,No,3
2565,2433.0,243,@monicapinzon2020,X,Comentario,  no había visto esta cantidad de gente opinando de algo en meses sin exagerar   ,,,2026-03-15 07:05:29,Fan_Antiguo,1268.8,9767,19.0,1.4,No,1
2566,2425.0,427,@fansdekai_532,TikTok,Comentario,el recorte de 14 segundos le quita todo el contexto a lo que dijo,#JusticiaParaKai,,2026-03-15 04:02:04,Anónimo,1350.2,110,270.0,13.3,No,1
2567,2493.0,240,@alejandrogomez,Instagram,Repost/Cita,clásico: pasa algo de madrugada y para el mediodía ya todos tienen opinión la verdad,,,2026-03-15 05:25:43,Verificado,2138.9,9085,14.0,3.4,No,0
2568,2504.0,44,@santiago_,Instagram,Comentario,la gente ya no espera pruebas para cancelar a nadie ya en serio,#VerificaAntesDeCompartir,,2026-03-15 04:14:32,Verificado,30.0,172,35.0,3.0,No,1
2569,2195.0,109,@juanlopez07,X,Comentario,me parece raro que NovaVolt se pronuncie tan rápido sin saber toda la historia,#KaiDuarte #EvaluandoLaSituacion,PulsoTech,2026-03-15 05:58:56,Anónimo,633.6,1789,28.0,3.0,No,1
2570,,195,@sofia_ug,Foro anónimo,Post original,Yo sigo esperando que Kai diga algo y cada rato cambia la versión,#Cancelado,,2026-03-15 00:47:56,Fan_Antiguo,1096.8,1324,12.0,0.1,No,0
2571,2487.0,65,@miguelgomez98,Instagram,Comentario,yo sigo esperando que Kai diga algo y las marcas ni se han pronunciado bien 🤔,#KaiDuarte,,2026-03-15 03:51:32,Verificado,736.6,556,95.0,0.2,No,1
2572,2286.0,50,@ivanalarcon_col,Instagram,Comentario,"Dato: el proceso del sorteo se hizo con testigos externos, no solo del equipo de Kai",#YoLeCreoAKai #EvaluandoLaSituacion,,2026-03-15 02:37:29,Anónimo,2157.2,12104,115.0,1.0,No,4
2573,,112,@kevinmoreno34,TikTok,Comentario,clásico: pasa algo de madrugada y para el mediodía ya todos tienen opinión y todavía falta que hable Kai 🤔🤔,#QueDijoKai,,2026-03-14 23:49:21,Verificado,100.5,1674,40.0,4.3,No,1
2574,2536.0,340,@carlospardoco,X,Comentario,"que oso si es verdad, y que oso si no lo es y cada rato cambia la versión",,,2026-03-15 01:54:08,Cuenta_Nueva,12.3,86,31.0,4.6,No,0
2575,2509.0,367,@noloocultes_218,X,Repost/Cita,"no dejen que borren la evidencia, guarden capturas ya #CancelenAKai",#CancelenAKai,,2026-03-15 04:16:09,Bot_Sospechoso,1.0,4889,25.0,17.4,No,2
2576,2423.0,17,@ricardo_ug,TikTok,Descripción de captura,la gente ya no espera pruebas para cancelar a nadie ya en serio...,#EvaluandoLaSituacion,,2026-03-15 05:40:43,Anónimo,30.0,6602,64.0,2.7,No,1
2577,2474.0,249,@daniela15,X,Comentario,el trending de hoy tenía que ser esto obviamente de verdad...,,,2026-03-15 04:03:01,Anónimo,1073.8,27330,228.0,1.7,No,0
2578,2451.0,295,@kevin15,TikTok,Comentario,dejen a la gente en paz hasta que se sepa la verdad y nadie sabe ni qué creer...,,,2026-03-15 04:11:01,Anónimo,22.8,699,90.0,0.7,No,0
2579,2490.0,266,@gabrielasabana,X,Comentario,"cada rato sale un testigo nuevo, esto ya parece novela ya en serio 😳",#Cancelado #KaiDuarte,,2026-03-15 04:10:19,Cuenta_Nueva,13.9,1813,71.0,3.9,No,0
2580,2493.0,201,@cesar15,X,Descripción de captura,alguien me explica bien qué fue lo que pasó anoche y cada rato cambia la versión.,#KaiDuarte,,2026-03-15 05:16:48,Anónimo,1280.8,4998,29.0,1.3,No,0
2581,2368.0,55,@samuelco,Instagram,Comentario,"cada quien cree lo que quiere creer, ya nadie mira pruebas sin exagerar",#EvaluandoLaSituacion #KaiEsInocente,,2026-03-15 03:42:20,Fan_Antiguo,123.3,7061,287.0,4.5,No,0
2582,2529.0,296,@johanatv,X,Comentario,ojo con esto: circula una lista de pruebas pero ninguna se puede verificar bien,#KaiDuarte,,2026-03-15 04:53:30,Cuenta_Nueva,10.5,139,,16.8,No,0
2583,2529.0,298,@juliancastro_ug,X,Comentario,si PulsoTech no rompe el contrato hoy yo dejo de comprarles,,PulsoTech,2026-03-15 04:58:32,Anónimo,11.5,268,70.0,1.9,No,0
2584,2496.0,48,@yulianapardo_col,Instagram,Descripción de captura,yo esperaría el comunicado oficial antes de opinar la verdad,#Cancelado,,2026-03-15 04:23:10,Fan_Antiguo,1261.8,5372,92.0,2.8,No,0
2585,2377.0,347,@luisarojas_,Instagram,Comentario,Ojo con esto: circula el rumor de que hay más pruebas guardadas para después,#FueraKai,,2026-03-15 06:24:26,Anónimo,10.7,40,265.0,12.9,No,1
2586,2447.0,113,@monica_,X,Comentario,para que sepan: yo estuve cerca del evento y no noté nada raro esa noche,#JusticiaParaKai,,2026-03-15 01:56:15,Anónimo,30.0,44636,17.0,0.1,No,1
2587,,31,@santiagoleon07,X,Post original,No había visto esta cantidad de gente opinando de algo en meses ya en serio.,#KaiEsInocente,,2026-03-15 03:53:31,Verificado,866.1,7203,38.0,2.7,No,0
2588,2405.0,222,@fabian07,Instagram,Comentario,"tengo un conocido que trabajó en la producción, dice que todo estuvo en orden",,,2026-03-15 04:01:18,Verificado,519.2,3479,80.0,4.9,No,4
2589,2368.0,127,@diegocun,Instagram,Descripción de captura,"esto ya lo vi venir hace rato, algo raro pasaba",,,2026-03-15 03:36:13,Fan_Antiguo,1580.1,1614,35.0,2.6,No,0
2590,2275.0,286,@miguelco,X,Comentario,"yo hacía memes de Kai, ahora no sé ni qué publicar de verdad.",#FakeNews,,2026-03-15 03:34:14,Cuenta_Nueva,21.1,181,202.0,3.8,No,1
2591,,212,@sofiaco,TikTok,Comentario,"todo mundo subiendo teorías, nadie subiendo pruebas y cada rato cambia la versión 😳",#EvaluandoLaSituacion,,2026-03-15 03:06:05,Fan_Antiguo,597.0,3332,139.0,2.5,No,0
2592,,234,@david03,X,Post original,dejen a la gente en paz hasta que se sepa la verdad de verdad,#EvaluandoLaSituacion,,2026-03-15 01:45:17,Fan_Antiguo,1143.8,3770,204.0,2.9,No,0
2593,2510.0,304,@adrianariostv,TikTok,Comentario,"Que fastidio, otra vez cancelando a alguien sin dejarlo hablar la verdad 💀",#KaiDuarte,,2026-03-15 05:26:33,Cuenta_Nueva,13.2,764,73.0,2.1,No,0
2594,2590.0,281,@david_,TikTok,Comentario,todo el mundo etiquetando a UrbanKrew pidiendo que se pronuncien,,PulsoTech,2026-03-15 03:44:52,Anónimo,18.4,401,280.0,4.5,No,0
2595,,34,@valentina07,Instagram,Comentario,si esto resulta ser falso alguien tiene que responder por el daño la verdad...,#KaiDuarte #Cancelado,,2026-03-15 01:56:51,Anónimo,753.6,762,40.0,0.4,No,0
2596,2449.0,6,@carolina,TikTok,Comentario,"para que sepan: tengo un conocido que trabajó en la producción, dice que todo estuvo en orden",,,2026-03-15 04:54:15,Anónimo,1964.7,16177,78.0,5.5,Sí (idéntico a publicación de 2023 sobre otro creador),3
2597,2468.0,293,@sara_ug,TikTok,Comentario,"me acaban de contar que según un grupo de Facebook, esto ya se sabía desde hace meses",#QueDijoKai,,2026-03-15 04:13:40,Anónimo,10.3,1071,1019.0,6.7,No,1
2598,2393.0,308,@johanacun,TikTok,Comentario,"dicen que vi un live reaccionando que desmontó todo, aunque no lo vi completo",#KaiDuarte,,2026-03-15 03:59:03,Cuenta_Nueva,4.5,537,174.0,16.7,Sí (idéntico a publicación de 2023 sobre otro creador),1
2599,2400.0,236,@tomas_col,TikTok,Comentario,"dato: la plataforma que usaron para el sorteo es auditable, cualquiera puede revisarla",#Cancelado #KaiDuarte,,2026-03-15 03:51:30,Fan_Antiguo,367.2,2412,79.0,0.8,Posible (similar a una publicación anterior),2
2600,2449.0,297,@jhon_real,Instagram,Comentario,"dato: tengo un conocido que trabajó en la producción, dice que todo estuvo en orden",,,2026-03-15 04:44:23,Cuenta_Nueva,0.0,57,633.0,2.8,No,4
2601,2383.0,310,@lilianacardenas_real,X,Comentario,Circula que alguien juró que tiene capturas del chat privado pero nunca las publicó,#KaiDuarte,,2026-03-15 04:46:38,Anónimo,13.7,85,553.0,15.1,No,0
2602,,57,@tatianacun,Foro anónimo,Comentario,honestamente ya perdí la cuenta de cuántas pruebas van sin exagerar,#CancelenAKai,,2026-03-15 02:11:08,Fan_Antiguo,1900.8,2479,28.0,3.5,No,1
2603,2563.0,405,@fansdekai_236,TikTok,Comentario,el historial de Kai con sus sorteos ha sido limpio siempre,#JusticiaParaKai,,2026-03-15 04:07:01,Fan_Antiguo,0.0,7567,128.0,2.9,No,1
2604,,318,@angie03,Instagram,Comentario,me parece raro que NovaVolt se pronuncie tan rápido sin saber toda la historia,#KaiDuarte,UrbanKrew,2026-03-15 01:10:04,Cuenta_Nueva,9.1,180,80.0,0.7,No,0
2605,2406.0,282,@daniela22,X,Comentario,honestamente ya perdí la cuenta de cuántas pruebas van sinceramente,,,2026-03-15 04:17:17,Cuenta_Nueva,6.0,153,74.0,1.4,No,0
2606,2518.0,355,@apoyomateo_602,X,Repost/Cita,"COMPARTAN esto antes de que lo borren, la verdad sobre Kai #CancelenAKai",#CancelenAKai,,2026-03-15 04:47:29,Bot_Sospechoso,1.5,3987,80.0,25.6,No,0
2607,2342.0,319,@cesar99,TikTok,Comentario,"ojo con esto: me llegó por WhatsApp que Kai sí arregló todo, no tengo la fuente original",#FueraKai #Cancelado,,2026-03-15 03:05:55,Cuenta_Nueva,17.7,313,1533.0,6.0,No,1
2608,2598.0,320,@yuliana22,TikTok,Comentario,"dicen que me llegó por WhatsApp que Kai sí arregló todo, no tengo la fuente original",,,2026-03-15 04:18:52,Cuenta_Nueva,18.5,191,928.0,15.6,No,1
2609,,86,@saralopez34,Instagram,Repost/Cita,yo sigo esperando que Kai diga algo.,#EvaluandoLaSituacion #Cancelado,,2026-03-15 00:07:08,Verificado,749.9,14859,94.0,0.3,No,1
2610,2289.0,327,@yuliana07,Foro anónimo,Comentario,no puedo creer lo que está pasando con Kai y nadie sabe ni qué creer,#VerificaAntesDeCompartir #EvaluandoLaSituacion,,2026-03-15 04:33:48,Cuenta_Nueva,14.7,52,35.0,3.0,No,0
2611,,186,@monicarios,Instagram,Comentario,clásico: pasa algo de madrugada y para el mediodía ya todos tienen opinión de verdad 🤔,,,2026-03-15 03:39:23,Anónimo,885.4,3535,215.0,3.7,No,0
2612,,287,@lilianax,Instagram,Comentario,no había visto esta cantidad de gente opinando de algo en meses y eso que apenas empieza el día.,#KaiDuarte,,2026-03-15 02:09:28,Cuenta_Nueva,20.0,280,106.0,4.1,No,0
2613,2356.0,145,@hector,Instagram,Transcripción de audio/video,yo llevo horas viendo hilos sobre esto en vez de dormir ya en serio 😳,,,2026-03-15 06:34:48,Verificado,326.3,2336,118.0,2.8,No,1
2614,,40,@claudia_ug,TikTok,Comentario,el que suba a defenderlo sin pruebas también me da desconfianza y todavía falta que hable Kai,,,2026-03-15 04:17:43,Anónimo,678.4,5987,53.0,0.6,No,0
2615,2328.0,307,@adrianacun,X,Comentario,yo llevo horas viendo hilos sobre esto en vez de dormir de verdad,#EvaluandoLaSituacion #QueDijoKai,,2026-03-15 05:16:11,Cuenta_Nueva,17.8,24,23.0,1.7,No,1
2616,2504.0,14,@estebanramirez03,X,Comentario,nadie de los que participamos notó nada fuera de lo normal esa noche,#JusticiaParaKai,,2026-03-15 04:01:31,Anónimo,281.6,387,92.0,0.5,No,4
2617,2568.0,193,@tatiana,X,Comentario,Si esto no se aclara hoy se va a armar una novela de meses y cada rato cambia la versión.,#EvaluandoLaSituacion,,2026-03-15 04:27:12,Anónimo,486.5,1215,94.0,0.1,No,0
2618,2472.0,48,@yulianapardo_col,X,Comentario,yo esperaría el comunicado oficial antes de opinar y eso que apenas empieza el día.,#Cancelado,,2026-03-15 05:00:58,Fan_Antiguo,1261.8,5372,45.0,0.1,No,1
2619,2145.0,31,@santiagoleon07,TikTok,Comentario,"todo mundo subiendo teorías, nadie subiendo pruebas de verdad 😳",#VerificaAntesDeCompartir,,2026-03-15 04:54:21,Verificado,866.1,7203,112.0,1.5,No,0
2620,2461.0,173,@mateox,Foro anónimo,Comentario,Dato: yo estaba conectado desde el minuto uno y no vi nada extraño,#EvaluandoLaSituacion,,2026-03-15 03:10:33,Verificado,604.3,958,186.0,1.8,No,0
2621,2377.0,85,@antonia_real,Instagram,Comentario,circula que una cuenta que no conozco subió una captura que supuestamente confirma todo,,,2026-03-15 06:22:08,Verificado,583.1,465,5945.0,7.4,No,0
2622,2600.0,271,@manuela34,TikTok,Comentario,"Dicen que me llegó por WhatsApp que Kai sí arregló todo, no tengo la fuente original",#Cancelado #FueraKai,,2026-03-15 04:51:28,Anónimo,6.3,555,160.0,7.9,No,1
2623,2343.0,205,@andrescruz,TikTok,Comentario,para que sepan: revisé el reglamento público del sorteo y coincide con lo que se hizo,,,2026-03-15 06:19:37,Anónimo,30.0,14604,149.0,4.3,No,4
2624,2490.0,349,@jorgecun,TikTok,Comentario,circula el rumor de que hay más pruebas guardadas para después,#QueDijoKai,,2026-03-15 03:53:54,Cuenta_Nueva,2.2,337,333.0,4.7,No,1
2625,2608.0,338,@cesarsabana,TikTok,Comentario,dicen que una cuenta que no conozco subió una captura que supuestamente confirma todo,,,2026-03-15 04:22:45,Cuenta_Nueva,2.6,970,507.0,6.2,No,1
2626,2260.0,147,@ricardorios2020,X,Descripción de captura,esto va a ser tendencia todo el día seguro y nadie sabe ni qué creer...,,,2026-03-15 04:14:17,Anónimo,188.5,943,49.0,0.6,No,0
2627,2601.0,237,@fabianvargas07,X,Comentario,yo vine a leer los comentarios que siempre son mejores que la noticia y eso que apenas empieza el día...,#KaiEsInocente,,2026-03-15 05:08:35,Verificado,1530.9,6462,36.0,3.6,No,1
2628,,447,@RedFactCheckCo,X,Post original,Aún no hemos podido contactar a la fuente original de la conversación filtrada.,#VerificaAntesDeCompartir,,2026-03-15 01:15:47,Verificado,3000.0,210000,2260.0,6.2,No,3
2629,2405.0,94,@nataliaramirezsabana,X,Comentario,Yo creo que yo estuve cerca del evento y no noté nada raro esa noche,,,2026-03-15 03:25:36,Anónimo,1465.7,1005,194.0,4.2,No,3
2630,,306,@carloslopez_col,X,Post original,esto habla más de nosotros como internet que de Kai la verdad y todavía falta que hable Kai,,,2026-03-15 03:19:48,Anónimo,13.2,420,54.0,1.0,No,0
2631,2273.0,288,@monicatv,Instagram,Comentario,increíble como en una noche esto se salió de control la verdad,#QueDijoKai,,2026-03-15 03:02:57,Anónimo,7.2,413,74.0,1.2,No,0
2632,2585.0,40,@claudia_ug,Instagram,Descripción de captura,"Pobre la gente que ganó de verdad el sorteo, ahora todos van a dudar de ellos la verdad",#EvaluandoLaSituacion,,2026-03-15 06:26:45,Anónimo,678.4,5987,34.0,2.1,No,0
2633,2603.0,68,@gabriela99,X,Comentario,"que fastidio, otra vez cancelando a alguien sin dejarlo hablar sin exagerar 😳",,,2026-03-15 04:12:12,Verificado,1575.7,29670,73.0,1.6,No,0
2634,2394.0,34,@valentina07,Instagram,Comentario,yo sigo esperando que Kai diga algo de verdad 😳,,,2026-03-15 04:34:08,Anónimo,753.6,762,20.0,4.6,No,0
2635,,336,@juan_ug,X,Descripción de captura,dejen a la gente en paz hasta que se sepa la verdad la verdad,#YoLeCreoAKai,,2026-03-15 02:06:23,Cuenta_Nueva,15.1,127,21.0,2.5,No,0
2636,2424.0,156,@wilson_uni,Foro anónimo,Comentario,yo esperaría el comunicado oficial antes de opinar ya en serio,#KaiDuarte,,2026-03-15 03:54:19,Anónimo,540.8,1025,23.0,4.5,No,0
2637,2452.0,28,@nataliasabana,X,Repost/Cita,Alguien me explica bien qué fue lo que pasó anoche de verdad,#CancelenAKai #FueraKai,,2026-03-15 04:18:56,Bot_Sospechoso,1727.1,1056,49.0,4.3,No,0
2638,2536.0,60,@alejandropinzon99,Foro anónimo,Comentario,Dejen a la gente en paz hasta que se sepa la verdad la verdad,#Cancelado,,2026-03-15 02:57:46,Anónimo,1712.2,2331,13.0,6.3,No,1
2639,2624.0,324,@david_00,TikTok,Comentario,posta que circula el rumor de que hay más pruebas guardadas para después,,,2026-03-15 03:57:21,Anónimo,2.3,146,68.0,7.7,Posible (similar a una publicación anterior),0
2640,2623.0,57,@tatianacun,TikTok,Comentario,"honestamente, vi la transmisión completa dos veces, no encuentro el corte que muestran",,,2026-03-15 06:25:30,Fan_Antiguo,1900.8,2479,122.0,2.6,No,2
2641,2609.0,218,@camilacardenas,Foro anónimo,Comentario,yo esperaría el comunicado oficial antes de opinar la verdad 🤔,,,2026-03-15 02:01:41,Verificado,2503.6,13569,48.0,1.7,No,0
2642,2621.0,363,@noloocultes_943,TikTok,Repost/Cita,"KAI ES CULPABLE, ya hay pruebas, no lo defiendan más #CancelenAKai",#CancelenAKai,,2026-03-15 06:29:00,Bot_Sospechoso,4.6,42323,87.0,8.7,No,0
2643,,296,@johanatv,X,Descripción de captura,dejen a la gente en paz hasta que se sepa la verdad sinceramente,#KaiMentiroso #CancelenAKai,,2026-03-15 03:08:04,Cuenta_Nueva,10.5,139,79.0,0.7,No,0
2644,2514.0,229,@luisa98,X,Transcripción de audio/video,yo esperaría el comunicado oficial antes de opinar sin exagerar,,,2026-03-15 04:46:31,Fan_Antiguo,603.8,369,111.0,0.8,No,0
2645,2497.0,420,@fansdekai_721,Instagram,Comentario,"nadie ha mostrado una prueba real, todo son capturas sin verificar",#JusticiaParaKai,,2026-03-15 03:15:06,Fan_Antiguo,37.7,1500,94.0,15.7,No,0
2646,2540.0,115,@claudiasabana,X,Comentario,esto habla más de nosotros como internet que de Kai la verdad sinceramente 🤔🤔,#CancelenAKai,,2026-03-15 04:03:44,Fan_Antiguo,638.0,12316,11.0,1.9,No,0
2647,,445,@DatosClarosCo,X,Post original,Aún no hemos podido contactar a la fuente original de la conversación filtrada.,#VerificaAntesDeCompartir,,2026-03-15 02:26:45,Verificado,2400.0,130000,435.0,6.1,No,0
2648,,444,@VerificaYA_Co,X,Post original,"El patrón de creación de cuentas alrededor de este tema es atípico, seguimos documentando.",#VerificaAntesDeCompartir,,2026-03-15 02:03:06,Bot_Sospechoso,1600.0,90000,228.0,7.7,No,2
2649,2490.0,256,@brayan15,TikTok,Comentario,Alguien juró que tiene capturas del chat privado pero nunca las publicó,#KaiMentiroso,,2026-03-15 03:51:29,Anónimo,2.1,19,181.0,14.0,No,1
2650,2550.0,327,@yuliana07,Instagram,Comentario,literal me desperté y lo primero que vi fue esto y nadie sabe ni qué creer 🤔🤔,#Cancelado #KaiDuarte,,2026-03-15 02:29:19,Cuenta_Nueva,14.7,52,62.0,2.3,No,0
2651,2538.0,404,@teamkai_817,X,Comentario,"en ningún sorteo anterior de Kai hubo una queja así, raro que ahora sí",#JusticiaParaKai,,2026-03-15 06:20:00,Anónimo,796.4,717,609.0,7.9,No,1
2652,,221,@carlosbogota,Foro anónimo,Post original,la cantidad de cuentas nuevas comentando esto me da mala espina.,#FakeNews,,2026-03-15 01:45:32,Fan_Antiguo,688.7,2235,17.0,0.1,No,0
2653,2279.0,257,@carolinaramirez34,X,Repost/Cita,"todo mundo subiendo teorías, nadie subiendo pruebas sin exagerar",#QueDijoKai,,2026-03-15 03:53:55,Anónimo,7.3,69,177.0,0.1,No,0
2654,,231,@hectorcun,X,Descripción de captura,esto habla más de nosotros como internet que de Kai la verdad la verdad,#QueDijoKai #EvaluandoLaSituacion,,2026-03-15 03:20:45,Verificado,30.0,2665,87.0,1.9,No,0
2655,2483.0,114,@tomaspinzonsabana,X,Comentario,ya perdí la cuenta de cuántos hilos van sobre esto 😭😭,#Cancelado #EvaluandoLaSituacion,,2026-03-15 06:37:05,Fan_Antiguo,30.0,1697,32.0,2.4,No,2
2656,2475.0,324,@david_00,X,Comentario,Posta que circula el rumor de que hay más pruebas guardadas para después,,,2026-03-15 04:23:22,Anónimo,2.3,146,868.0,23.4,Sí (idéntico a publicación de 2023 sobre otro creador),0
2657,2590.0,149,@paola,X,Repost/Cita,"esto ya lo vi venir hace rato, algo raro pasaba y cada rato cambia la versión...",,,2026-03-15 03:35:26,Fan_Antiguo,890.2,6350,372.0,2.1,No,0
2658,2566.0,427,@fansdekai_532,X,Comentario,"Kai lleva años siendo transparente con sus sorteos, esto no cuadra",#JusticiaParaKai,,2026-03-15 04:03:53,Anónimo,1350.2,110,68.0,14.0,No,0
2659,2570.0,50,@ivanalarcon_col,X,Descripción de captura,"yo hacía memes de Kai, ahora no sé ni qué publicar y nadie sabe ni qué creer.",,,2026-03-15 01:47:49,Anónimo,2157.2,12104,63.0,0.1,No,0
2660,2576.0,126,@sebastianalarconco,Instagram,Descripción de captura,"cada quien cree lo que quiere creer, ya nadie mira pruebas otra vez.",#YoLeCreoAKai #EvaluandoLaSituacion,,2026-03-15 05:49:00,Fan_Antiguo,142.0,1077,62.0,1.7,No,0
2661,,56,@viviana_uni,Foro anónimo,Comentario,"cada quien cree lo que quiere creer, ya nadie mira pruebas y eso que apenas empieza el día",#EvaluandoLaSituacion,,2026-03-15 03:47:40,Fan_Antiguo,1184.2,4271,108.0,1.8,No,0
2662,2397.0,158,@nataliacun,X,Comentario,"dato: seguí el proceso desde el chat en vivo, a mí se vio transparente",,,2026-03-15 03:11:26,Anónimo,30.0,624,404.0,5.5,No,2
2663,2651.0,398,@porsiempreKai_678,Instagram,Comentario,"Kai lleva años siendo transparente con sus sorteos, esto no cuadra",#JusticiaParaKai,,2026-03-15 06:26:46,Anónimo,105.8,2484,256.0,9.7,No,2
2664,2562.0,22,@karenpinzon_,Instagram,Descripción de captura,@NovaVolt ustedes ya sabían de esto o no? necesitamos que hablen,#CancelenAKai #FueraKai,NovaVolt,2026-03-15 05:39:03,Anónimo,2028.6,20256,30.0,3.2,No,0
2665,2482.0,316,@andres03,TikTok,Comentario,  Circula que circula una lista de pruebas pero ninguna se puede verificar bien   ,#QueDijoKai,,2026-03-15 03:48:57,Anónimo,20.3,898,726.0,15.3,No,1
2666,,323,@jhonmedina15,TikTok,Transcripción de audio/video,no había visto esta cantidad de gente opinando de algo en meses y las marcas ni se han pronunciado bien,,,2026-03-15 01:30:03,Cuenta_Nueva,17.5,1391,15.0,0.7,No,0
2667,,240,@alejandrogomez,X,Repost/Cita,esto me recuerda a como diez casos parecidos y todavía falta que hable Kai,#KaiDuarte #Cancelado,,2026-03-15 02:15:05,Verificado,2138.9,9085,75.0,3.2,No,0
2668,2653.0,81,@nicolassalazar_col,TikTok,Comentario,"yo creo que el proceso del sorteo se hizo con testigos externos, no solo del equipo de Kai",,,2026-03-15 03:55:03,Anónimo,91.6,76,179.0,6.0,No,3
2669,,243,@monicapinzon2020,X,Repost/Cita,Literal me desperté y lo primero que vi fue esto y eso que apenas empieza el día,,,2026-03-15 02:38:03,Fan_Antiguo,1268.8,9767,40.0,1.8,No,0
2670,2665.0,280,@fabianrojas34,X,Comentario,ojo con esto: una cuenta que no conozco subió una captura que supuestamente confirma todo,,,2026-03-15 04:01:47,Cuenta_Nueva,4.1,139,761.0,19.6,No,1
2671,2575.0,15,@ivanbogota,X,Transcripción de audio/video,esto va a ser tendencia todo el día seguro...,,,2026-03-15 04:18:02,Anónimo,398.5,843,67.0,1.2,No,1
2672,2636.0,243,@monicapinzon2020,TikTok,Descripción de captura,clásico: pasa algo de madrugada y para el mediodía ya todos tienen opinión y las marcas ni se han pronunciado bien.,#VerificaAntesDeCompartir,,2026-03-15 03:56:52,Fan_Antiguo,1268.8,9767,18.0,3.1,No,0
2673,2442.0,235,@ricardo98,TikTok,Comentario,Mis amigas y yo llevamos toda la noche hablando de esto la verdad,,,2026-03-15 04:03:56,Fan_Antiguo,1284.4,3028,14.0,1.1,No,0
2674,2551.0,388,@despiertaya_820,X,Repost/Cita,"KAI ES CULPABLE, ya hay pruebas, no lo defiendan más #CancelenAKai",#CancelenAKai,,2026-03-15 04:14:26,Bot_Sospechoso,1.3,11277,63.0,4.4,No,2
2675,2547.0,337,@antoniaperez99,TikTok,Comentario,"para que sepan: la plataforma que usaron para el sorteo es auditable, cualquiera puede revisarla",#KaiDuarte #JusticiaParaKai,,2026-03-15 03:53:19,Cuenta_Nueva,4.0,172,63.0,1.5,Posible (similar a una publicación anterior),4
2676,2586.0,274,@tomaspardotv,X,Comentario,yo creo que nadie de los que participamos notó nada fuera de lo normal esa noche,,,2026-03-15 02:01:27,Cuenta_Nueva,7.3,52,23.0,4.7,No,5
2677,,47,@felipex,TikTok,Repost/Cita,"cada rato sale un testigo nuevo, esto ya parece novela y nadie sabe ni qué creer",#KaiDuarte,,2026-03-15 03:56:13,Verificado,1856.1,893,13.0,1.3,No,1
2678,2414.0,312,@ricardocun,X,Comentario,"cada quien cree lo que quiere creer, ya nadie mira pruebas y nadie sabe ni qué creer 😭",,,2026-03-15 04:00:11,Anónimo,0.3,171,23.0,1.7,No,0
2679,2468.0,313,@felipesalazar03,Instagram,Comentario,Me acaban de contar que un tiktok con millones de vistas ya lo dio por hecho,#KaiMentiroso,,2026-03-15 03:50:02,Anónimo,0.6,52,675.0,9.7,No,1
2680,2461.0,102,@valentinamedina2020,TikTok,Comentario,"cada rato sale un testigo nuevo, esto ya parece novela y las marcas ni se han pronunciado bien...",#KaiDuarte,,2026-03-15 04:06:48,Fan_Antiguo,1475.2,2289,63.0,1.5,No,0
2681,2435.0,203,@danielaperez2020,TikTok,Comentario,la cantidad de cuentas nuevas comentando esto me da mala espina otra vez,#EvaluandoLaSituacion,,2026-03-15 03:21:47,Verificado,30.0,3012,24.0,2.5,No,0
2682,2642.0,355,@apoyomateo_602,TikTok,Repost/Cita,"no dejen que borren la evidencia, guarden capturas ya #CancelenAKai",#CancelenAKai,,2026-03-15 06:31:02,Bot_Sospechoso,1.5,3987,95.0,13.2,No,2
2683,2626.0,368,@apoyomateo_446,X,Repost/Cita,"confirmado, Kai amañó el sorteo, pasen la voz #CancelenAKai",#CancelenAKai,,2026-03-15 04:15:39,Bot_Sospechoso,0.6,35057,152.0,13.7,No,0
2684,2257.0,293,@sara_ug,Foro anónimo,Comentario,en mi casa no se habla de otra cosa desde anoche y eso que apenas empieza el día,#EvaluandoLaSituacion,,2026-03-15 06:13:18,Anónimo,10.3,1071,123.0,1.8,No,0
2685,2423.0,117,@estebanlopez98,Instagram,Comentario,actualización: seguridad del evento confirmó que hubo varios testigos presentes,#Cancelado,,2026-03-15 05:29:02,Verificado,2699.5,522,81.0,1.8,No,3
2686,2459.0,272,@oscarvargas34,TikTok,Comentario,Un tiktok con millones de vistas ya lo dio por hecho,#KaiMentiroso #CancelenAKai,,2026-03-15 04:54:24,Cuenta_Nueva,8.7,103,241.0,20.3,No,1
2687,2643.0,181,@adrianagomez99,Instagram,Comentario,"esto ya lo vi venir hace rato, algo raro pasaba sinceramente",#KaiDuarte,,2026-03-15 03:10:22,Anónimo,519.8,405,,2.6,No,1
2688,2414.0,382,@mvidalteam_885,X,Repost/Cita,"confirmado, Kai amañó el sorteo, pasen la voz #CancelenAKai",#CancelenAKai,,2026-03-15 03:57:20,Bot_Sospechoso,0.0,18105,62.0,22.2,No,0
2689,2592.0,211,@sebastian03,TikTok,Comentario,"sea cual sea la verdad, la forma en que se está manejando esto es un desastre y todavía falta que hable Kai",,,2026-03-15 04:18:32,Fan_Antiguo,30.0,2710,27.0,0.2,No,0
2690,2630.0,107,@tomascastro_,X,Comentario,"actualización: tengo un conocido que trabajó en la producción, dice que todo estuvo en orden",#QueDijoKai,,2026-03-15 03:35:09,Anónimo,1158.0,1947,135.0,3.9,No,4
2691,2647.0,336,@juan_ug,Instagram,Comentario,"honestamente, la plataforma que usaron para el sorteo es auditable, cualquiera puede revisarla",,,2026-03-15 03:07:30,Cuenta_Nueva,15.1,127,72.0,1.8,No,0
2692,2675.0,257,@carolinaramirez34,Foro anónimo,Comentario,en mi casa no se habla de otra cosa desde anoche y nadie sabe ni qué creer,#EvaluandoLaSituacion #QueDijoKai,,2026-03-15 03:57:12,Anónimo,7.3,69,23.0,1.7,No,0
2693,2496.0,71,@luisatv,Instagram,Transcripción de audio/video,"sea cual sea la verdad, la forma en que se está manejando esto es un desastre y nadie sabe ni qué creer",#EvaluandoLaSituacion,,2026-03-15 04:09:06,Anónimo,2238.0,4432,24.0,0.1,No,0
2694,2575.0,12,@manuela,Instagram,Comentario,"dicen que me contaron que alguien del equipo renunció por esto, sin confirmación",#CancelenAKai,,2026-03-15 04:17:03,Fan_Antiguo,1985.8,2321,441.0,12.3,No,1
2695,2514.0,25,@andres_ug,Foro anónimo,Transcripción de audio/video,@NovaVolt ustedes ya sabían de esto o no? necesitamos que hablen,,NovaVolt,2026-03-15 04:54:44,Verificado,732.4,3288,23.0,4.2,No,0
2696,2488.0,343,@angie07,TikTok,Descripción de captura,dejen a la gente en paz hasta que se sepa la verdad y eso que apenas empieza el día 💀💀,,,2026-03-15 04:53:42,Cuenta_Nueva,21.7,613,97.0,0.3,No,0
2697,2449.0,294,@melissa_,X,Comentario,para que sepan: revisé el reglamento público del sorteo y coincide con lo que se hizo,#QueDijoKai #EvaluandoLaSituacion,,2026-03-15 04:47:15,Cuenta_Nueva,14.6,1198,192.0,2.5,No,5
2698,2486.0,269,@mateo_real,TikTok,Repost/Cita,yo vine a leer los comentarios que siempre son mejores que la noticia de verdad...,#QueDijoKai,,2026-03-15 04:42:53,Cuenta_Nueva,0.0,621,7.0,1.9,No,0
2699,2489.0,134,@tatianamedina07,TikTok,Comentario,Honestamente ya perdí la cuenta de cuántas pruebas van y eso que apenas empieza el día,#KaiDuarte,,2026-03-15 04:05:25,Verificado,898.6,490,7.0,2.2,No,0
2700,2668.0,330,@johana_uni,Instagram,Comentario,"Dato: vi la transmisión completa dos veces, no encuentro el corte que muestran",#EvaluandoLaSituacion,,2026-03-15 04:00:44,Cuenta_Nueva,0.0,444,427.0,5.2,No,4
2701,2648.0,132,@kevinriosbogota,TikTok,Comentario,"honestamente, yo estaba conectado desde el minuto uno y no vi nada extraño",,,2026-03-15 03:59:19,Fan_Antiguo,2082.7,1108,242.0,1.2,No,1
2702,2500.0,354,@mvidalteam_128,X,Repost/Cita,"COMPARTAN esto antes de que lo borren, la verdad sobre Kai #CancelenAKai",#CancelenAKai,,2026-03-15 05:08:56,Bot_Sospechoso,1.9,10228,76.0,13.6,No,0
2703,,26,@juliana03,Foro anónimo,Comentario,"que oso si es verdad, y que oso si no lo es y cada rato cambia la versión",,,2026-03-15 01:43:18,Anónimo,2019.6,4115,75.0,3.9,No,2
2704,2664.0,425,@kaisquad_668,Instagram,Comentario,"nadie ha mostrado una prueba real, todo son capturas sin verificar",#JusticiaParaKai,,2026-03-15 05:40:46,Cuenta_Nueva,0.0,102,89.0,0.8,No,1
2705,,91,@cesarramirezcun,Instagram,Repost/Cita,si PulsoTech no rompe el contrato hoy yo dejo de comprarles,#EvaluandoLaSituacion,PulsoTech,2026-03-15 01:38:08,Verificado,2835.2,1010,287.0,1.4,No,0
2706,,313,@felipesalazar03,Foro anónimo,Comentario,si NovaVolt no rompe el contrato hoy yo dejo de comprarles,,UrbanKrew,2026-03-15 02:39:54,Anónimo,0.6,52,33.0,4.2,No,0
2707,2466.0,426,@fansdekai_453,X,Comentario,el recorte de 14 segundos le quita todo el contexto a lo que dijo,#JusticiaParaKai,,2026-03-15 07:20:17,Fan_Antiguo,913.6,190,111.0,19.1,No,2
2708,,236,@tomas_col,X,Transcripción de audio/video,  @UrbanKrew ustedes ya sabían de esto o no? necesitamos que hablen   ,,UrbanKrew,2026-03-15 03:30:43,Fan_Antiguo,367.2,2412,31.0,0.6,No,1
2709,,329,@monica34,X,Repost/Cita,el trending de hoy tenía que ser esto obviamente otra vez.,#OjoConEstoKai,,2026-03-15 04:12:13,Cuenta_Nueva,19.9,548,82.0,3.5,No,0
2710,,235,@ricardo98,X,Repost/Cita,"esto ya lo vi venir hace rato, algo raro pasaba y cada rato cambia la versión",#KaiDuarte #KaiEsInocente,,2026-03-15 02:44:28,Fan_Antiguo,1284.4,3028,41.0,4.5,No,1
2711,,265,@luisacun,X,Comentario,me parece raro que PulsoTech se pronuncie tan rápido sin saber toda la historia,#Cancelado,PulsoTech,2026-03-15 04:03:54,Cuenta_Nueva,13.2,1241,13.0,1.3,No,1
2712,2698.0,313,@felipesalazar03,X,Repost/Cita,dejen a la gente en paz hasta que se sepa la verdad...,#QueDijoKai,,2026-03-15 04:47:41,Anónimo,0.6,52,111.0,3.3,No,1
2713,2567.0,393,@kaisquad_426,X,Comentario,"ese clip está cortado, en el audio completo se nota que es sarcasmo",#JusticiaParaKai,,2026-03-15 05:39:02,Anónimo,671.8,889,254.0,5.1,No,0
2714,2440.0,323,@jhonmedina15,Instagram,Comentario,"pobre la gente que ganó de verdad el sorteo, ahora todos van a dudar de ellos otra vez",#KaiEsInocente,,2026-03-15 03:38:27,Cuenta_Nueva,17.5,1391,27.0,0.3,No,0
2715,2600.0,188,@santiago22,X,Comentario,dato: seguridad del evento confirmó que hubo varios testigos presentes,,,2026-03-15 04:51:51,Fan_Antiguo,2439.2,194,66.0,3.2,No,6
2716,2714.0,258,@cesarlopez98,X,Comentario,el trending de hoy tenía que ser esto obviamente ya en serio 😭😭,#FueraKai #KaiDuarte,,2026-03-15 03:52:48,Cuenta_Nueva,10.1,239,41.0,4.4,No,1
2717,2702.0,309,@valentinapinzonco,Instagram,Comentario,"Me acaban de contar que vi un live reaccionando que desmontó todo, aunque no lo vi completo",,,2026-03-15 05:20:11,Cuenta_Nueva,6.8,35,91.0,4.4,No,1
2718,2419.0,258,@cesarlopez98,X,Comentario,si PulsoTech no rompe el contrato hoy yo dejo de comprarles,,PulsoTech,2026-03-15 04:18:50,Cuenta_Nueva,10.1,239,15.0,2.2,No,0
2719,2620.0,76,@valentinaco,X,Comentario,dato: nadie de los que participamos notó nada fuera de lo normal esa noche,,,2026-03-15 03:17:28,Verificado,1652.5,5797,106.0,5.4,No,2
2720,2528.0,302,@carlos_oficial,TikTok,Comentario,el que suba a defenderlo sin pruebas también me da desconfianza y eso que apenas empieza el día 😭😭,#KaiDuarte #Cancelado,,2026-03-15 03:06:20,Cuenta_Nueva,1.1,9,15.0,1.0,No,0
2721,2688.0,287,@lilianax,X,Comentario,Me acaban de contar que circula una lista de pruebas pero ninguna se puede verificar bien,#EvaluandoLaSituacion #FueraKai,,2026-03-15 04:09:08,Cuenta_Nueva,20.0,280,659.0,5.8,No,1
2722,2693.0,241,@gabriela_00,X,Descripción de captura,dejen a la gente en paz hasta que se sepa la verdad sin exagerar...,,,2026-03-15 04:10:47,Verificado,759.1,8195,69.0,2.0,No,0
2723,2672.0,146,@kevinmoreno2020,TikTok,Repost/Cita,"sea cual sea la verdad, la forma en que se está manejando esto es un desastre ya en serio.",#Cancelado,,2026-03-15 04:01:03,Fan_Antiguo,632.8,8319,149.0,2.5,No,2
2724,,120,@sara_real,X,Descripción de captura,NovaVolt debería esperar los resultados antes de tomar una decisión así de grande,#EvaluandoLaSituacion,UrbanKrew,2026-03-15 02:47:08,Fan_Antiguo,30.0,618,37.0,2.4,No,0
2725,2558.0,42,@natalia03,Instagram,Comentario,revisé el reglamento público del sorteo y coincide con lo que se hizo,#EvaluandoLaSituacion,,2026-03-15 05:31:24,Anónimo,642.8,13959,131.0,3.1,No,2
2726,2662.0,24,@johanarios34,Instagram,Descripción de captura,si esto no se aclara hoy se va a armar una novela de meses ya en serio.,,,2026-03-15 03:25:21,Fan_Antiguo,30.0,7666,125.0,3.1,No,0
2727,2444.0,118,@miguelrios15,TikTok,Comentario,si esto resulta ser falso alguien tiene que responder por el daño sinceramente...,#Cancelado,,2026-03-15 03:08:01,Fan_Antiguo,651.1,3290,35.0,0.7,No,0
2728,2391.0,75,@cristianmedina_,Foro anónimo,Transcripción de audio/video,"a mi me da igual, no sigo a Kai pero el trending me tiene aquí leyendo la verdad",#Cancelado,,2026-03-15 03:43:36,Fan_Antiguo,30.0,58934,51.0,0.3,No,0
2729,2702.0,388,@despiertaya_820,X,Repost/Cita,"COMPARTAN esto antes de que lo borren, la verdad sobre Kai #CancelenAKai",#CancelenAKai,,2026-03-15 05:13:26,Bot_Sospechoso,1.3,11277,163.0,18.0,No,0
2730,2606.0,302,@carlos_oficial,TikTok,Comentario,dejen a la gente en paz hasta que se sepa la verdad la verdad,#EvaluandoLaSituacion,,2026-03-15 04:53:23,Cuenta_Nueva,1.1,9,181.0,3.0,No,0
2731,,314,@esteban_uni,TikTok,Comentario,"Pobre la gente que ganó de verdad el sorteo, ahora todos van a dudar de ellos ya en serio...",#Cancelado,,2026-03-14 23:49:02,Anónimo,4.7,256,27.0,0.3,No,0
2732,2535.0,107,@tomascastro_,X,Comentario,"vi la transmisión completa dos veces, no encuentro el corte que muestran",#JusticiaParaKai,,2026-03-15 03:05:39,Anónimo,1158.0,1947,80.0,0.7,No,1
2733,2540.0,256,@brayan15,X,Repost/Cita,no había visto esta cantidad de gente opinando de algo en meses de verdad 😳,#KaiDuarte,,2026-03-15 03:05:55,Anónimo,2.1,19,19.0,0.5,No,1
2734,2715.0,159,@sebastiantv,X,Comentario,para que sepan: un conocido trabaja en el canal y dice que ahí todo queda respaldado,,,2026-03-15 04:56:56,Verificado,878.4,281,124.0,4.2,No,1
2735,2674.0,258,@cesarlopez98,Foro anónimo,Comentario,circula que un tiktok con millones de vistas ya lo dio por hecho,,,2026-03-15 04:17:18,Cuenta_Nueva,10.1,239,794.0,10.1,No,1
2736,2707.0,405,@fansdekai_236,TikTok,Comentario,el historial de Kai con sus sorteos ha sido limpio siempre,#JusticiaParaKai,,2026-03-15 07:23:01,Fan_Antiguo,0.0,7567,141.0,0.1,No,0
2737,2590.0,140,@cristianramirez_,X,Comentario,yo vine a leer los comentarios que siempre son mejores que la noticia y las marcas ni se han pronunciado bien,#Cancelado,,2026-03-15 03:55:17,Verificado,853.0,1171,18.0,2.6,No,0
2738,2701.0,10,@carlos_00,Instagram,Comentario,"honestamente, revisé el reglamento público del sorteo y coincide con lo que se hizo",,,2026-03-15 04:00:30,Verificado,974.1,599,379.0,0.9,No,1
2739,2603.0,428,@kaisquad_528,Instagram,Comentario,"Kai lleva años siendo transparente con sus sorteos, esto no cuadra",#JusticiaParaKai,,2026-03-15 04:18:09,Cuenta_Nueva,1253.1,5202,364.0,14.5,No,1
2740,2386.0,199,@mariax,X,Comentario,"pobre la gente que ganó de verdad el sorteo, ahora todos van a dudar de ellos y eso que apenas empieza el día.",,,2026-03-15 04:38:34,Anónimo,1742.6,13297,,2.7,No,0
2741,2555.0,284,@melissaramirez34,TikTok,Comentario,posta que alguien juró que tiene capturas del chat privado pero nunca las publicó,#FueraKai,,2026-03-15 05:06:14,Cuenta_Nueva,3.6,1338,731.0,4.6,No,1
2742,,144,@carolinapinzon34,Instagram,Comentario,si esto no se aclara hoy se va a armar una novela de meses sin exagerar,#Cancelado,,2026-03-15 02:04:28,Fan_Antiguo,61.0,2900,24.0,1.7,No,0
2743,,183,@paula_00,TikTok,Comentario,no había visto esta cantidad de gente opinando de algo en meses y cada rato cambia la versión,#KaiMentiroso,,2026-03-15 02:19:59,Fan_Antiguo,1199.9,53184,89.0,2.4,No,0
2744,2702.0,393,@kaisquad_426,Instagram,Comentario,"en ningún sorteo anterior de Kai hubo una queja así, raro que ahora sí",#JusticiaParaKai,,2026-03-15 05:09:42,Anónimo,671.8,889,129.0,10.2,No,0
2745,2664.0,284,@melissaramirez34,X,Comentario,"Ojo con esto: según un grupo de Facebook, esto ya se sabía desde hace meses",,,2026-03-15 05:43:06,Cuenta_Nueva,3.6,1338,727.0,0.7,Sí (idéntico a publicación de 2023 sobre otro creador),1
2746,,39,@tatiana15,X,Descripción de captura,"pobre la gente que ganó de verdad el sorteo, ahora todos van a dudar de ellos y todavía falta que hable Kai",,,2026-03-15 02:01:27,Anónimo,1660.6,1149,21.0,0.1,No,0
2747,2603.0,241,@gabriela_00,X,Comentario,esto habla más de nosotros como internet que de Kai la verdad sinceramente...,#Cancelado #KaiDuarte,,2026-03-15 04:14:03,Verificado,759.1,8195,11.0,1.6,No,0
2748,2315.0,125,@jorge15,X,Descripción de captura,clásico: pasa algo de madrugada y para el mediodía ya todos tienen opinión otra vez,#KaiEsInocente,,2026-03-15 02:02:12,Anónimo,30.0,724,92.0,1.1,No,0
2749,2561.0,257,@carolinaramirez34,X,Comentario,me parece raro que NovaVolt se pronuncie tan rápido sin saber toda la historia,#EvaluandoLaSituacion,PulsoTech,2026-03-15 04:24:07,Anónimo,7.3,69,41.0,3.8,No,0
2750,,9,@yulianasuarez07,TikTok,Comentario,yo creo que hay que esperar antes de sacar conclusiones ya en serio,#QueDijoKai,,2026-03-15 02:25:38,Fan_Antiguo,511.7,4216,106.0,0.4,No,0
2751,2690.0,50,@ivanalarcon_col,Instagram,Comentario,"para que sepan: seguí el proceso desde el chat en vivo, a mí se vio transparente",#YoLeCreoAKai,,2026-03-15 03:40:43,Anónimo,2157.2,12104,28.0,5.7,No,3
2752,2710.0,374,@mvidalteam_863,X,Repost/Cita,"KAI ES CULPABLE, ya hay pruebas, no lo defiendan más #CancelenAKai",#CancelenAKai,,2026-03-15 03:39:37,Bot_Sospechoso,2.2,15246,76.0,10.9,No,0
2753,2719.0,212,@sofiaco,X,Comentario,actualización: yo estaba conectado desde el minuto uno y no vi nada extraño,#JusticiaParaKai,,2026-03-15 03:28:30,Fan_Antiguo,597.0,3332,626.0,0.1,No,4
2754,,102,@valentinamedina2020,X,Comentario,no había visto esta cantidad de gente opinando de algo en meses sinceramente.,#JusticiaParaKai #EvaluandoLaSituacion,,2026-03-15 03:52:51,Fan_Antiguo,1475.2,2289,44.0,3.9,No,0
2755,2713.0,417,@porsiempreKai_461,X,Comentario,"si escuchan el audio completo, Kai está bromeando, no confesando nada",#JusticiaParaKai,,2026-03-15 05:43:05,Cuenta_Nueva,0.0,231,117.0,11.2,No,0
2756,2422.0,104,@paulasuarez,Foro anónimo,Comentario,"yo hacía memes de Kai, ahora no sé ni qué publicar de verdad",,,2026-03-15 05:35:08,Fan_Antiguo,30.0,1549,52.0,5.0,No,0
2757,2499.0,270,@julianacardenas34,X,Comentario,dato: el ganador de mi ciudad sí recibió el premio sin ningún inconveniente,#QueDijoKai #EvaluandoLaSituacion,,2026-03-15 05:47:36,Cuenta_Nueva,0.0,1657,289.0,4.5,No,4
2758,2486.0,327,@yuliana07,TikTok,Comentario,Circula que circula una lista de pruebas pero ninguna se puede verificar bien,,,2026-03-15 04:40:12,Cuenta_Nueva,14.7,52,1826.0,10.6,No,0
2759,2606.0,346,@sebastianpardo_real,TikTok,Comentario,ojo con esto: supuestamente el ganador real habló pero borró el mensaje rapidísimo,,,2026-03-15 04:49:44,Anónimo,12.0,15,2834.0,11.8,Sí (idéntico a publicación de 2023 sobre otro creador),0
2760,2755.0,247,@antonia2020,X,Comentario,cada hora aparece un ángulo nuevo de esto y nadie sabe ni qué creer.,,,2026-03-15 05:48:05,Verificado,881.8,4732,82.0,2.0,No,0
2761,2392.0,20,@mateosabana,X,Repost/Cita,yo vine a leer los comentarios que siempre son mejores que la noticia la verdad,,,2026-03-15 03:55:43,Anónimo,188.2,1186,37.0,1.2,No,0
2762,2606.0,375,@despiertaya_871,X,Repost/Cita,"COMPARTAN esto antes de que lo borren, la verdad sobre Kai #CancelenAKai",#CancelenAKai,,2026-03-15 04:48:54,Bot_Sospechoso,0.8,10230,108.0,17.3,No,4
2763,2682.0,366,@mvidalteam_057,X,Repost/Cita,"KAI ES CULPABLE, ya hay pruebas, no lo defiendan más #CancelenAKai",#CancelenAKai,,2026-03-15 06:40:56,Bot_Sospechoso,2.5,16887,94.0,18.7,No,0
2764,2564.0,262,@oscarpinzon,Instagram,Comentario,dato: el ganador de mi ciudad sí recibió el premio sin ningún inconveniente,#KaiDuarte #Cancelado,,2026-03-15 02:13:34,Cuenta_Nueva,0.2,142,39.0,1.2,No,2
2765,2599.0,243,@monicapinzon2020,X,Comentario,"honestamente, yo estaba conectado desde el minuto uno y no vi nada extraño",#Cancelado,,2026-03-15 03:53:29,Fan_Antiguo,1268.8,9767,134.0,1.4,Posible (similar a una publicación anterior),1
2766,2687.0,78,@carloscun,X,Comentario,"esto se puso serio rapidísimo, hace una hora era chisme de verdad",,,2026-03-15 03:53:50,Verificado,1139.1,4722,72.0,0.8,No,0
2767,,229,@luisa98,TikTok,Comentario,literal me desperté y lo primero que vi fue esto de verdad...,#KaiEsInocente,,2026-03-15 01:02:39,Fan_Antiguo,603.8,369,49.0,0.4,No,1
2768,,251,@miguel_col,Foro anónimo,Post original,esto me recuerda a como diez casos parecidos de verdad,,,2026-03-15 02:58:00,Fan_Antiguo,1376.3,7608,93.0,4.0,No,0
2769,,171,@cesar07,X,Descripción de captura,literal me desperté y lo primero que vi fue esto otra vez.,,,2026-03-15 02:11:11,Verificado,1687.8,6372,137.0,0.1,No,0
2770,2426.0,225,@yesidgomez_real,Instagram,Comentario,esto me recuerda a como diez casos parecidos,#KaiMentiroso #Cancelado,,2026-03-15 07:23:11,Fan_Antiguo,1699.7,2882,108.0,0.1,No,0
2771,2732.0,212,@sofiaco,TikTok,Repost/Cita,NovaVolt debería esperar los resultados antes de tomar una decisión así de grande,,PulsoTech,2026-03-15 04:19:14,Fan_Antiguo,597.0,3332,29.0,3.9,No,1
2772,,350,@yulianaleon_real,X,Repost/Cita,"todo mundo subiendo teorías, nadie subiendo pruebas y las marcas ni se han pronunciado bien",#FueraKai #QueDijoKai,,2026-03-15 02:45:35,Cuenta_Nueva,0.0,556,38.0,1.4,No,1
2773,2484.0,140,@cristianramirez_,Foro anónimo,Comentario,"dato: la plataforma que usaron para el sorteo es auditable, cualquiera puede revisarla",#YoLeCreoAKai,,2026-03-15 04:49:04,Verificado,853.0,1171,241.0,3.1,No,1
2774,2756.0,305,@kevinsuarezcun,X,Comentario,Esto va a ser tendencia todo el día seguro y eso que apenas empieza el día.,#JusticiaParaKai,,2026-03-15 05:42:03,Anónimo,14.5,77,45.0,1.5,No,1
2775,2751.0,222,@fabian07,TikTok,Comentario,"dato: conozco a alguien que ganó un sorteo anterior de Kai, todo fue legal",,,2026-03-15 03:50:50,Verificado,,3479,1029.0,0.1,No,1
2776,2764.0,222,@fabian07,Foro anónimo,Comentario,"honestamente, seguí el proceso desde el chat en vivo, a mí se vio transparente",#YoLeCreoAKai #KaiEsInocente,,2026-03-15 03:49:26,Verificado,519.2,3479,351.0,3.0,No,3
2777,2623.0,332,@natalia_real,Instagram,Comentario,increíble como en una noche esto se salió de control y todavía falta que hable Kai 😳😳,#KaiDuarte,,2026-03-15 06:20:17,Anónimo,18.2,64,5.0,5.3,No,0
2778,2471.0,4,@jorgepinzon_00,TikTok,Transcripción de audio/video,"sea cual sea la verdad, la forma en que se está manejando esto es un desastre y eso que apenas empieza el día",#QueDijoKai #Cancelado,,2026-03-15 07:01:41,Fan_Antiguo,2455.1,125,31.0,2.4,No,0
2779,2732.0,323,@jhonmedina15,TikTok,Comentario,"yo creo que tengo un conocido que trabajó en la producción, dice que todo estuvo en orden",,,2026-03-15 04:03:19,Cuenta_Nueva,17.5,1391,229.0,1.9,Posible (similar a una publicación anterior),3
2780,2585.0,210,@oscarleon_ug,X,Descripción de captura,"vi que PulsoTech sacó un comunicado, muy tibio la verdad",#OjoConEstoKai,PulsoTech,2026-03-15 06:36:37,Fan_Antiguo,1298.5,4703,48.0,1.8,No,1
2781,2677.0,139,@gabrielanino_real,X,Comentario,yo creo que hay que esperar antes de sacar conclusiones y eso que apenas empieza el día,#EvaluandoLaSituacion,,2026-03-15 04:11:41,Anónimo,2428.8,1858,159.0,1.2,No,0
2782,2692.0,211,@sebastian03,Instagram,Transcripción de audio/video,el que suba a defenderlo sin pruebas también me da desconfianza otra vez,#QueDijoKai,,2026-03-15 04:02:45,Fan_Antiguo,30.0,2710,17.0,0.1,No,0
2783,2355.0,47,@felipex,TikTok,Comentario,no puedo creer lo que está pasando con Kai sinceramente...,#OjoConEstoKai #QueDijoKai,,2026-03-15 03:04:01,Verificado,1856.1,893,224.0,1.9,No,0
2784,,74,@samuel_col,X,Repost/Cita,Si esto resulta ser falso alguien tiene que responder por el daño y eso que apenas empieza el día,,,2026-03-15 03:17:11,Verificado,2095.2,7866,34.0,1.1,No,0
2785,2674.0,280,@fabianrojas34,X,Repost/Cita,ya perdí la cuenta de cuántos hilos van sobre esto sinceramente,,,2026-03-15 04:21:01,Cuenta_Nueva,4.1,139,23.0,1.8,No,0
2786,2749.0,350,@yulianaleon_real,X,Comentario,la cantidad de cuentas nuevas comentando esto me da mala espina y eso que apenas empieza el día,#EvaluandoLaSituacion,,2026-03-15 04:25:08,Cuenta_Nueva,0.0,556,41.0,4.7,No,0
2787,2651.0,309,@valentinapinzonco,X,Comentario,increíble como en una noche esto se salió de control sinceramente.,,,2026-03-15 06:24:19,Cuenta_Nueva,6.8,35,62.0,0.1,No,2
2788,2735.0,301,@harold99,X,Comentario,supuestamente el ganador real habló pero borró el mensaje rapidísimo,#KaiDuarte #EvaluandoLaSituacion,,2026-03-15 04:20:49,Anónimo,12.6,293,295.0,6.0,No,0
2789,2503.0,41,@adrianaperez_11,X,Comentario,si esto resulta ser falso alguien tiene que responder por el daño y nadie sabe ni qué creer 🤔🤔,#Cancelado,,2026-03-15 03:10:15,Fan_Antiguo,661.4,738,36.0,3.6,No,0
2790,2769.0,317,@felipelopez22,TikTok,Comentario,yo sigo esperando que Kai diga algo...,,,2026-03-15 02:35:02,Cuenta_Nueva,0.5,30,57.0,0.6,No,1
2791,,73,@lilianarios_00,X,Repost/Cita,"esto se puso serio rapidísimo, hace una hora era chisme y eso que apenas empieza el día",,,2026-03-15 04:13:13,Fan_Antiguo,248.8,8978,35.0,5.6,No,0
2792,2652.0,11,@sebastianpinzon,TikTok,Repost/Cita,Yo llevo horas viendo hilos sobre esto en vez de dormir sin exagerar 😭😭,#OjoConEstoKai,,2026-03-15 01:59:43,Verificado,1127.4,5125,499.0,0.7,No,1
2793,2435.0,327,@yuliana07,X,Comentario,me parece raro que UrbanKrew se pronuncie tan rápido sin saber toda la historia,#CancelenAKai #Cancelado,UrbanKrew,2026-03-15 03:30:15,Cuenta_Nueva,14.7,52,161.0,5.5,No,0
2794,2758.0,338,@cesarsabana,TikTok,Comentario,circula el rumor de que hay más pruebas guardadas para después,#KaiDuarte #FueraKai,,2026-03-15 04:56:29,Cuenta_Nueva,2.6,970,782.0,11.3,No,0
2795,,4,@jorgepinzon_00,TikTok,Comentario,"pobre la gente que ganó de verdad el sorteo, ahora todos van a dudar de ellos 😭",,,2026-03-15 01:48:10,Fan_Antiguo,2455.1,125,140.0,2.1,No,0
2796,,79,@isabella15,TikTok,Post original,el que suba a defenderlo sin pruebas también me da desconfianza y las marcas ni se han pronunciado bien,#OjoConEstoKai #Cancelado,,2026-03-15 01:40:06,Verificado,,2372,6.0,1.9,No,0
2797,2758.0,174,@mateocruz_col,Instagram,Comentario,@UrbanKrew ustedes ya sabían de esto o no? necesitamos que hablen,,NovaVolt,2026-03-15 04:43:36,Anónimo,1499.3,2558,27.0,5.1,No,0
2798,2628.0,272,@oscarvargas34,X,Comentario,revisé el reglamento público del sorteo y coincide con lo que se hizo,,,2026-03-15 02:11:32,Cuenta_Nueva,8.7,103,251.0,2.7,No,3
2799,,104,@paulasuarez,Instagram,Post original,esto se siente exactamente igual a lo del año pasado con otro streamer sin exagerar,#EvaluandoLaSituacion,,2026-03-15 03:53:26,Fan_Antiguo,30.0,1549,3588.0,1.8,No,0
2800,2765.0,182,@davidcastro,X,Comentario,"Actualización: vi la transmisión completa dos veces, no encuentro el corte que muestran",,,2026-03-15 03:59:33,Fan_Antiguo,30.0,494,230.0,7.2,No,5
2801,2764.0,245,@ricardoleonbogota,TikTok,Comentario,yo estaba conectado desde el minuto uno y no vi nada extraño,,,2026-03-15 02:19:43,Fan_Antiguo,1107.8,45900,94.0,5.9,No,7
2802,2768.0,3,@nicolas_00,Foro anónimo,Comentario,esto habla más de nosotros como internet que de Kai la verdad y cada rato cambia la versión.,#Cancelado,,2026-03-15 03:08:22,Verificado,1272.0,1890,358.0,0.8,No,0
2803,,290,@haroldbogota,TikTok,Post original,esto habla más de nosotros como internet que de Kai la verdad y todavía falta que hable Kai,#EvaluandoLaSituacion,,2026-03-15 00:49:18,Anónimo,8.1,277,49.0,0.1,No,0
2804,2584.0,318,@angie03,TikTok,Comentario,"Pobre la gente que ganó de verdad el sorteo, ahora todos van a dudar de ellos sin exagerar 😳😳",#KaiDuarte #EvaluandoLaSituacion,,2026-03-15 04:28:39,Cuenta_Nueva,9.1,180,23.0,3.0,No,0
2805,2741.0,33,@cristiansabana,Instagram,Comentario,ojo con esto: un tiktok con millones de vistas ya lo dio por hecho,,,2026-03-15 05:11:09,Anónimo,883.4,15683,371.0,18.1,No,0
2806,2713.0,187,@kevingomez03,X,Comentario,Yo creo que un conocido trabaja en el canal y dice que ahí todo queda respaldado,#KaiEsInocente #QueDijoKai,,2026-03-15 05:46:18,Fan_Antiguo,454.0,24484,29.0,4.0,No,2
2807,,271,@manuela34,TikTok,Post original,Esto habla más de nosotros como internet que de Kai la verdad de verdad,#QueDijoKai,,2026-03-15 03:22:20,Anónimo,6.3,555,59.0,1.6,No,0
2808,2518.0,74,@samuel_col,Foro anónimo,Comentario,esto habla más de nosotros como internet que de Kai la verdad otra vez,,,2026-03-15 05:18:54,Verificado,2095.2,7866,37.0,0.7,No,0
2809,2772.0,234,@david03,Foro anónimo,Comentario,PulsoTech debería esperar los resultados antes de tomar una decisión así de grande,#OjoConEstoKai #Cancelado,NovaVolt,2026-03-15 02:47:09,Fan_Antiguo,1143.8,3770,93.0,3.3,No,0
2810,2723.0,225,@yesidgomez_real,Instagram,Comentario,esto habla más de nosotros como internet que de Kai la verdad la verdad 😭😭,#Cancelado #KaiDuarte,,2026-03-15 04:06:15,Fan_Antiguo,1699.7,2882,92.0,3.3,No,0
2811,2598.0,331,@angietv,TikTok,Comentario,ojo con esto: supuestamente el ganador real habló pero borró el mensaje rapidísimo,#KaiDuarte,,2026-03-15 04:02:22,Anónimo,10.6,413,263.0,17.5,Sí (idéntico a publicación de 2023 sobre otro creador),0
2812,2741.0,82,@kevincardenas2020,X,Descripción de captura,todo el mundo etiquetando a NovaVolt pidiendo que se pronuncien,#QueDijoKai,UrbanKrew,2026-03-15 05:46:41,Verificado,468.4,4255,97.0,2.4,No,0
2813,2793.0,270,@julianacardenas34,TikTok,Repost/Cita,la gente ya no espera pruebas para cancelar a nadie y cada rato cambia la versión.,,,2026-03-15 03:31:33,Cuenta_Nueva,0.0,1657,50.0,3.9,No,0
2814,,134,@tatianamedina07,Instagram,Post original,Clásico: pasa algo de madrugada y para el mediodía ya todos tienen opinión y eso que apenas empieza el día,#FakeNews,,2026-03-15 03:32:41,Verificado,898.6,490,38.0,0.5,No,1
2815,2414.0,248,@nicolaspinzon22,X,Repost/Cita,mis amigas y yo llevamos toda la noche hablando de esto y todavía falta que hable Kai,#EvaluandoLaSituacion,,2026-03-15 04:10:41,Anónimo,1947.6,12516,106.0,3.0,No,0
2816,2707.0,108,@tomas_real,X,Repost/Cita,yo vine a leer los comentarios que siempre son mejores que la noticia y todavía falta que hable Kai,#KaiEsInocente,,2026-03-15 07:29:29,Anónimo,1472.9,1767,91.0,3.7,No,0
2817,2702.0,258,@cesarlopez98,TikTok,Comentario,Circula que un influencer chiquito aseguró que tiene pruebas pero no las ha mostrado,#CancelenAKai,,2026-03-15 05:18:08,Cuenta_Nueva,10.1,239,3555.0,6.5,No,0
2818,2555.0,361,@noloocultes_193,X,Repost/Cita,"COMPARTAN esto antes de que lo borren, la verdad sobre Kai #CancelenAKai",#CancelenAKai,,2026-03-15 04:14:35,Bot_Sospechoso,1.8,21144,49.0,15.6,No,0
2819,2812.0,142,@isabellasabana,Instagram,Comentario,honestamente ya perdí la cuenta de cuántas pruebas van y todavía falta que hable Kai 🤔,,,2026-03-15 05:50:55,Fan_Antiguo,448.8,11085,32.0,3.7,No,2
2820,2603.0,292,@valentinasuarez_real,Instagram,Comentario,yo creo que hay que esperar antes de sacar conclusiones sinceramente 🤔🤔,#Cancelado,,2026-03-15 04:12:30,Anónimo,6.5,446,45.0,0.1,No,1
2821,2568.0,93,@julianasabana,Foro anónimo,Transcripción de audio/video,yo sigo esperando que Kai diga algo y cada rato cambia la versión,#EvaluandoLaSituacion,,2026-03-15 04:20:12,Verificado,776.3,2783,21.0,0.9,No,0
2822,2752.0,192,@nataliacardenas15,X,Comentario,"esto ya lo vi venir hace rato, algo raro pasaba y las marcas ni se han pronunciado bien",,,2026-03-15 03:55:35,Anónimo,517.2,179,27.0,1.2,No,0
2823,,171,@cesar07,TikTok,Descripción de captura,clásico: pasa algo de madrugada y para el mediodía ya todos tienen opinión y eso que apenas empieza el día,,,2026-03-15 03:20:25,Verificado,1687.8,6372,101.0,0.1,No,0
2824,,131,@oscar,X,Comentario,El que suba a defenderlo sin pruebas también me da desconfianza y nadie sabe ni qué creer,#VerificaAntesDeCompartir,,2026-03-15 03:12:12,Fan_Antiguo,2015.6,9927,5.0,1.9,No,0
2825,2385.0,105,@samuelvargas2020,Instagram,Repost/Cita,yo sigo esperando que Kai diga algo ya en serio,#KaiMentiroso,,2026-03-15 04:57:10,Verificado,762.3,3148,57.0,3.0,No,0
2826,,275,@ximenabogota,X,Post original,esto va a ser tendencia todo el día seguro y las marcas ni se han pronunciado bien,,,2026-03-15 03:10:36,Cuenta_Nueva,5.0,676,32.0,2.7,No,0
2827,,296,@johanatv,TikTok,Repost/Cita,"Todo mundo subiendo teorías, nadie subiendo pruebas otra vez...",#EvaluandoLaSituacion #KaiDuarte,,2026-03-15 03:58:30,Cuenta_Nueva,10.5,139,50.0,2.5,No,1
2828,2551.0,58,@paulacun,Instagram,Descripción de captura,si esto no se aclara hoy se va a armar una novela de meses y todavía falta que hable Kai,#KaiDuarte,,2026-03-15 04:16:02,Verificado,1052.5,20877,351.0,4.4,No,0
2829,2587.0,43,@cesarmoreno,TikTok,Comentario,"honestamente, la plataforma que usaron para el sorteo es auditable, cualquiera puede revisarla",,,2026-03-15 04:17:43,Anónimo,399.3,2727,123.0,1.6,No,1
2830,2816.0,157,@jorgepardo03,TikTok,Repost/Cita,si esto no se aclara hoy se va a armar una novela de meses la verdad,#QueDijoKai #EvaluandoLaSituacion,,2026-03-15 07:30:00,Anónimo,1414.8,20991,39.0,2.6,No,3
2831,2817.0,14,@estebanramirez03,TikTok,Repost/Cita,yo llevo horas viendo hilos sobre esto en vez de dormir y todavía falta que hable Kai...,#QueDijoKai,,2026-03-15 05:19:56,Anónimo,281.6,387,25.0,0.1,No,0
2832,2621.0,286,@miguelco,Foro anónimo,Comentario,posta que circula una lista de pruebas pero ninguna se puede verificar bien,#KaiDuarte,,2026-03-15 06:23:28,Cuenta_Nueva,21.1,181,239.0,13.0,Sí (idéntico a publicación de 2023 sobre otro creador),1
2833,2535.0,50,@ivanalarcon_col,Instagram,Comentario,Yo creo que hay que esperar antes de sacar conclusiones de verdad,#KaiDuarte #QueDijoKai,,2026-03-15 03:59:49,Anónimo,2157.2,12104,97.0,0.1,No,0
2834,2717.0,266,@gabrielasabana,X,Comentario,supuestamente el ganador real habló pero borró el mensaje rapidísimo,,,2026-03-15 05:25:29,Cuenta_Nueva,13.9,1813,216.0,6.9,Sí (idéntico a publicación de 2023 sobre otro creador),0
2835,2597.0,287,@lilianax,Instagram,Comentario,Dicen que hay un audio filtrado completo pero nadie lo ha mostrado,,,2026-03-15 04:19:47,Cuenta_Nueva,20.0,280,271.0,23.1,No,1
2836,2647.0,80,@juansalazar03,Foro anónimo,Comentario,actualización: seguridad del evento confirmó que hubo varios testigos presentes,,,2026-03-15 03:32:34,Bot_Sospechoso,1451.6,2025,119.0,0.1,No,1
2837,2800.0,152,@nataliarojas_oficial,Foro anónimo,Comentario,esto va a ser tendencia todo el día seguro y las marcas ni se han pronunciado bien...,#FakeNews,,2026-03-15 04:19:19,Anónimo,916.1,765,51.0,1.6,No,0
2838,2636.0,344,@brayan99,TikTok,Repost/Cita,cada hora aparece un ángulo nuevo de esto sin exagerar...,,,2026-03-15 03:54:44,Anónimo,0.0,84,9.0,0.9,No,0
2839,2817.0,304,@adrianariostv,X,Comentario,esto habla más de nosotros como internet que de Kai la verdad de verdad,,,2026-03-15 05:20:07,Cuenta_Nueva,13.2,764,31.0,0.7,No,0
2840,,90,@carlos_real,Instagram,Repost/Cita,"yo hacía memes de Kai, ahora no sé ni qué publicar de verdad",#FakeNews,,2026-03-15 02:10:53,Fan_Antiguo,30.0,249,27.0,2.9,No,0
2841,,202,@melissagomez_11,TikTok,Repost/Cita,"Esto se puso serio rapidísimo, hace una hora era chisme sinceramente",,,2026-03-15 03:48:05,Anónimo,1288.8,466,78.0,2.7,No,0
2842,,45,@david07,TikTok,Comentario,yo creo que hay que esperar antes de sacar conclusiones y eso que apenas empieza el día...,,,2026-03-15 03:59:30,Verificado,868.5,2340,46.0,1.5,No,0
2843,2788.0,32,@valeria,TikTok,Comentario,La cantidad de cuentas nuevas comentando esto me da mala espina y cada rato cambia la versión,#EvaluandoLaSituacion #KaiMentiroso,,2026-03-15 04:24:15,Verificado,380.2,6269,33.0,1.5,No,1
2844,2811.0,143,@johanaleon2020,X,Comentario,yo vine a leer los comentarios que siempre son mejores que la noticia,#KaiDuarte,,2026-03-15 04:11:47,Verificado,1114.5,52359,62.0,0.1,No,1
2845,,74,@samuel_col,X,Descripción de captura,Yo vine a leer los comentarios que siempre son mejores que la noticia y todavía falta que hable Kai 😳😳,,,2026-03-15 01:52:01,Verificado,2095.2,7866,178.0,1.2,No,0
2846,2691.0,189,@maria15,Instagram,Comentario,"  Yo creo que conozco a alguien que ganó un sorteo anterior de Kai, todo fue legal   ",#QueDijoKai,,2026-03-15 03:20:30,Verificado,1261.6,8295,110.0,1.1,No,3
2847,2739.0,404,@teamkai_817,TikTok,Comentario,"eso que están pasando como prueba nueva es de un caso viejo, no es de ahora",#JusticiaParaKai,,2026-03-15 04:20:56,Anónimo,,717,443.0,5.2,No,0
2848,,261,@camilalopez99,TikTok,Post original,yo esperaría el comunicado oficial antes de opinar la verdad,,,2026-03-15 03:33:01,Anónimo,,5573,49.0,3.7,No,0
2849,2645.0,6,@carolina,X,Repost/Cita,"UrbanKrew lleva media hora sin responder nada, mal ahí",#EvaluandoLaSituacion,UrbanKrew,2026-03-15 03:25:31,Anónimo,1964.7,16177,46.0,0.5,No,0
2850,2684.0,39,@tatiana15,X,Repost/Cita,mis amigas y yo llevamos toda la noche hablando de esto ya en serio,,,2026-03-15 06:25:45,Anónimo,1660.6,1149,218.0,0.1,No,0
2851,2632.0,280,@fabianrojas34,TikTok,Comentario,todo el mundo etiquetando a UrbanKrew pidiendo que se pronuncien,,NovaVolt,2026-03-15 06:34:44,Cuenta_Nueva,4.1,139,84.0,2.6,No,0
2852,2721.0,113,@monica_,TikTok,Comentario,"posta que me llegó por WhatsApp que Kai sí arregló todo, no tengo la fuente original",#FueraKai #Cancelado,,2026-03-15 04:39:27,Anónimo,30.0,44636,90.0,3.6,Sí (idéntico a publicación de 2023 sobre otro creador),1
2853,2667.0,376,@despiertaya_109,X,Repost/Cita,"confirmado, Kai amañó el sorteo, pasen la voz #CancelenAKai",#CancelenAKai,,2026-03-15 02:20:16,Bot_Sospechoso,1.7,25160,84.0,11.4,No,0
2854,2503.0,204,@esteban03,X,Repost/Cita,el trending de hoy tenía que ser esto obviamente otra vez,#JusticiaParaKai,,2026-03-15 03:20:06,Verificado,1936.3,6350,51.0,4.5,No,2
2855,,336,@juan_ug,X,Comentario,alguien me explica bien qué fue lo que pasó anoche y nadie sabe ni qué creer.,#EvaluandoLaSituacion,,2026-03-15 04:04:22,Cuenta_Nueva,15.1,127,23.0,1.1,No,0
2856,,29,@antonia34,X,Comentario,"sea cual sea la verdad, la forma en que se está manejando esto es un desastre",#KaiDuarte #QueDijoKai,,2026-03-15 00:38:10,Verificado,1009.1,48489,264.0,2.1,No,0
2857,,329,@monica34,Instagram,Transcripción de audio/video,"Yo hacía memes de Kai, ahora no sé ni qué publicar y nadie sabe ni qué creer...",#FueraKai,,2026-03-15 03:19:20,Cuenta_Nueva,19.9,548,31.0,4.9,No,1
2858,2734.0,130,@brayan_,X,Comentario,esto va a ser tendencia todo el día seguro sinceramente 😳,#YoLeCreoAKai,,2026-03-15 05:01:50,Verificado,413.0,160,16.0,0.1,No,0
2859,2700.0,210,@oscarleon_ug,X,Comentario,dejen a la gente en paz hasta que se sepa la verdad ya en serio...,#EvaluandoLaSituacion,,2026-03-15 04:12:23,Fan_Antiguo,1298.5,4703,50.0,1.9,No,0
2860,2822.0,7,@juliana_ug,Foro anónimo,Comentario,"Actualización: el clip completo, sin el corte de 14 segundos, cuenta una historia distinta",#YoLeCreoAKai,,2026-03-15 04:00:23,Verificado,240.9,1015,259.0,0.1,No,1
2861,2807.0,57,@tatianacun,X,Comentario,Me acaban de contar que circula el rumor de que hay más pruebas guardadas para después,,,2026-03-15 03:31:01,Fan_Antiguo,1900.8,2479,355.0,6.0,Sí (idéntico a publicación de 2023 sobre otro creador),0
2862,2814.0,60,@alejandropinzon99,Instagram,Comentario,nadie de los que participamos notó nada fuera de lo normal esa noche,#JusticiaParaKai,,2026-03-15 03:50:38,Anónimo,1712.2,2331,52.0,2.0,No,1
2863,2853.0,324,@david_00,X,Comentario,ya perdí la cuenta de cuántos hilos van sobre esto y todavía falta que hable Kai 💀💀,#QueDijoKai #KaiDuarte,,2026-03-15 02:23:12,Anónimo,2.3,146,548.0,0.4,No,0
2864,,446,@ChequeoDigitalCO,X,Post original,Aún no hemos podido contactar a la fuente original de la conversación filtrada.,#VerificaAntesDeCompartir,,2026-03-15 03:17:33,Verificado,1100.0,60000,936.0,0.1,No,1
2865,2782.0,200,@sofiasuarez_oficial,X,Transcripción de audio/video,cada hora aparece un ángulo nuevo de esto ya en serio,#Cancelado,,2026-03-15 04:10:57,Anónimo,1916.5,2891,87.0,0.1,No,0
2866,2720.0,62,@tomas_,TikTok,Comentario,Honestamente ya perdí la cuenta de cuántas pruebas van otra vez.,#KaiEsInocente,,2026-03-15 03:10:05,Anónimo,1442.6,3056,21.0,2.9,No,0
2867,2809.0,69,@miguelramirez2020,Instagram,Comentario,todo el mundo etiquetando a NovaVolt pidiendo que se pronuncien,#KaiDuarte,NovaVolt,2026-03-15 03:49:02,Fan_Antiguo,1147.2,5895,89.0,4.2,No,2
2868,2541.0,16,@lilianapinzonbogota,Foro anónimo,Descripción de captura,"la marca ya se está lavando las manos, típico ya en serio 💀",,,2026-03-15 05:43:53,Fan_Antiguo,809.0,2277,53.0,2.8,No,0
2869,2757.0,315,@tomasperezbogota,X,Comentario,increíble como en una noche esto se salió de control de verdad 💀,,,2026-03-15 05:54:12,Cuenta_Nueva,0.0,32,315.0,2.9,No,1
2870,2650.0,273,@laurasabana,X,Comentario,ya perdí la cuenta de cuántos hilos van sobre esto y nadie sabe ni qué creer 💀,#QueDijoKai,,2026-03-15 02:44:57,Cuenta_Nueva,0.0,258,76.0,4.7,No,0
2871,2610.0,266,@gabrielasabana,X,Comentario,"Pobre la gente que ganó de verdad el sorteo, ahora todos van a dudar de ellos la verdad.",#VerificaAntesDeCompartir #QueDijoKai,,2026-03-15 04:49:42,Cuenta_Nueva,13.9,1813,62.0,0.7,No,0
2872,2683.0,311,@wilson2020,Instagram,Comentario,una cuenta que no conozco subió una captura que supuestamente confirma todo,,,2026-03-15 04:23:06,Cuenta_Nueva,15.0,121,737.0,17.3,No,1
2873,2850.0,405,@fansdekai_236,X,Comentario,"esa imagen no es nueva, ya circulaba con otro nombre hace tiempo",#JusticiaParaKai,,2026-03-15 06:35:49,Fan_Antiguo,0.0,7567,353.0,9.4,No,0
2874,,37,@sebastiancardenassaban,TikTok,Transcripción de audio/video,"La marca ya se está lavando las manos, típico sinceramente.",,,2026-03-15 00:56:25,Anónimo,1405.3,1061,21.0,2.7,No,1
2875,2544.0,235,@ricardo98,TikTok,Comentario,"que oso si es verdad, y que oso si no lo es y todavía falta que hable Kai",#Cancelado,,2026-03-15 04:33:21,Fan_Antiguo,1284.4,3028,29.0,3.2,No,0
2876,2722.0,309,@valentinapinzonco,TikTok,Comentario,me acaban de contar que supuestamente el ganador real habló pero borró el mensaje rapidísimo,,,2026-03-15 04:27:48,Cuenta_Nueva,6.8,35,304.0,6.4,No,0
2877,,58,@paulacun,TikTok,Repost/Cita,dejen a la gente en paz hasta que se sepa la verdad de verdad.,#EvaluandoLaSituacion #KaiEsInocente,,2026-03-15 04:04:36,Verificado,1052.5,20877,29.0,0.1,No,0
2878,,61,@juan34,TikTok,Post original,esto me recuerda a como diez casos parecidos ya en serio.,,,2026-03-15 03:05:54,Anónimo,30.0,1023,87.0,1.5,No,0
2879,2627.0,255,@cristianalarconcun,TikTok,Repost/Cita,en mi casa no se habla de otra cosa desde anoche y cada rato cambia la versión,#KaiDuarte,,2026-03-15 05:37:26,Fan_Antiguo,1035.4,3661,300.0,2.5,No,0
2880,2732.0,322,@angie_oficial,X,Comentario,Me acaban de contar que un influencer chiquito aseguró que tiene pruebas pero no las ha mostrado,#Cancelado,,2026-03-15 03:10:06,Cuenta_Nueva,6.1,178,195.0,9.9,No,1
2881,2651.0,180,@lilianacruz_real,X,Descripción de captura,en mi casa no se habla de otra cosa desde anoche ya en serio,,,2026-03-15 06:21:44,Fan_Antiguo,1202.1,3063,40.0,3.0,No,0
2882,2836.0,251,@miguel_col,X,Comentario,"yo creo que el clip completo, sin el corte de 14 segundos, cuenta una historia distinta",#QueDijoKai #JusticiaParaKai,,2026-03-15 03:33:58,Fan_Antiguo,1376.3,7608,65.0,2.0,No,3
2883,2555.0,261,@camilalopez99,X,Comentario,cada hora aparece un ángulo nuevo de esto...,#EvaluandoLaSituacion,,2026-03-15 04:12:26,Anónimo,1.5,5573,73.0,4.1,No,0
2884,2878.0,420,@fansdekai_721,Instagram,Comentario,"eso que están pasando como prueba nueva es de un caso viejo, no es de ahora",#JusticiaParaKai,,2026-03-15 04:07:23,Fan_Antiguo,37.7,1500,167.0,0.1,No,1
2885,2884.0,409,@fansdekai_482,TikTok,Comentario,el recorte de 14 segundos le quita todo el contexto a lo que dijo,#JusticiaParaKai,,2026-03-15 04:17:01,Cuenta_Nueva,0.0,604,52.0,8.4,No,0
2886,2773.0,49,@sebastian98,X,Comentario,actualización: revisé el reglamento público del sorteo y coincide con lo que se hizo,#KaiDuarte,,2026-03-15 04:50:18,Anónimo,1400.7,4642,147.0,2.7,No,3
2887,2781.0,80,@juansalazar03,Instagram,Comentario,La cantidad de cuentas nuevas comentando esto me da mala espina y eso que apenas empieza el día,,,2026-03-15 04:15:34,Verificado,1451.6,2025,50.0,1.1,No,1
2888,2794.0,208,@diegoco,TikTok,Comentario,"Dato: el clip completo, sin el corte de 14 segundos, cuenta una historia distinta",#JusticiaParaKai,,2026-03-15 05:01:25,Fan_Antiguo,2705.8,6040,114.0,0.1,No,4
2889,,319,@cesar99,X,Post original,"esto se puso serio rapidísimo, hace una hora era chisme ya en serio",#EvaluandoLaSituacion #FueraKai,,2026-03-15 01:47:51,Cuenta_Nueva,17.7,313,105.0,2.2,No,0
2890,2694.0,218,@camilacardenas,Instagram,Comentario,"posta que vi un live reaccionando que desmontó todo, aunque no lo vi completo",#CancelenAKai #QueDijoKai,,2026-03-15 04:23:18,Verificado,2503.6,13569,655.0,6.5,No,1
2891,,444,@VerificaYA_Co,X,Post original,Encontramos inconsistencias de horario en al menos dos de las pruebas que circulan.,#VerificaAntesDeCompartir,,2026-03-15 01:44:07,Verificado,1600.0,90000,1170.0,1.9,Sí (idéntico a publicación de 2023 sobre otro creador),3
2892,2880.0,350,@yulianaleon_real,Instagram,Comentario,Circula que circula el rumor de que hay más pruebas guardadas para después,#KaiDuarte,,2026-03-15 03:23:18,Cuenta_Nueva,0.0,556,206.0,16.5,No,0
2893,2672.0,216,@vivianaramirez_ug,TikTok,Transcripción de audio/video,si UrbanKrew no rompe el contrato hoy yo dejo de comprarles,#QueDijoKai,PulsoTech,2026-03-15 04:04:44,Anónimo,448.1,1917,107.0,0.1,No,2
2894,2598.0,290,@haroldbogota,Instagram,Comentario,"me llegó por WhatsApp que Kai sí arregló todo, no tengo la fuente original",,,2026-03-15 04:02:23,Anónimo,8.1,277,255.0,5.6,No,0
2895,2666.0,298,@juliancastro_ug,X,Comentario,me acaban de contar que alguien juró que tiene capturas del chat privado pero nunca las publicó,#EvaluandoLaSituacion,,2026-03-15 03:44:54,Anónimo,11.5,268,187.0,16.0,Posible (similar a una publicación anterior),0
2896,2883.0,204,@esteban03,X,Comentario,si esto resulta ser falso alguien tiene que responder por el daño...,,,2026-03-15 04:17:42,Verificado,1936.3,6350,82.0,5.0,No,1
2897,,322,@angie_oficial,X,Comentario,"cada rato sale un testigo nuevo, esto ya parece novela ya en serio 😳😳",,,2026-03-15 03:40:20,Cuenta_Nueva,6.1,178,47.0,1.2,No,1
2898,2796.0,68,@gabriela99,TikTok,Comentario,"honestamente, el clip completo, sin el corte de 14 segundos, cuenta una historia distinta",,,2026-03-15 02:58:35,Verificado,1575.7,29670,31.0,5.4,No,0
2899,,37,@sebastiancardenassaban,X,Post original,tremendo desorden se armó de la nada anoche y eso que apenas empieza el día...,#KaiDuarte #CancelenAKai,,2026-03-15 03:15:11,Anónimo,1405.3,1061,17.0,2.7,No,0
2900,2763.0,349,@jorgecun,Instagram,Comentario,me acaban de contar que un tiktok con millones de vistas ya lo dio por hecho,,,2026-03-15 07:06:34,Cuenta_Nueva,2.2,337,198.0,9.5,No,0
2901,2850.0,338,@cesarsabana,Instagram,Comentario,"me acaban de contar que vi un live reaccionando que desmontó todo, aunque no lo vi completo",,,2026-03-15 06:32:11,Cuenta_Nueva,2.6,970,107.0,12.6,No,1
2902,2894.0,329,@monica34,TikTok,Comentario,"vi un live reaccionando que desmontó todo, aunque no lo vi completo",#KaiDuarte,,2026-03-15 04:03:26,Cuenta_Nueva,19.9,548,399.0,9.4,No,0
2903,,447,@RedFactCheckCo,X,Post original,"El patrón de creación de cuentas alrededor de este tema es atípico, seguimos documentando.",#VerificaAntesDeCompartir,,2026-03-15 01:46:29,Verificado,3000.0,210000,334.0,5.5,No,1
2904,2829.0,128,@laura99,X,Comentario,"yo creo que vi la transmisión completa dos veces, no encuentro el corte que muestran",#QueDijoKai #JusticiaParaKai,,2026-03-15 04:27:22,Anónimo,481.6,2773,116.0,2.6,No,2
2905,2670.0,289,@gabrielarojas,X,Comentario,cada hora aparece un ángulo nuevo de esto y eso que apenas empieza el día.,#KaiDuarte,,2026-03-15 04:08:44,Cuenta_Nueva,0.0,2339,28.0,4.1,No,0
2906,2853.0,329,@monica34,Foro anónimo,Comentario,"según un grupo de Facebook, esto ya se sabía desde hace meses",#FueraKai #Cancelado,,2026-03-15 03:57:44,Cuenta_Nueva,19.9,548,432.0,15.7,No,0
2907,2625.0,326,@ricardo_uni,X,Descripción de captura,esto habla más de nosotros como internet que de Kai la verdad y nadie sabe ni qué creer,,,2026-03-15 04:36:30,Anónimo,10.3,901,157.0,2.1,No,0
2908,,116,@carolina_00,X,Transcripción de audio/video,"la marca ya se está lavando las manos, típico la verdad.",,,2026-03-15 01:03:18,Verificado,985.8,604,8.0,4.2,No,0
2909,2541.0,150,@miguelcardenas,Instagram,Repost/Cita,tremendo desorden se armó de la nada anoche sin exagerar...,,,2026-03-15 05:27:57,Verificado,1066.3,10079,172.0,1.3,No,1
2910,2538.0,106,@antoniasabana,TikTok,Comentario,El trending de hoy tenía que ser esto obviamente otra vez.,,,2026-03-15 05:47:39,Verificado,1562.2,6708,122.0,2.8,No,1
2911,2651.0,416,@teamkai_969,X,Comentario,"esas capturas ya las vi hace años en otro escándalo, esto es reciclado",#JusticiaParaKai,,2026-03-15 06:27:46,Anónimo,334.0,265,436.0,0.9,No,1
2912,2846.0,51,@jhon07,X,Comentario,"Dato: conozco a alguien que ganó un sorteo anterior de Kai, todo fue legal",,,2026-03-15 03:25:10,Verificado,798.0,45910,725.0,0.1,No,0
2913,2760.0,313,@felipesalazar03,X,Descripción de captura,cada hora aparece un ángulo nuevo de esto y eso que apenas empieza el día,#QueDijoKai,,2026-03-15 05:49:13,Anónimo,0.6,52,52.0,3.0,No,0
2914,2863.0,68,@gabriela99,X,Repost/Cita,No puedo creer lo que está pasando con Kai otra vez,#QueDijoKai #EvaluandoLaSituacion,,2026-03-15 02:33:58,Verificado,1575.7,29670,32.0,0.9,No,2
2915,2727.0,304,@adrianariostv,TikTok,Comentario,no puedo creer lo que está pasando con Kai de verdad.,,,2026-03-15 03:16:52,Cuenta_Nueva,13.2,764,82.0,4.6,No,0
2916,,131,@oscar,TikTok,Post original,Dejen a la gente en paz hasta que se sepa la verdad otra vez.,#VerificaAntesDeCompartir,,2026-03-15 03:07:00,Fan_Antiguo,2015.6,9927,24.0,2.0,No,0
2917,2559.0,210,@oscarleon_ug,TikTok,Comentario,la cantidad de cuentas nuevas comentando esto me da mala espina sin exagerar...,,,2026-03-15 04:10:53,Bot_Sospechoso,1298.5,4703,20.0,2.2,No,0
2918,2880.0,329,@monica34,X,Comentario,me acaban de contar que una cuenta que no conozco subió una captura que supuestamente confirma todo,,,2026-03-15 03:11:34,Cuenta_Nueva,19.9,548,533.0,14.7,No,1
2919,,112,@kevinmoreno34,X,Comentario,esto me recuerda a como diez casos parecidos y cada rato cambia la versión 🤔🤔,,,2026-03-15 03:18:29,Verificado,100.5,1674,50.0,0.1,No,0
2920,2863.0,90,@carlos_real,Instagram,Transcripción de audio/video,esto me recuerda a como diez casos parecidos y cada rato cambia la versión.,#KaiDuarte,,2026-03-15 02:25:16,Fan_Antiguo,30.0,249,21.0,3.7,No,0
2921,2916.0,27,@cristiancruz15,X,Comentario,Actualización: revisé el reglamento público del sorteo y coincide con lo que se hizo,#EvaluandoLaSituacion,,2026-03-15 03:14:46,Fan_Antiguo,122.4,272,212.0,1.9,No,0
2922,2894.0,252,@karen_col,X,Comentario,  posta que un influencer chiquito aseguró que tiene pruebas pero no las ha mostrado   ,,,2026-03-15 05:05:15,Verificado,2028.8,5252,91.0,0.1,Posible (similar a una publicación anterior),0
2923,2908.0,25,@andres_ug,Instagram,Comentario,alguien me explica bien qué fue lo que pasó anoche otra vez,#KaiDuarte,,2026-03-15 03:33:01,Verificado,732.4,3288,96.0,0.1,No,2
2924,,212,@sofiaco,X,Repost/Cita,esto se siente exactamente igual a lo del año pasado con otro streamer de verdad,,,2026-03-15 03:48:57,Fan_Antiguo,597.0,3332,105.0,3.3,No,1
2925,2918.0,278,@isabellaalarcon_11,X,Comentario,en mi casa no se habla de otra cosa desde anoche y las marcas ni se han pronunciado bien 💀,#KaiDuarte,,2026-03-15 03:12:39,Anónimo,11.2,119,156.0,2.6,No,0
2926,2833.0,144,@carolinapinzon34,TikTok,Comentario,"esto se puso serio rapidísimo, hace una hora era chisme ya en serio",#EvaluandoLaSituacion,,2026-03-15 04:01:00,Fan_Antiguo,61.0,2900,40.0,1.0,No,1
2927,,16,@lilianapinzonbogota,Instagram,Comentario,"cada quien cree lo que quiere creer, ya nadie mira pruebas y las marcas ni se han pronunciado bien 😳",,,2026-03-15 02:09:22,Fan_Antiguo,809.0,2277,76.0,2.8,No,1
2928,2529.0,326,@ricardo_uni,X,Comentario,yo creo que hay que esperar antes de sacar conclusiones 😳,#Cancelado,,2026-03-15 04:54:47,Anónimo,10.3,901,11.0,0.1,No,0
2929,2773.0,222,@fabian07,Foro anónimo,Comentario,"actualización: tengo un conocido que trabajó en la producción, dice que todo estuvo en orden",,,2026-03-15 04:52:00,Verificado,519.2,3479,172.0,1.8,No,3
2930,2917.0,36,@sebastian_00,X,Descripción de captura,yo llevo horas viendo hilos sobre esto en vez de dormir sinceramente...,,,2026-03-15 04:15:41,Verificado,1113.8,958,42.0,1.0,No,0
2931,2886.0,154,@miguelcardenascun,X,Comentario,"para que sepan: vi la transmisión completa dos veces, no encuentro el corte que muestran",#YoLeCreoAKai,,2026-03-15 04:53:44,Fan_Antiguo,,3144,40.0,6.3,No,2
2932,2798.0,60,@alejandropinzon99,X,Comentario,"Dato: el clip completo, sin el corte de 14 segundos, cuenta una historia distinta",#QueDijoKai,,2026-03-15 02:28:56,Anónimo,1712.2,2331,183.0,5.8,No,1
2933,2884.0,399,@kaisquad_446,X,Comentario,"si tuvieran algo sólido ya lo hubieran mostrado completo, no en pedazos",#JusticiaParaKai,,2026-03-15 04:07:45,Cuenta_Nueva,502.1,833,643.0,9.9,No,5
2934,,314,@esteban_uni,Foro anónimo,Descripción de captura,yo llevo horas viendo hilos sobre esto en vez de dormir sinceramente,#Cancelado,,2026-03-15 01:34:54,Anónimo,4.7,256,100.0,2.9,No,2
2935,,54,@haroldriosbogota,Instagram,Repost/Cita,Clásico: pasa algo de madrugada y para el mediodía ya todos tienen opinión la verdad,,,2026-03-15 04:12:59,Fan_Antiguo,1270.7,672,28.0,4.0,No,1
2936,2883.0,5,@tatiana2020,X,Descripción de captura,alguien me explica bien qué fue lo que pasó anoche sinceramente 💀💀,#QueDijoKai,,2026-03-15 04:15:11,Verificado,692.0,2193,59.0,1.3,No,0
2937,2729.0,385,@despiertaya_406,X,Repost/Cita,"COMPARTAN esto antes de que lo borren, la verdad sobre Kai #CancelenAKai",#CancelenAKai,,2026-03-15 05:14:38,Bot_Sospechoso,1.5,11369,13.0,2.7,No,2
2938,2670.0,73,@lilianarios_00,Instagram,Comentario,dicen que supuestamente el ganador real habló pero borró el mensaje rapidísimo,#Cancelado #KaiMentiroso,,2026-03-15 04:08:14,Fan_Antiguo,248.8,8978,616.0,0.1,No,1
2939,2755.0,421,@teamkai_478,X,Comentario,"Kai lleva años siendo transparente con sus sorteos, esto no cuadra",#JusticiaParaKai,,2026-03-15 05:51:10,Anónimo,0.0,677,420.0,5.5,No,3
2940,2679.0,148,@antoniapardo_col,Instagram,Repost/Cita,esto me recuerda a como diez casos parecidos y nadie sabe ni qué creer,#YoLeCreoAKai,,2026-03-15 04:19:52,Anónimo,408.1,1457,56.0,3.4,No,0
2941,,59,@antoniaco,X,Comentario,el que suba a defenderlo sin pruebas también me da desconfianza de verdad,#KaiDuarte,,2026-03-15 03:57:51,Verificado,555.6,640,120.0,0.6,No,0
2942,2575.0,13,@jhon_oficial,TikTok,Comentario,el que suba a defenderlo sin pruebas también me da desconfianza la verdad,#YoLeCreoAKai,,2026-03-15 04:17:08,Fan_Antiguo,570.2,324,255.0,4.2,No,0
2943,2884.0,428,@kaisquad_528,Instagram,Comentario,"si tuvieran algo sólido ya lo hubieran mostrado completo, no en pedazos",#JusticiaParaKai,,2026-03-15 04:10:25,Cuenta_Nueva,1253.1,5202,209.0,9.0,No,1
2944,2822.0,278,@isabellaalarcon_11,X,Descripción de captura,el que suba a defenderlo sin pruebas también me da desconfianza 🤔🤔,#EvaluandoLaSituacion #Cancelado,,2026-03-15 04:12:09,Anónimo,11.2,119,50.0,1.3,No,0
2945,2826.0,298,@juliancastro_ug,X,Comentario,honestamente ya perdí la cuenta de cuántas pruebas van y eso que apenas empieza el día...,#Cancelado #EvaluandoLaSituacion,,2026-03-15 03:43:12,Anónimo,11.5,268,53.0,1.1,No,0
2946,,254,@nicolasperez_uni,TikTok,Comentario,la cantidad de cuentas nuevas comentando esto me da mala espina 😳😳,,,2026-03-15 03:56:08,Verificado,1272.7,8096,93.0,1.9,No,2
2947,2881.0,257,@carolinaramirez34,X,Repost/Cita,Si esto no se aclara hoy se va a armar una novela de meses,,,2026-03-15 06:33:31,Anónimo,7.3,69,131.0,3.3,No,1
2948,2831.0,327,@yuliana07,TikTok,Comentario,posta que supuestamente el ganador real habló pero borró el mensaje rapidísimo,#KaiDuarte,,2026-03-15 05:22:47,Cuenta_Nueva,14.7,52,630.0,6.9,No,0
2949,2939.0,422,@fansdekai_516,Instagram,Comentario,"esa imagen no es nueva, ya circulaba con otro nombre hace tiempo",#JusticiaParaKai,,2026-03-15 05:53:14,Fan_Antiguo,0.0,5313,463.0,0.1,No,2
2950,,64,@isabella,X,Comentario,"A mi me da igual, no sigo a Kai pero el trending me tiene aquí leyendo y cada rato cambia la versión...",#JusticiaParaKai,,2026-03-15 04:13:59,Verificado,591.4,922,200.0,0.7,No,0
2951,2722.0,247,@antonia2020,TikTok,Comentario,esto se siente exactamente igual a lo del año pasado con otro streamer sinceramente,,,2026-03-15 04:13:58,Verificado,881.8,4732,178.0,3.4,No,0
2952,2729.0,353,@mvidalteam_304,X,Repost/Cita,"KAI ES CULPABLE, ya hay pruebas, no lo defiendan más #CancelenAKai",#CancelenAKai,,2026-03-15 05:15:58,Bot_Sospechoso,2.8,12794,139.0,22.7,No,2
2953,2730.0,321,@antonianino_11,X,Transcripción de audio/video,yo vine a leer los comentarios que siempre son mejores que la noticia y nadie sabe ni qué creer...,#QueDijoKai,,2026-03-15 04:57:08,Cuenta_Nueva,4.7,191,10.0,2.2,No,0
2954,2892.0,227,@fabian03,TikTok,Comentario,"honestamente, conozco a alguien que ganó un sorteo anterior de Kai, todo fue legal",#YoLeCreoAKai #KaiEsInocente,,2026-03-15 04:02:36,Anónimo,865.1,645,124.0,6.5,No,1
2955,2849.0,159,@sebastiantv,X,Comentario,si esto no se aclara hoy se va a armar una novela de meses la verdad...,,,2026-03-15 03:29:44,Verificado,878.4,281,38.0,0.1,No,0
2956,,216,@vivianaramirez_ug,X,Comentario,increíble como en una noche esto se salió de control y todavía falta que hable Kai 😳,,,2026-03-15 01:38:14,Bot_Sospechoso,448.1,1917,55.0,4.9,No,1
2957,2846.0,163,@felipeleon_col,X,Comentario,"el proceso del sorteo se hizo con testigos externos, no solo del equipo de Kai",#KaiDuarte,,2026-03-15 03:25:58,Fan_Antiguo,1225.3,7999,261.0,1.6,No,3
2958,,42,@natalia03,TikTok,Post original,"yo hacía memes de Kai, ahora no sé ni qué publicar",#KaiDuarte,,2026-03-15 04:06:41,Anónimo,642.8,13959,89.0,1.6,No,0
2959,2791.0,421,@teamkai_478,Instagram,Comentario,"esa imagen no es nueva, ya circulaba con otro nombre hace tiempo",#JusticiaParaKai,,2026-03-15 04:24:43,Anónimo,0.0,677,395.0,16.4,No,2
2960,2779.0,177,@haroldgomez2020,X,Comentario,no había visto esta cantidad de gente opinando de algo en meses y todavía falta que hable Kai,#KaiDuarte,,2026-03-15 04:15:34,Anónimo,300.7,699,67.0,0.1,No,0
2961,2899.0,41,@adrianaperez_11,Foro anónimo,Comentario,la cantidad de cuentas nuevas comentando esto me da mala espina y todavía falta que hable Kai 💀💀,,,2026-03-15 03:33:38,Fan_Antiguo,661.4,738,31.0,3.7,No,0
2962,2905.0,267,@camilacastro34,Instagram,Comentario,ojo con esto: dicen que hay un audio filtrado completo pero nadie lo ha mostrado,,,2026-03-15 04:19:51,Anónimo,15.2,433,163.0,12.8,No,1
2963,2883.0,329,@monica34,TikTok,Comentario,ojo con esto: un tiktok con millones de vistas ya lo dio por hecho,,,2026-03-15 04:21:35,Cuenta_Nueva,19.9,548,1877.0,6.7,No,0
2964,2702.0,380,@mvidalteam_435,X,Repost/Cita,"COMPARTAN esto antes de que lo borren, la verdad sobre Kai #CancelenAKai",#CancelenAKai,,2026-03-15 05:21:45,Bot_Sospechoso,2.0,67969,74.0,19.7,No,2
2965,2894.0,8,@sara07,Instagram,Comentario,"yo hacía memes de Kai, ahora no sé ni qué publicar y todavía falta que hable Kai.",,,2026-03-15 04:59:49,Verificado,1779.8,696,113.0,3.9,No,1
2966,2937.0,370,@mvidalteam_340,TikTok,Repost/Cita,"no dejen que borren la evidencia, guarden capturas ya #CancelenAKai",#CancelenAKai,,2026-03-15 05:16:22,Bot_Sospechoso,0.0,21752,81.0,13.7,No,3
2967,2797.0,107,@tomascastro_,X,Descripción de captura,honestamente ya perdí la cuenta de cuántas pruebas van y nadie sabe ni qué creer,#JusticiaParaKai,,2026-03-15 04:55:38,Anónimo,1158.0,1947,87.0,0.1,No,0
2968,2931.0,90,@carlos_real,Instagram,Comentario,dato: revisé el reglamento público del sorteo y coincide con lo que se hizo,#JusticiaParaKai,,2026-03-15 05:09:32,Fan_Antiguo,30.0,249,399.0,7.0,No,2
2969,,249,@daniela15,Instagram,Comentario,el trending de hoy tenía que ser esto obviamente la verdad...,#QueDijoKai #YoLeCreoAKai,,2026-03-15 03:31:01,Anónimo,1073.8,27330,60.0,3.6,No,1
2970,,25,@andres_ug,X,Post original,en mi casa no se habla de otra cosa desde anoche ya en serio.,,,2026-03-15 03:36:26,Verificado,732.4,3288,17.0,1.8,No,0
2971,2739.0,405,@fansdekai_236,Instagram,Comentario,"ese clip está cortado, en el audio completo se nota que es sarcasmo",#JusticiaParaKai,,2026-03-15 04:24:06,Fan_Antiguo,0.0,7567,241.0,6.1,No,3
2972,2910.0,318,@angie03,Foro anónimo,Comentario,"Me acaban de contar que vi un live reaccionando que desmontó todo, aunque no lo vi completo",,,2026-03-15 05:48:59,Cuenta_Nueva,9.1,180,425.0,5.9,No,1
2973,2929.0,38,@yesid,X,Comentario,actualización: el ganador de mi ciudad sí recibió el premio sin ningún inconveniente,,,2026-03-15 05:09:38,Anónimo,1156.1,1653,260.0,4.9,No,4
2974,2937.0,9,@yulianasuarez07,X,Comentario,"cada quien cree lo que quiere creer, ya nadie mira pruebas y todavía falta que hable Kai 🤔",#QueDijoKai,,2026-03-15 05:17:50,Fan_Antiguo,511.7,4216,53.0,4.9,No,0
2975,,447,@RedFactCheckCo,X,Post original,Seguimos revisando la evidencia compartida; por ahora no hay elementos suficientes para confirmar ni descartar.,#VerificaAntesDeCompartir,,2026-03-15 00:57:15,Verificado,3000.0,210000,952.0,1.7,No,0
2976,2794.0,323,@jhonmedina15,TikTok,Comentario,circula que un tiktok con millones de vistas ya lo dio por hecho,#QueDijoKai,,2026-03-15 05:03:42,Cuenta_Nueva,17.5,1391,157.0,6.8,No,0
2977,2775.0,298,@juliancastro_ug,Foro anónimo,Comentario,yo creo que revisé el reglamento público del sorteo y coincide con lo que se hizo,,,2026-03-15 04:32:21,Anónimo,11.5,268,65.0,2.4,Posible (similar a una publicación anterior),1
2978,2753.0,327,@yuliana07,X,Comentario,"cada rato sale un testigo nuevo, esto ya parece novela ya en serio...",,,2026-03-15 03:39:57,Cuenta_Nueva,14.7,52,41.0,0.1,No,0
2979,2572.0,50,@ivanalarcon_col,X,Comentario,la gente ya no espera pruebas para cancelar a nadie sin exagerar...,,,2026-03-15 02:38:51,Anónimo,2157.2,12104,58.0,0.1,No,0
2980,2818.0,388,@despiertaya_820,TikTok,Repost/Cita,"KAI ES CULPABLE, ya hay pruebas, no lo defiendan más #CancelenAKai",#CancelenAKai,,2026-03-15 04:16:34,Bot_Sospechoso,1.3,11277,137.0,0.1,No,3
2981,2929.0,218,@camilacardenas,Instagram,Comentario,seguridad del evento confirmó que hubo varios testigos presentes,,,2026-03-15 05:37:10,Verificado,2503.6,13569,170.0,3.6,No,2
2982,2975.0,341,@manuelaortizsabana,Instagram,Comentario,"tengo un conocido que trabajó en la producción, dice que todo estuvo en orden",,,2026-03-15 02:17:52,Cuenta_Nueva,11.3,220,258.0,3.7,No,5
2983,2799.0,230,@cesarsalazar15,Instagram,Comentario,"todo mundo subiendo teorías, nadie subiendo pruebas sin exagerar",#FueraKai #EvaluandoLaSituacion,,2026-03-15 03:57:06,Anónimo,1087.3,22527,8.0,3.1,No,0
2984,2959.0,400,@kaisquad_990,Instagram,Comentario,"llevo horas buscando la prueba de verdad y no existe, es puro rumor",#JusticiaParaKai,,2026-03-15 04:29:54,Anónimo,1492.2,3301,93.0,2.7,No,0
2985,2980.0,387,@noloocultes_981,X,Repost/Cita,"COMPARTAN esto antes de que lo borren, la verdad sobre Kai #CancelenAKai",#CancelenAKai,,2026-03-15 04:18:51,Bot_Sospechoso,3.0,11156,99.0,14.6,No,0
2986,2827.0,263,@claudiavargas22,X,Comentario,increíble como en una noche esto se salió de control y nadie sabe ni qué creer,#KaiDuarte,,2026-03-15 04:18:31,Anónimo,6.8,214,211.0,1.0,No,0
2987,2938.0,415,@fansdekai_985,Instagram,Comentario,"Kai lleva años siendo transparente con sus sorteos, esto no cuadra",#JusticiaParaKai,,2026-03-15 04:17:30,Cuenta_Nueva,1059.5,2593,112.0,1.4,No,0
2988,,179,@hector15,X,Comentario,literal me desperté y lo primero que vi fue esto y las marcas ni se han pronunciado bien,,,2026-03-15 02:25:58,Anónimo,1917.0,11210,122.0,3.0,No,0
2989,2626.0,245,@ricardoleonbogota,TikTok,Comentario,"UrbanKrew lleva media hora sin responder nada, mal ahí",,NovaVolt,2026-03-15 04:23:15,Fan_Antiguo,1107.8,45900,15.0,1.5,No,0
2990,2886.0,22,@karenpinzon_,X,Comentario,dato: yo estuve cerca del evento y no noté nada raro esa noche,#YoLeCreoAKai,,2026-03-15 05:12:50,Anónimo,2028.6,20256,95.0,2.0,No,5
2991,2966.0,91,@cesarramirezcun,TikTok,Comentario,Me acaban de contar que un tiktok con millones de vistas ya lo dio por hecho,#QueDijoKai,,2026-03-15 05:23:34,Verificado,2835.2,1010,649.0,21.0,No,0
2992,2673.0,287,@lilianax,X,Repost/Cita,tremendo desorden se armó de la nada anoche sin exagerar...,#EvaluandoLaSituacion #QueDijoKai,,2026-03-15 04:08:54,Cuenta_Nueva,20.0,280,78.0,1.2,No,0
2993,2825.0,232,@fabianleon,Instagram,Transcripción de audio/video,esto me recuerda a como diez casos parecidos la verdad,#Cancelado #KaiDuarte,,2026-03-15 04:57:26,Anónimo,1212.4,8191,114.0,1.9,No,0
2994,,228,@lilianaco,Instagram,Comentario,no puedo creer lo que está pasando con Kai y las marcas ni se han pronunciado bien 😳,,,2026-03-15 02:32:40,Anónimo,30.0,481,66.0,1.8,No,0
2995,2981.0,338,@cesarsabana,TikTok,Comentario,"Cada quien cree lo que quiere creer, ya nadie mira pruebas otra vez 😭",#YoLeCreoAKai #JusticiaParaKai,,2026-03-15 05:50:35,Cuenta_Nueva,2.6,970,52.0,2.4,No,0
2996,,40,@claudia_ug,TikTok,Repost/Cita,La cantidad de cuentas nuevas comentando esto me da mala espina sinceramente,,,2026-03-15 00:37:51,Anónimo,678.4,5987,49.0,2.2,No,0
2997,2809.0,118,@miguelrios15,X,Repost/Cita,esto habla más de nosotros como internet que de Kai la verdad sin exagerar,#VerificaAntesDeCompartir,,2026-03-15 02:48:26,Fan_Antiguo,651.1,3290,207.0,2.9,No,0
2998,2958.0,278,@isabellaalarcon_11,X,Comentario,"Ojo con esto: según un grupo de Facebook, esto ya se sabía desde hace meses",#FueraKai,,2026-03-15 04:24:08,Anónimo,11.2,119,215.0,5.9,No,1
2999,2964.0,266,@gabrielasabana,TikTok,Comentario,me acaban de contar que supuestamente el ganador real habló pero borró el mensaje rapidísimo,#QueDijoKai #CancelenAKai,,2026-03-15 05:23:58,Cuenta_Nueva,13.9,1813,307.0,6.3,No,1
3000,2741.0,257,@carolinaramirez34,Instagram,Repost/Cita,"esto se puso serio rapidísimo, hace una hora era chisme 😭😭",#KaiMentiroso,,2026-03-15 05:12:50,Anónimo,7.3,69,39.0,0.1,No,0
3001,2802.0,93,@julianasabana,TikTok,Comentario,"que fastidio, otra vez cancelando a alguien sin dejarlo hablar...",#QueDijoKai,,2026-03-15 03:30:20,Verificado,776.3,2783,44.0,0.6,No,0
3002,,267,@camilacastro34,X,Comentario,mis amigas y yo llevamos toda la noche hablando de esto y eso que apenas empieza el día,,,2026-03-15 02:00:25,Anónimo,15.2,433,48.0,2.3,No,0
3003,,325,@felipe98,X,Comentario,"esto se puso serio rapidísimo, hace una hora era chisme otra vez 💀💀",,,2026-03-15 03:17:21,Anónimo,4.6,84,14.0,4.7,No,1
3004,2790.0,177,@haroldgomez2020,X,Comentario,el que suba a defenderlo sin pruebas también me da desconfianza sinceramente,,,2026-03-15 02:37:36,Anónimo,300.7,699,53.0,2.1,No,0
3005,2944.0,41,@adrianaperez_11,X,Comentario,"honestamente, un conocido trabaja en el canal y dice que ahí todo queda respaldado",#QueDijoKai,,2026-03-15 04:17:44,Fan_Antiguo,661.4,738,627.0,6.3,No,5
3006,2984.0,429,@kaisquad_698,TikTok,Comentario,"en ningún sorteo anterior de Kai hubo una queja así, raro que ahora sí",#JusticiaParaKai,,2026-03-15 04:37:18,Cuenta_Nueva,0.0,377,384.0,11.3,No,1
3007,2958.0,95,@adrianacastro03,TikTok,Comentario,Mis amigas y yo llevamos toda la noche hablando de esto la verdad...,,,2026-03-15 04:09:19,Anónimo,1581.4,1951,14.0,1.7,No,0
3008,2895.0,261,@camilalopez99,X,Comentario,"ojo con esto: vi un live reaccionando que desmontó todo, aunque no lo vi completo",#KaiMentiroso,,2026-03-15 04:07:25,Anónimo,1.5,5573,123.0,6.9,Sí (idéntico a publicación de 2023 sobre otro creador),1
3009,2694.0,230,@cesarsalazar15,X,Comentario,ojo con esto: un tiktok con millones de vistas ya lo dio por hecho,#EvaluandoLaSituacion,,2026-03-15 04:21:54,Anónimo,1087.3,22527,94.0,0.3,Posible (similar a una publicación anterior),1
3010,2885.0,368,@apoyomateo_446,TikTok,Repost/Cita,"no dejen que borren la evidencia, guarden capturas ya #CancelenAKai",#CancelenAKai,,2026-03-15 04:19:02,Bot_Sospechoso,0.6,35057,226.0,23.0,No,0
3011,2859.0,386,@despiertaya_214,X,Repost/Cita,"confirmado, Kai amañó el sorteo, pasen la voz #CancelenAKai",#CancelenAKai,,2026-03-15 04:15:25,Bot_Sospechoso,2.1,4403,184.0,36.0,No,0
3012,,32,@valeria,X,Comentario,  la cantidad de cuentas nuevas comentando esto me da mala espina sinceramente...   ,#EvaluandoLaSituacion #KaiDuarte,,2026-03-15 02:35:26,Verificado,380.2,6269,41.0,1.1,No,0
3013,2735.0,281,@david_,X,Comentario,"dicen que me llegó por WhatsApp que Kai sí arregló todo, no tengo la fuente original",,,2026-03-15 04:23:35,Anónimo,18.4,401,761.0,6.2,No,0
3014,2922.0,306,@carloslopez_col,TikTok,Comentario,dicen que una cuenta que no conozco subió una captura que supuestamente confirma todo,#CancelenAKai #KaiDuarte,,2026-03-15 05:21:12,Anónimo,13.2,420,675.0,13.6,No,1
3015,2867.0,341,@manuelaortizsabana,TikTok,Comentario,"dato: vi la transmisión completa dos veces, no encuentro el corte que muestran",,,2026-03-15 03:56:56,Cuenta_Nueva,11.3,220,131.0,0.8,Posible (similar a una publicación anterior),2
3016,2699.0,194,@cesar_ug,X,Repost/Cita,en mi casa no se habla de otra cosa desde anoche sinceramente 🤔🤔,,,2026-03-15 04:18:25,Anónimo,560.4,1122,43.0,1.7,No,0
3017,2841.0,231,@hectorcun,Instagram,Comentario,Yo vine a leer los comentarios que siempre son mejores que la noticia sin exagerar 💀💀,,,2026-03-15 03:54:44,Verificado,30.0,2665,37.0,3.5,No,0
3018,,315,@tomasperezbogota,X,Repost/Cita,alguien me explica bien qué fue lo que pasó anoche otra vez,,,2026-03-15 01:04:44,Cuenta_Nueva,0.0,32,40.0,4.0,No,0
3019,2921.0,142,@isabellasabana,X,Comentario,yo creo que revisé el reglamento público del sorteo y coincide con lo que se hizo,,,2026-03-15 03:16:15,Fan_Antiguo,448.8,11085,145.0,1.5,No,3
3020,,243,@monicapinzon2020,X,Comentario,tremendo desorden se armó de la nada anoche la verdad,#YoLeCreoAKai #QueDijoKai,,2026-03-14 23:52:29,Fan_Antiguo,1268.8,9767,106.0,1.2,No,0
3021,,270,@julianacardenas34,X,Comentario,esto se siente exactamente igual a lo del año pasado con otro streamer y eso que apenas empieza el día 🤔🤔,,,2026-03-15 01:42:41,Cuenta_Nueva,0.0,1657,23.0,0.8,No,0
3022,3011.0,108,@tomas_real,X,Comentario,yo esperaría el comunicado oficial antes de opinar y las marcas ni se han pronunciado bien,#EvaluandoLaSituacion,,2026-03-15 04:17:55,Anónimo,1472.9,1767,36.0,0.9,No,0
3023,,124,@fabian_00,Instagram,Descripción de captura,"a mi me da igual, no sigo a Kai pero el trending me tiene aquí leyendo sin exagerar 🤔",#KaiDuarte,,2026-03-15 03:02:14,Anónimo,1384.1,2126,62.0,2.7,No,0
3024,2751.0,157,@jorgepardo03,X,Comentario,"Dato: conozco a alguien que ganó un sorteo anterior de Kai, todo fue legal",#EvaluandoLaSituacion #YoLeCreoAKai,,2026-03-15 03:42:17,Anónimo,1414.8,20991,118.0,5.3,No,2
3025,2911.0,426,@fansdekai_453,TikTok,Comentario,"nadie ha mostrado una prueba real, todo son capturas sin verificar",#JusticiaParaKai,,2026-03-15 06:32:46,Fan_Antiguo,913.6,190,276.0,8.8,No,5
3026,3011.0,270,@julianacardenas34,TikTok,Comentario,supuestamente el ganador real habló pero borró el mensaje rapidísimo,,,2026-03-15 04:22:38,Cuenta_Nueva,0.0,1657,6023.0,14.9,No,0
3027,2998.0,313,@felipesalazar03,TikTok,Comentario,dicen que un influencer chiquito aseguró que tiene pruebas pero no las ha mostrado,#CancelenAKai,,2026-03-15 04:32:04,Anónimo,0.6,52,892.0,7.0,No,1
3028,2974.0,257,@carolinaramirez34,X,Repost/Cita,si esto no se aclara hoy se va a armar una novela de meses,#QueDijoKai,,2026-03-15 05:25:33,Anónimo,7.3,69,97.0,2.7,No,0
3029,3027.0,45,@david07,X,Comentario,Yo creo que hay que esperar antes de sacar conclusiones la verdad.,,,2026-03-15 04:35:47,Verificado,868.5,2340,,1.4,No,0
3030,2912.0,280,@fabianrojas34,Instagram,Comentario,"actualización: seguí el proceso desde el chat en vivo, a mí se vio transparente",,,2026-03-15 03:32:49,Cuenta_Nueva,4.1,139,183.0,3.6,Posible (similar a una publicación anterior),3
3031,2732.0,114,@tomaspinzonsabana,X,Comentario,para que sepan: revisé el reglamento público del sorteo y coincide con lo que se hizo,,,2026-03-15 03:39:30,Fan_Antiguo,30.0,1697,36.0,1.5,Posible (similar a una publicación anterior),0
3032,2932.0,34,@valentina07,X,Repost/Cita,cada hora aparece un ángulo nuevo de esto y cada rato cambia la versión,#KaiDuarte,,2026-03-15 04:15:55,Bot_Sospechoso,753.6,762,32.0,1.1,No,1
3033,2798.0,16,@lilianapinzonbogota,TikTok,Comentario,"ojo con esto: me contaron que alguien del equipo renunció por esto, sin confirmación",#CancelenAKai,,2026-03-15 02:38:36,Fan_Antiguo,809.0,2277,452.0,9.5,No,0
3034,2601.0,105,@samuelvargas2020,Instagram,Transcripción de audio/video,el que suba a defenderlo sin pruebas también me da desconfianza y nadie sabe ni qué creer 💀💀,,,2026-03-15 05:12:49,Verificado,762.3,3148,184.0,0.1,No,1
3035,,115,@claudiasabana,X,Post original,"que oso si es verdad, y que oso si no lo es y las marcas ni se han pronunciado bien...",,,2026-03-15 04:19:48,Fan_Antiguo,638.0,12316,37.0,2.6,No,0
3036,2682.0,122,@ricardo_real,Instagram,Transcripción de audio/video,"que fastidio, otra vez cancelando a alguien sin dejarlo hablar de verdad...",,,2026-03-15 06:32:11,Fan_Antiguo,919.2,3307,28.0,1.8,No,0
3037,2962.0,312,@ricardocun,X,Comentario,ojo con esto: dicen que hay un audio filtrado completo pero nadie lo ha mostrado,#KaiDuarte,,2026-03-15 04:28:53,Anónimo,0.3,171,427.0,21.6,No,1
3038,2760.0,306,@carloslopez_col,X,Comentario,yo sigo esperando que Kai diga algo,,,2026-03-15 05:54:48,Anónimo,13.2,420,139.0,4.0,No,0
3039,2943.0,398,@porsiempreKai_678,Instagram,Comentario,"en ningún sorteo anterior de Kai hubo una queja así, raro que ahora sí",#JusticiaParaKai,,2026-03-15 04:12:33,Anónimo,105.8,2484,419.0,1.0,No,0
3040,,310,@lilianacardenas_real,X,Comentario,honestamente ya perdí la cuenta de cuántas pruebas van y cada rato cambia la versión.,#EvaluandoLaSituacion,,2026-03-15 02:30:29,Anónimo,13.7,85,50.0,3.3,No,0
3041,2852.0,240,@alejandrogomez,TikTok,Comentario,Me acaban de contar que un tiktok con millones de vistas ya lo dio por hecho,,,2026-03-15 05:38:47,Verificado,2138.9,9085,173.0,6.1,Sí (idéntico a publicación de 2023 sobre otro creador),0
3042,,29,@antonia34,Instagram,Comentario,no puedo creer lo que está pasando con Kai sin exagerar 🤔,,,2026-03-15 03:17:05,Verificado,1009.1,48489,74.0,4.3,No,0
3043,2931.0,67,@antoniacun,X,Comentario,Para que sepan: yo estaba conectado desde el minuto uno y no vi nada extraño,#Cancelado,,2026-03-15 05:05:48,Anónimo,950.1,330,516.0,4.9,No,3
3044,2973.0,145,@hector,X,Comentario,yo estuve cerca del evento y no noté nada raro esa noche,,,2026-03-15 05:15:25,Verificado,326.3,2336,169.0,3.7,No,6
3045,2803.0,101,@jorgesalazarbogota,TikTok,Comentario,yo estuve cerca del evento y no noté nada raro esa noche,#KaiDuarte,,2026-03-15 03:11:32,Fan_Antiguo,2121.2,2922,106.0,4.5,No,2
3046,2853.0,286,@miguelco,Foro anónimo,Comentario,"posta que me llegó por WhatsApp que Kai sí arregló todo, no tengo la fuente original",#EvaluandoLaSituacion,,2026-03-15 02:31:59,Cuenta_Nueva,21.1,181,1398.0,19.6,No,1
3047,2751.0,106,@antoniasabana,X,Comentario,actualización: el ganador de mi ciudad sí recibió el premio sin ningún inconveniente,#Cancelado,,2026-03-15 04:05:39,Verificado,1562.2,6708,89.0,3.0,No,1
3048,3035.0,266,@gabrielasabana,X,Repost/Cita,"Sea cual sea la verdad, la forma en que se está manejando esto es un desastre y cada rato cambia la versión",,,2026-03-15 05:06:23,Cuenta_Nueva,13.9,1813,37.0,4.6,No,2
3049,2845.0,384,@despiertaya_630,TikTok,Repost/Cita,"confirmado, Kai amañó el sorteo, pasen la voz #CancelenAKai",#CancelenAKai,,2026-03-15 02:32:23,Bot_Sospechoso,0.1,40015,67.0,14.3,No,0
3050,2820.0,168,@natalianino98,Instagram,Comentario,"Yo hacía memes de Kai, ahora no sé ni qué publicar otra vez 😭",,,2026-03-15 04:40:29,Anónimo,363.6,4660,17.0,5.3,No,1
3051,2664.0,186,@monicarios,X,Repost/Cita,Yo vine a leer los comentarios que siempre son mejores que la noticia de verdad,#EvaluandoLaSituacion #FakeNews,,2026-03-15 05:49:39,Anónimo,885.4,3535,32.0,1.6,No,1
3052,2838.0,106,@antoniasabana,TikTok,Repost/Cita,esto va a ser tendencia todo el día seguro sin exagerar 🤔🤔,#Cancelado,,2026-03-15 04:09:37,Verificado,1562.2,6708,24.0,0.6,No,0
3053,,186,@monicarios,X,Repost/Cita,"vi que UrbanKrew sacó un comunicado, muy tibio la verdad",,PulsoTech,2026-03-15 01:47:20,Anónimo,885.4,3535,23.0,2.9,No,0
3054,,150,@miguelcardenas,TikTok,Repost/Cita,"Sea cual sea la verdad, la forma en que se está manejando esto es un desastre.",#KaiDuarte #EvaluandoLaSituacion,,2026-03-15 01:00:51,Verificado,1066.3,10079,56.0,1.7,No,1
3055,2780.0,298,@juliancastro_ug,Foro anónimo,Comentario,circula que circula el rumor de que hay más pruebas guardadas para después,,,2026-03-15 06:56:38,Anónimo,11.5,268,1155.0,23.4,No,0
3056,,81,@nicolassalazar_col,Instagram,Comentario,"que fastidio, otra vez cancelando a alguien sin dejarlo hablar y eso que apenas empieza el día",#Cancelado,,2026-03-15 04:13:19,Anónimo,91.6,76,147.0,0.1,No,0
3057,2785.0,21,@tatiana22,TikTok,Repost/Cita,mis amigas y yo llevamos toda la noche hablando de esto y cada rato cambia la versión,,,2026-03-15 04:22:21,Fan_Antiguo,605.7,8908,238.0,2.7,No,2
3058,2886.0,92,@tatiana_11,X,Comentario,"vi un live reaccionando que desmontó todo, aunque no lo vi completo",,,2026-03-15 05:04:49,Verificado,1064.8,4839,82.0,2.7,Sí (idéntico a publicación de 2023 sobre otro creador),1
3059,3033.0,317,@felipelopez22,TikTok,Comentario,dicen que dicen que hay un audio filtrado completo pero nadie lo ha mostrado,#KaiMentiroso,,2026-03-15 02:47:18,Cuenta_Nueva,0.5,30,308.0,8.1,No,0
3060,2906.0,132,@kevinriosbogota,Foro anónimo,Comentario,increíble como en una noche esto se salió de control sinceramente 💀,#KaiDuarte,,2026-03-15 04:01:04,Fan_Antiguo,2082.7,1108,16.0,1.3,No,0
3061,,135,@ximena03,Instagram,Repost/Cita,  clásico: pasa algo de madrugada y para el mediodía ya todos tienen opinión sinceramente   ,#JusticiaParaKai,,2026-03-15 01:59:33,Anónimo,609.3,1810,59.0,0.3,No,1
3062,2838.0,244,@harold_uni,X,Descripción de captura,si esto no se aclara hoy se va a armar una novela de meses ya en serio 🤔,#EvaluandoLaSituacion,,2026-03-15 03:57:38,Fan_Antiguo,681.4,1856,31.0,1.3,No,0
3063,2878.0,257,@carolinaramirez34,X,Comentario,yo llevo horas viendo hilos sobre esto en vez de dormir y nadie sabe ni qué creer,#FakeNews,,2026-03-15 03:18:11,Anónimo,7.3,69,14.0,2.0,No,0
3064,3011.0,19,@gabrielamedina07,X,Comentario,"según un grupo de Facebook, esto ya se sabía desde hace meses",,,2026-03-15 04:28:24,Fan_Antiguo,1199.2,4505,604.0,9.6,No,1
3065,2901.0,381,@APOYOMATEO_892,TikTok,Repost/Cita,"COMPARTAN esto antes de que lo borren, la verdad sobre Kai #CancelenAKai",#CancelenAKai,,2026-03-15 06:39:53,Bot_Sospechoso,1.3,6184,344.0,14.9,No,0
3066,3013.0,38,@yesid,X,Comentario,ojo con esto: alguien juró que tiene capturas del chat privado pero nunca las publicó,#EvaluandoLaSituacion,,2026-03-15 04:32:51,Anónimo,1156.1,1653,204.0,9.6,No,1
3067,2953.0,341,@manuelaortizsabana,TikTok,Transcripción de audio/video,En mi casa no se habla de otra cosa desde anoche la verdad 😳😳,#JusticiaParaKai,,2026-03-15 05:03:34,Cuenta_Nueva,11.3,220,299.0,2.1,No,0
3068,2836.0,311,@wilson2020,TikTok,Comentario,yo creo que el ganador de mi ciudad sí recibió el premio sin ningún inconveniente,,,2026-03-15 03:41:41,Cuenta_Nueva,15.0,121,529.0,0.5,No,1
3069,2882.0,97,@mateoleon_real,Foro anónimo,Comentario,dato: nadie de los que participamos notó nada fuera de lo normal esa noche,,,2026-03-15 03:39:44,Verificado,30.0,521,795.0,5.4,No,4
3070,2759.0,264,@monica2020,Instagram,Comentario,me acaban de contar que supuestamente el ganador real habló pero borró el mensaje rapidísimo,,,2026-03-15 04:51:18,Cuenta_Nueva,19.1,11,2298.0,9.8,No,1
3071,3011.0,315,@tomasperezbogota,TikTok,Comentario,circula que alguien juró que tiene capturas del chat privado pero nunca las publicó,#CancelenAKai,,2026-03-15 04:42:00,Cuenta_Nueva,0.0,32,1903.0,0.1,No,1
3072,3016.0,91,@cesarramirezcun,X,Comentario,alguien me explica bien qué fue lo que pasó anoche otra vez 💀,#EvaluandoLaSituacion #KaiDuarte,,2026-03-15 04:22:09,Verificado,2835.2,1010,92.0,0.1,No,1
3073,2793.0,62,@tomas_,X,Descripción de captura,yo creo que hay que esperar antes de sacar conclusiones y cada rato cambia la versión,,,2026-03-15 03:35:46,Anónimo,1442.6,3056,61.0,4.3,No,1
3074,2712.0,294,@melissa_,TikTok,Comentario,mis amigas y yo llevamos toda la noche hablando de esto sinceramente 💀,,,2026-03-15 04:52:06,Cuenta_Nueva,14.6,1198,85.0,2.1,No,0
3075,2838.0,43,@cesarmoreno,TikTok,Transcripción de audio/video,la cantidad de cuentas nuevas comentando esto me da mala espina 🤔🤔,#QueDijoKai,,2026-03-15 04:02:51,Anónimo,399.3,2727,197.0,0.1,No,0
3076,2913.0,81,@nicolassalazar_col,X,Comentario,yo creo que hay que esperar antes de sacar conclusiones y nadie sabe ni qué creer,,,2026-03-15 06:00:34,Anónimo,91.6,76,66.0,2.2,No,0
3077,2915.0,100,@liliana_uni,X,Comentario,increíble como en una noche esto se salió de control...,#EvaluandoLaSituacion,,2026-03-15 03:19:10,Anónimo,1762.8,2550,3.0,0.5,No,0
3078,2782.0,343,@angie07,TikTok,Repost/Cita,literal me desperté y lo primero que vi fue esto sinceramente.,,,2026-03-15 04:05:32,Cuenta_Nueva,21.7,613,25.0,1.7,No,0
3079,2978.0,7,@juliana_ug,Foro anónimo,Descripción de captura,el que suba a defenderlo sin pruebas también me da desconfianza ya en serio,,,2026-03-15 03:41:39,Verificado,240.9,1015,125.0,3.3,No,0
3080,2879.0,215,@johanaortiz_col,X,Comentario,si esto no se aclara hoy se va a armar una novela de meses sin exagerar,,,2026-03-15 05:48:10,Anónimo,925.1,969,151.0,0.1,No,0
3081,,13,@jhon_oficial,TikTok,Comentario,"esto ya lo vi venir hace rato, algo raro pasaba y eso que apenas empieza el día 😳",#FueraKai #EvaluandoLaSituacion,,2026-03-15 02:41:15,Fan_Antiguo,570.2,324,31.0,1.9,No,1
3082,,143,@johanaleon2020,Foro anónimo,Descripción de captura,"yo hacía memes de Kai, ahora no sé ni qué publicar otra vez.",#CancelenAKai #Cancelado,,2026-03-15 03:07:57,Verificado,1114.5,52359,42.0,3.2,No,0
3083,2807.0,108,@tomas_real,Instagram,Repost/Cita,mis amigas y yo llevamos toda la noche hablando de esto de verdad.,,,2026-03-15 03:30:19,Anónimo,1472.9,1767,39.0,4.8,No,1
3084,2783.0,329,@monica34,Foro anónimo,Descripción de captura,"pobre la gente que ganó de verdad el sorteo, ahora todos van a dudar de ellos la verdad",#KaiDuarte #EvaluandoLaSituacion,,2026-03-15 03:08:21,Cuenta_Nueva,19.9,548,111.0,0.1,No,0
3085,2976.0,268,@viviana_real,TikTok,Comentario,Ojo con esto: una cuenta que no conozco subió una captura que supuestamente confirma todo,,,2026-03-15 05:12:09,Cuenta_Nueva,10.6,1154,98.0,9.4,Sí (idéntico a publicación de 2023 sobre otro creador),0
3086,3067.0,9,@yulianasuarez07,X,Repost/Cita,"que oso si es verdad, y que oso si no lo es y eso que apenas empieza el día",,,2026-03-15 05:14:08,Fan_Antiguo,511.7,4216,54.0,1.3,No,0
3087,2991.0,319,@cesar99,Instagram,Comentario,"circula que según un grupo de Facebook, esto ya se sabía desde hace meses",,,2026-03-15 05:42:07,Cuenta_Nueva,17.7,313,79.0,9.0,No,1
3088,2829.0,264,@monica2020,TikTok,Repost/Cita,"Todo mundo subiendo teorías, nadie subiendo pruebas y todavía falta que hable Kai",#CancelenAKai,,2026-03-15 04:45:22,Cuenta_Nueva,19.1,11,81.0,2.8,No,1
3089,2864.0,235,@ricardo98,Instagram,Comentario,"Para que sepan: vi la transmisión completa dos veces, no encuentro el corte que muestran",#YoLeCreoAKai #QueDijoKai,,2026-03-15 03:19:03,Fan_Antiguo,1284.4,3028,126.0,3.4,Posible (similar a una publicación anterior),4
3090,2725.0,80,@juansalazar03,X,Comentario,"pobre la gente que ganó de verdad el sorteo, ahora todos van a dudar de ellos sin exagerar",,,2026-03-15 05:37:54,Verificado,1451.6,2025,28.0,5.7,No,1
3091,2796.0,119,@santiagomedinatv,Instagram,Comentario,yo sigo esperando que Kai diga algo de verdad 😳😳,#KaiDuarte,,2026-03-15 03:15:04,Verificado,911.6,4906,48.0,4.2,No,0
3092,2970.0,429,@kaisquad_698,TikTok,Comentario,"si tuvieran algo sólido ya lo hubieran mostrado completo, no en pedazos",#JusticiaParaKai,,2026-03-15 03:37:11,Cuenta_Nueva,0.0,377,64.0,10.8,No,1
3093,3088.0,319,@cesar99,X,Descripción de captura,"que oso si es verdad, y que oso si no lo es y nadie sabe ni qué creer",,,2026-03-15 04:48:09,Cuenta_Nueva,17.7,313,80.0,4.6,No,1
3094,2955.0,109,@juanlopez07,X,Descripción de captura,"esto se puso serio rapidísimo, hace una hora era chisme y cada rato cambia la versión",#Cancelado #FakeNews,,2026-03-15 03:32:28,Anónimo,633.6,1789,105.0,1.1,No,0
3095,2961.0,273,@laurasabana,X,Comentario,esto se siente exactamente igual a lo del año pasado con otro streamer sinceramente...,#Cancelado,,2026-03-15 03:52:17,Cuenta_Nueva,,258,132.0,0.7,No,0
3096,3092.0,428,@kaisquad_528,Instagram,Comentario,"eso que están pasando como prueba nueva es de un caso viejo, no es de ahora",#JusticiaParaKai,,2026-03-15 03:40:01,Cuenta_Nueva,1253.1,5202,243.0,1.2,No,2
3097,,118,@miguelrios15,Foro anónimo,Transcripción de audio/video,"yo hacía memes de Kai, ahora no sé ni qué publicar y todavía falta que hable Kai 💀💀",#FueraKai,,2026-03-15 02:54:10,Fan_Antiguo,651.1,3290,74.0,1.5,No,0
3098,2894.0,189,@maria15,TikTok,Comentario,"esto ya lo vi venir hace rato, algo raro pasaba y las marcas ni se han pronunciado bien 🤔",#Cancelado #VerificaAntesDeCompartir,,2026-03-15 04:05:04,Verificado,1261.6,8295,26.0,1.9,No,0
3099,3084.0,72,@sebastian15,TikTok,Descripción de captura,"Que fastidio, otra vez cancelando a alguien sin dejarlo hablar y todavía falta que hable Kai...",,,2026-03-15 03:26:12,Fan_Antiguo,722.8,1574,33.0,0.9,No,0
3100,3067.0,11,@sebastianpinzon,X,Descripción de captura,si NovaVolt no rompe el contrato hoy yo dejo de comprarles,#YoLeCreoAKai,NovaVolt,2026-03-15 05:20:00,Verificado,1127.4,5125,35.0,0.1,No,0
3101,3009.0,325,@felipe98,Instagram,Descripción de captura,yo llevo horas viendo hilos sobre esto en vez de dormir y cada rato cambia la versión,#EvaluandoLaSituacion #KaiDuarte,,2026-03-15 04:24:20,Anónimo,4.6,84,34.0,0.1,No,0
3102,3037.0,314,@esteban_uni,X,Comentario,ojo con esto: circula una lista de pruebas pero ninguna se puede verificar bien,#Cancelado #KaiMentiroso,,2026-03-15 04:37:36,Anónimo,4.7,256,833.0,10.8,No,1
3103,,44,@santiago_,TikTok,Comentario,"que fastidio, otra vez cancelando a alguien sin dejarlo hablar la verdad.",#JusticiaParaKai,,2026-03-15 01:45:52,Verificado,30.0,172,49.0,3.2,No,0
3104,2964.0,113,@monica_,X,Comentario,circula que una cuenta que no conozco subió una captura que supuestamente confirma todo,#KaiDuarte,,2026-03-15 05:22:56,Anónimo,30.0,44636,201.0,6.5,No,1
3105,2851.0,134,@tatianamedina07,TikTok,Comentario,honestamente ya perdí la cuenta de cuántas pruebas van de verdad.,,,2026-03-15 06:51:27,Verificado,898.6,490,30.0,3.4,No,2
3106,2947.0,288,@monicatv,X,Comentario,"esto ya lo vi venir hace rato, algo raro pasaba y nadie sabe ni qué creer...",#VerificaAntesDeCompartir #EvaluandoLaSituacion,,2026-03-15 06:36:48,Anónimo,7.2,413,127.0,2.0,No,0
3107,2836.0,136,@valeriacastro07,X,Transcripción de audio/video,literal me desperté y lo primero que vi fue esto la verdad,,,2026-03-15 03:39:22,Fan_Antiguo,1670.2,1030,71.0,4.8,No,0
3108,3046.0,342,@kevin_00,TikTok,Comentario,"ojo con esto: me llegó por WhatsApp que Kai sí arregló todo, no tengo la fuente original",#EvaluandoLaSituacion,,2026-03-15 03:30:06,Cuenta_Nueva,18.5,10457,249.0,3.3,No,1
3109,3019.0,146,@kevinmoreno2020,TikTok,Comentario,Yo estaba conectado desde el minuto uno y no vi nada extraño,#QueDijoKai,,2026-03-15 03:18:42,Fan_Antiguo,632.8,8319,88.0,2.2,Posible (similar a una publicación anterior),0
3110,2939.0,9,@yulianasuarez07,TikTok,Descripción de captura,no puedo creer lo que está pasando con Kai y todavía falta que hable Kai,#KaiDuarte,,2026-03-15 06:00:43,Fan_Antiguo,511.7,4216,60.0,2.9,No,1
3111,2955.0,60,@alejandropinzon99,X,Comentario,UrbanKrew debería esperar los resultados antes de tomar una decisión así de grande,#Cancelado #KaiEsInocente,UrbanKrew,2026-03-15 03:51:33,Anónimo,1712.2,2331,28.0,0.1,No,0
3112,,168,@natalianino98,TikTok,Descripción de captura,dejen a la gente en paz hasta que se sepa la verdad 💀,#JusticiaParaKai #QueDijoKai,,2026-03-15 00:58:54,Anónimo,363.6,4660,90.0,2.9,No,0
3113,2846.0,140,@cristianramirez_,TikTok,Comentario,dejen a la gente en paz hasta que se sepa la verdad y las marcas ni se han pronunciado bien.,#CancelenAKai,,2026-03-15 03:39:17,Verificado,853.0,1171,103.0,3.5,No,0
3114,2999.0,71,@luisatv,Foro anónimo,Comentario,Mis amigas y yo llevamos toda la noche hablando de esto y cada rato cambia la versión 🤔,,,2026-03-15 05:39:38,Anónimo,2238.0,4432,105.0,3.0,No,0
3115,2981.0,327,@yuliana07,TikTok,Comentario,"dato: el proceso del sorteo se hizo con testigos externos, no solo del equipo de Kai",#Cancelado,,2026-03-15 05:37:58,Cuenta_Nueva,14.7,52,346.0,0.1,No,4
3116,,197,@felipesuarezbogota,Instagram,Comentario,tremendo desorden se armó de la nada anoche la verdad,#KaiDuarte,,2026-03-15 01:48:29,Fan_Antiguo,1413.3,5993,43.0,0.1,No,0
3117,2984.0,69,@miguelramirez2020,TikTok,Repost/Cita,yo sigo esperando que Kai diga algo,#Cancelado #QueDijoKai,,2026-03-15 04:44:13,Fan_Antiguo,1147.2,5895,47.0,1.0,No,1
3118,3066.0,243,@monicapinzon2020,X,Comentario,posta que un influencer chiquito aseguró que tiene pruebas pero no las ha mostrado,#CancelenAKai,,2026-03-15 04:59:38,Fan_Antiguo,1268.8,9767,407.0,3.4,Sí (idéntico a publicación de 2023 sobre otro creador),0
3119,,284,@melissaramirez34,TikTok,Comentario,yo creo que hay que esperar antes de sacar conclusiones y eso que apenas empieza el día,,,2026-03-15 03:39:48,Cuenta_Nueva,3.6,1338,21.0,2.7,No,0
3120,2947.0,404,@teamkai_817,X,Comentario,"llevo horas buscando la prueba de verdad y no existe, es puro rumor",#JusticiaParaKai,,2026-03-15 07:26:10,Anónimo,796.4,717,150.0,0.1,No,2
3121,,257,@carolinaramirez34,X,Repost/Cita,"que oso si es verdad, y que oso si no lo es otra vez",#EvaluandoLaSituacion,,2026-03-15 02:12:03,Anónimo,7.3,69,40.0,2.8,No,0
3122,2985.0,385,@despiertaya_406,X,Repost/Cita,"confirmado, Kai amañó el sorteo, pasen la voz #CancelenAKai",#CancelenAKai,,2026-03-15 04:22:03,Bot_Sospechoso,1.5,11369,132.0,18.1,No,0
3123,2968.0,233,@maria,TikTok,Comentario,Para que sepan: nadie de los que participamos notó nada fuera de lo normal esa noche,#KaiDuarte #KaiEsInocente,,2026-03-15 05:14:14,Anónimo,30.0,2221,53.0,6.3,No,1
3124,2962.0,347,@luisarojas_,Instagram,Comentario,actualización: el ganador de mi ciudad sí recibió el premio sin ningún inconveniente,#JusticiaParaKai,,2026-03-15 04:36:29,Anónimo,10.7,40,107.0,5.7,No,4
3125,3124.0,39,@tatiana15,X,Comentario,yo estuve cerca del evento y no noté nada raro esa noche,#JusticiaParaKai,,2026-03-15 04:44:46,Anónimo,1660.6,1149,853.0,0.1,No,1
3126,3011.0,354,@mvidalteam_128,TikTok,Repost/Cita,"COMPARTAN esto antes de que lo borren, la verdad sobre Kai #CancelenAKai",#CancelenAKai,,2026-03-15 04:16:54,Bot_Sospechoso,1.9,10228,145.0,9.6,No,0
3127,,243,@monicapinzon2020,X,Comentario,ya perdí la cuenta de cuántos hilos van sobre esto otra vez,#EvaluandoLaSituacion,,2026-03-14 23:53:57,Fan_Antiguo,1268.8,9767,52.0,5.6,No,2
3128,2805.0,308,@johanacun,TikTok,Descripción de captura,increíble como en una noche esto se salió de control 🤔🤔,,,2026-03-15 05:14:00,Cuenta_Nueva,4.5,537,434.0,3.5,No,1
3129,3118.0,278,@isabellaalarcon_11,TikTok,Comentario,posta que circula una lista de pruebas pero ninguna se puede verificar bien,#FueraKai,,2026-03-15 05:04:22,Anónimo,11.2,119,1166.0,9.4,No,1
3130,2749.0,70,@kevincruz,TikTok,Comentario,me parece raro que NovaVolt se pronuncie tan rápido sin saber toda la historia,#FueraKai,NovaVolt,2026-03-15 04:48:12,Fan_Antiguo,1424.7,457,69.0,2.1,No,0
3131,3047.0,288,@monicatv,Foro anónimo,Comentario,para que sepan: nadie de los que participamos notó nada fuera de lo normal esa noche,,,2026-03-15 04:09:05,Anónimo,7.2,413,61.0,1.2,No,1
3132,,38,@yesid,X,Comentario,literal me desperté y lo primero que vi fue esto y todavía falta que hable Kai,#Cancelado #EvaluandoLaSituacion,,2026-03-14 23:51:25,Anónimo,1156.1,1653,104.0,1.3,No,0
3133,3028.0,138,@carloslopezbogota,Instagram,Transcripción de audio/video,tremendo desorden se armó de la nada anoche y eso que apenas empieza el día.,#QueDijoKai,,2026-03-15 05:39:13,Fan_Antiguo,30.0,9800,66.0,1.8,No,0
3134,2776.0,98,@marialeon_col,TikTok,Comentario,esto habla más de nosotros como internet que de Kai la verdad y todavía falta que hable Kai,#KaiDuarte,,2026-03-15 03:59:46,Fan_Antiguo,1483.0,14224,178.0,3.3,No,0
3135,,207,@sofia_uni,TikTok,Comentario,yo esperaría el comunicado oficial antes de opinar otra vez.,,,2026-03-15 00:20:08,Anónimo,1117.1,1861,51.0,4.3,No,0
3136,3049.0,353,@mvidalteam_304,TikTok,Repost/Cita,esto es un ESCÁNDALO y las marcas lo están tapando #CancelenAKai,#CancelenAKai,,2026-03-15 02:35:35,Bot_Sospechoso,2.8,12794,92.0,21.1,No,0
3137,2862.0,241,@gabriela_00,Instagram,Descripción de captura,la cantidad de cuentas nuevas comentando esto me da mala espina...,#VerificaAntesDeCompartir,,2026-03-15 03:54:42,Verificado,759.1,8195,23.0,2.9,No,0
3138,,144,@carolinapinzon34,TikTok,Comentario,esto me recuerda a como diez casos parecidos sinceramente,,,2026-03-15 01:40:41,Fan_Antiguo,61.0,2900,45.0,3.2,No,0
3139,2850.0,336,@juan_ug,X,Descripción de captura,el trending de hoy tenía que ser esto obviamente y cada rato cambia la versión...,#EvaluandoLaSituacion,,2026-03-15 06:29:14,Cuenta_Nueva,15.1,127,57.0,0.1,No,0
3140,2889.0,70,@kevincruz,TikTok,Comentario,"esto ya lo vi venir hace rato, algo raro pasaba sin exagerar 🤔",#YoLeCreoAKai,,2026-03-15 01:52:25,Fan_Antiguo,1424.7,457,8.0,5.9,No,1
3141,2980.0,384,@despiertaya_630,TikTok,Repost/Cita,"no dejen que borren la evidencia, guarden capturas ya #CancelenAKai",#CancelenAKai,,2026-03-15 04:18:25,Bot_Sospechoso,0.1,40015,355.0,10.6,No,0
3142,3046.0,182,@davidcastro,X,Comentario,dicen que supuestamente el ganador real habló pero borró el mensaje rapidísimo,,,2026-03-15 02:33:27,Fan_Antiguo,30.0,494,609.0,0.5,No,0
3143,3043.0,93,@julianasabana,Instagram,Comentario,Yo creo que nadie de los que participamos notó nada fuera de lo normal esa noche,,,2026-03-15 05:09:21,Verificado,776.3,2783,118.0,0.2,No,1
3144,3068.0,244,@harold_uni,TikTok,Comentario,yo creo que revisé el reglamento público del sorteo y coincide con lo que se hizo,,,2026-03-15 04:01:16,Fan_Antiguo,681.4,1856,123.0,3.3,No,1
3145,2908.0,243,@monicapinzon2020,Instagram,Comentario,no puedo creer lo que está pasando con Kai y todavía falta que hable Kai,#QueDijoKai,,2026-03-15 02:34:51,Fan_Antiguo,1268.8,9767,73.0,0.6,No,0
3146,2894.0,218,@camilacardenas,X,Transcripción de audio/video,"que fastidio, otra vez cancelando a alguien sin dejarlo hablar",,,2026-03-15 04:03:15,Verificado,2503.6,13569,41.0,4.7,No,0
3147,2857.0,161,@lauramoreno22,TikTok,Comentario,posta que una cuenta que no conozco subió una captura que supuestamente confirma todo,#CancelenAKai #EvaluandoLaSituacion,,2026-03-15 04:16:10,Anónimo,30.0,6893,186.0,19.1,No,1
3148,3113.0,119,@santiagomedinatv,TikTok,Repost/Cita,"a mi me da igual, no sigo a Kai pero el trending me tiene aquí leyendo y cada rato cambia la versión",,,2026-03-15 04:05:58,Verificado,911.6,4906,8.0,3.1,No,0
3149,3117.0,259,@karensuarez,X,Comentario,si PulsoTech no rompe el contrato hoy yo dejo de comprarles,,PulsoTech,2026-03-15 04:52:35,Anónimo,4.1,3606,14.0,3.2,No,0
3150,2985.0,195,@sofia_ug,Instagram,Comentario,cada hora aparece un ángulo nuevo de esto de verdad,#VerificaAntesDeCompartir,,2026-03-15 04:21:20,Fan_Antiguo,1096.8,1324,58.0,1.9,No,0
3151,3144.0,152,@nataliarojas_oficial,TikTok,Comentario,circula el rumor de que hay más pruebas guardadas para después,,,2026-03-15 04:10:34,Anónimo,916.1,765,697.0,22.3,No,1
3152,,70,@kevincruz,TikTok,Comentario,no puedo creer lo que está pasando con Kai y nadie sabe ni qué creer 💀💀,,,2026-03-15 04:20:56,Fan_Antiguo,1424.7,457,27.0,4.2,No,1
3153,2965.0,317,@felipelopez22,TikTok,Comentario,increíble como en una noche esto se salió de control y las marcas ni se han pronunciado bien,#Cancelado,,2026-03-15 06:02:19,Cuenta_Nueva,0.5,30,113.0,1.1,No,2
3154,,342,@kevin_00,TikTok,Descripción de captura,Yo esperaría el comunicado oficial antes de opinar y cada rato cambia la versión,,,2026-03-15 01:30:26,Cuenta_Nueva,18.5,10457,,1.6,No,0
3155,,225,@yesidgomez_real,TikTok,Comentario,yo esperaría el comunicado oficial antes de opinar la verdad,#OjoConEstoKai,,2026-03-15 02:01:52,Fan_Antiguo,1699.7,2882,198.0,0.8,No,0
3156,2939.0,430,@kaisquad_333,Instagram,Comentario,"si tuvieran algo sólido ya lo hubieran mostrado completo, no en pedazos",#JusticiaParaKai,,2026-03-15 05:58:11,Anónimo,413.4,670,190.0,13.7,No,2
3157,,136,@valeriacastro07,X,Comentario,La cantidad de cuentas nuevas comentando esto me da mala espina otra vez,,,2026-03-15 03:47:48,Fan_Antiguo,1670.2,1030,45.0,2.5,No,0
3158,3074.0,328,@carolina99,Instagram,Descripción de captura,yo esperaría el comunicado oficial antes de opinar y las marcas ni se han pronunciado bien 🤔🤔,,,2026-03-15 04:56:45,Anónimo,16.4,76,16.0,5.5,No,0
3159,3044.0,225,@yesidgomez_real,TikTok,Comentario,actualización: yo estuve cerca del evento y no noté nada raro esa noche,#YoLeCreoAKai,,2026-03-15 05:23:48,Fan_Antiguo,1699.7,2882,74.0,1.1,No,4
3160,3150.0,286,@miguelco,X,Comentario,el trending de hoy tenía que ser esto obviamente ya en serio...,#KaiDuarte #QueDijoKai,,2026-03-15 04:22:19,Cuenta_Nueva,21.1,181,15.0,1.6,No,0
3161,2935.0,325,@felipe98,X,Repost/Cita,Honestamente ya perdí la cuenta de cuántas pruebas van y eso que apenas empieza el día...,#KaiDuarte #Cancelado,,2026-03-15 04:15:47,Anónimo,4.6,84,62.0,1.3,No,0
3162,3001.0,342,@kevin_00,X,Comentario,esto me recuerda a como diez casos parecidos,#JusticiaParaKai,,2026-03-15 04:20:13,Cuenta_Nueva,18.5,10457,66.0,2.6,No,0
3163,,276,@carlos03,Foro anónimo,Comentario,"que fastidio, otra vez cancelando a alguien sin dejarlo hablar y todavía falta que hable Kai...",,,2026-03-15 01:35:36,Anónimo,10.1,109,62.0,4.7,No,0
3164,3083.0,287,@lilianax,Foro anónimo,Comentario,tremendo desorden se armó de la nada anoche otra vez 😳😳,,,2026-03-15 03:44:08,Cuenta_Nueva,20.0,280,33.0,2.9,No,0
3165,3061.0,285,@estebanortiz99,TikTok,Comentario,dato: yo estuve cerca del evento y no noté nada raro esa noche,,,2026-03-15 03:47:50,Cuenta_Nueva,8.7,515,55.0,0.1,No,7
3166,,336,@juan_ug,X,Transcripción de audio/video,no puedo creer lo que está pasando con Kai ya en serio,#Cancelado,,2026-03-15 02:54:04,Cuenta_Nueva,15.1,127,67.0,2.0,No,0
3167,2966.0,415,@fansdekai_985,Instagram,Comentario,"esas capturas ya las vi hace años en otro escándalo, esto es reciclado",#JusticiaParaKai,,2026-03-15 05:37:05,Cuenta_Nueva,1059.5,2593,192.0,2.6,No,1
3168,3156.0,43,@cesarmoreno,TikTok,Comentario,"la marca ya se está lavando las manos, típico y eso que apenas empieza el día 😭😭",#EvaluandoLaSituacion,,2026-03-15 06:11:44,Anónimo,399.3,2727,75.0,4.1,No,0
3169,2981.0,124,@fabian_00,X,Comentario,nadie de los que participamos notó nada fuera de lo normal esa noche,#QueDijoKai,,2026-03-15 05:38:25,Anónimo,1384.1,2126,73.0,4.6,No,2
3170,3109.0,148,@antoniapardo_col,TikTok,Transcripción de audio/video,"que fastidio, otra vez cancelando a alguien sin dejarlo hablar la verdad 😳",,,2026-03-15 03:33:39,Anónimo,408.1,1457,11.0,3.9,No,1
3171,2904.0,319,@cesar99,TikTok,Comentario,esto habla más de nosotros como internet que de Kai la verdad 😳,,,2026-03-15 04:38:56,Cuenta_Nueva,17.7,313,8.0,2.2,No,1
3172,3068.0,314,@esteban_uni,X,Comentario,esto me recuerda a como diez casos parecidos y todavía falta que hable Kai.,#QueDijoKai,,2026-03-15 03:46:49,Anónimo,4.7,256,26.0,6.0,No,0
3173,2921.0,337,@antoniaperez99,TikTok,Comentario,Alguien me explica bien qué fue lo que pasó anoche otra vez.,,,2026-03-15 03:17:23,Cuenta_Nueva,4.0,172,98.0,1.5,No,0
3174,3071.0,216,@vivianaramirez_ug,X,Comentario,"vi que NovaVolt sacó un comunicado, muy tibio la verdad",#VerificaAntesDeCompartir,PulsoTech,2026-03-15 04:46:01,Anónimo,448.1,1917,37.0,1.1,No,0
3175,2934.0,290,@haroldbogota,X,Transcripción de audio/video,clásico: pasa algo de madrugada y para el mediodía ya todos tienen opinión y cada rato cambia la versión 😭😭,,,2026-03-15 03:36:03,Anónimo,8.1,277,30.0,0.8,No,0
3176,3010.0,354,@mvidalteam_128,TikTok,Repost/Cita,"COMPARTAN esto antes de que lo borren, la verdad sobre Kai #CancelenAKai",#CancelenAKai,,2026-03-15 04:23:57,Bot_Sospechoso,1.9,10228,226.0,23.2,No,0
3177,2931.0,52,@monicaperez_11,Foro anónimo,Comentario,dato: yo estuve cerca del evento y no noté nada raro esa noche,,,2026-03-15 04:55:37,Verificado,2143.8,11246,609.0,3.7,No,2
3178,3156.0,392,@teamkai_498,X,Comentario,"llevo horas buscando la prueba de verdad y no existe, es puro rumor",#JusticiaParaKai,,2026-03-15 06:20:05,Cuenta_Nueva,920.5,1235,439.0,7.6,No,0
3179,2901.0,277,@yesidcastro,TikTok,Comentario,circula que un tiktok con millones de vistas ya lo dio por hecho,,,2026-03-15 06:37:17,Anónimo,23.9,374,188.0,5.4,No,1
3180,3044.0,223,@ricardo07,TikTok,Comentario,"honestamente, seguí el proceso desde el chat en vivo, a mí se vio transparente",,,2026-03-15 05:16:51,Fan_Antiguo,1197.3,1391,,3.3,No,1
3181,3133.0,75,@cristianmedina_,X,Comentario,dejen a la gente en paz hasta que se sepa la verdad sin exagerar,#QueDijoKai,,2026-03-15 05:43:44,Fan_Antiguo,30.0,58934,86.0,1.3,No,0
3182,2949.0,70,@kevincruz,Instagram,Comentario,"la marca ya se está lavando las manos, típico",,,2026-03-15 06:04:42,Fan_Antiguo,1424.7,457,23.0,2.9,No,0
3183,3118.0,326,@ricardo_uni,X,Comentario,posta que supuestamente el ganador real habló pero borró el mensaje rapidísimo,,,2026-03-15 05:00:41,Anónimo,10.3,901,122.0,0.1,No,0
3184,3170.0,87,@johana22,TikTok,Comentario,"todo mundo subiendo teorías, nadie subiendo pruebas y nadie sabe ni qué creer",,,2026-03-15 03:36:15,Verificado,2125.6,18539,83.0,4.2,No,1
3185,2996.0,218,@camilacardenas,TikTok,Comentario,"El clip completo, sin el corte de 14 segundos, cuenta una historia distinta",,,2026-03-15 02:10:55,Verificado,2503.6,13569,687.0,3.3,Posible (similar a una publicación anterior),2
3186,3006.0,329,@monica34,X,Comentario,circula el rumor de que hay más pruebas guardadas para después,,,2026-03-15 04:38:09,Cuenta_Nueva,19.9,548,615.0,14.0,No,0
3187,,329,@monica34,TikTok,Descripción de captura,mis amigas y yo llevamos toda la noche hablando de esto sin exagerar.,#FueraKai #KaiMentiroso,,2026-03-15 03:45:07,Cuenta_Nueva,19.9,548,39.0,6.4,No,0
3188,3059.0,99,@paola07,TikTok,Comentario,"posta que me llegó por WhatsApp que Kai sí arregló todo, no tengo la fuente original",#CancelenAKai,,2026-03-15 02:59:12,Anónimo,30.0,6228,794.0,18.5,No,1
3189,2931.0,156,@wilson_uni,Instagram,Comentario,"Honestamente, yo estaba conectado desde el minuto uno y no vi nada extraño",#JusticiaParaKai #YoLeCreoAKai,,2026-03-15 05:10:05,Anónimo,540.8,1025,1075.0,4.6,No,1
3190,3069.0,339,@vivianatv,X,Comentario,"la marca ya se está lavando las manos, típico ya en serio",#QueDijoKai,,2026-03-15 03:43:20,Anónimo,0.1,521,103.0,1.1,No,0
3191,3115.0,13,@jhon_oficial,TikTok,Comentario,"honestamente, yo estuve cerca del evento y no noté nada raro esa noche",#JusticiaParaKai,,2026-03-15 05:39:54,Fan_Antiguo,570.2,324,23.0,1.3,No,3
3192,3018.0,46,@david,Instagram,Comentario,honestamente ya perdí la cuenta de cuántas pruebas van la verdad.,#Cancelado,,2026-03-15 03:50:10,Fan_Antiguo,1595.0,587,12.0,1.0,No,0
3193,3099.0,170,@claudiaortiz_00,TikTok,Comentario,"esto ya lo vi venir hace rato, algo raro pasaba otra vez...",#QueDijoKai,,2026-03-15 04:01:33,Anónimo,1323.5,1493,19.0,1.0,No,0
3194,3128.0,18,@paula15,Instagram,Comentario,"pobre la gente que ganó de verdad el sorteo, ahora todos van a dudar de ellos y eso que apenas empieza el día 😭😭",#EvaluandoLaSituacion #JusticiaParaKai,,2026-03-15 05:17:02,Verificado,1607.4,3263,68.0,1.9,No,1
3195,3143.0,174,@mateocruz_col,Foro anónimo,Comentario,yo creo que seguridad del evento confirmó que hubo varios testigos presentes,,,2026-03-15 05:15:24,Anónimo,1499.3,2558,45.0,4.5,No,4
3196,3082.0,251,@miguel_col,X,Comentario,circula una lista de pruebas pero ninguna se puede verificar bien,,,2026-03-15 03:08:49,Fan_Antiguo,1376.3,7608,176.0,17.8,Posible (similar a una publicación anterior),0
3197,2966.0,259,@karensuarez,TikTok,Comentario,circula que alguien juró que tiene capturas del chat privado pero nunca las publicó,,,2026-03-15 05:21:36,Anónimo,4.1,3606,1541.0,10.0,No,1
3198,3014.0,269,@mateo_real,X,Comentario,"dicen que vi un live reaccionando que desmontó todo, aunque no lo vi completo",,,2026-03-15 05:35:50,Cuenta_Nueva,0.0,621,276.0,7.6,No,1
3199,3198.0,104,@paulasuarez,TikTok,Comentario,"que fastidio, otra vez cancelando a alguien sin dejarlo hablar la verdad",#Cancelado,,2026-03-15 05:42:08,Fan_Antiguo,30.0,1549,61.0,0.1,No,1
3200,,446,@ChequeoDigitalCO,X,Post original,"El patrón de creación de cuentas alrededor de este tema es atípico, seguimos documentando.",#VerificaAntesDeCompartir,,2026-03-15 03:07:45,Verificado,1100.0,60000,2094.0,2.8,No,1
3201,3064.0,106,@antoniasabana,Instagram,Comentario,me acaban de contar que un tiktok con millones de vistas ya lo dio por hecho,#FueraKai #CancelenAKai,,2026-03-15 04:56:31,Verificado,1562.2,6708,790.0,8.9,No,0
3202,2837.0,32,@valeria,TikTok,Comentario,yo creo que hay que esperar antes de sacar conclusiones 🤔,,,2026-03-15 04:26:41,Verificado,380.2,6269,81.0,5.1,No,0
3203,3027.0,266,@gabrielasabana,X,Comentario,"Ojo con esto: según un grupo de Facebook, esto ya se sabía desde hace meses",,,2026-03-15 04:42:33,Cuenta_Nueva,13.9,1813,105.0,0.1,No,0
3204,,239,@oscarrojascun,X,Descripción de captura,todo el mundo etiquetando a PulsoTech pidiendo que se pronuncien,#KaiDuarte #OjoConEstoKai,PulsoTech,2026-03-15 03:20:10,Anónimo,1224.3,1924,97.0,4.4,No,0
3205,3008.0,363,@noloocultes_943,X,Repost/Cita,"confirmado, Kai amañó el sorteo, pasen la voz #CancelenAKai",#CancelenAKai,,2026-03-15 04:15:52,Bot_Sospechoso,4.6,42323,76.0,23.8,No,0
3206,3174.0,191,@davidramirezco,Instagram,Comentario,"pobre la gente que ganó de verdad el sorteo, ahora todos van a dudar de ellos sinceramente",,,2026-03-15 05:02:54,Fan_Antiguo,2472.9,3398,1706.0,1.5,No,0
3207,2848.0,142,@isabellasabana,TikTok,Comentario,en mi casa no se habla de otra cosa desde anoche sin exagerar,#Cancelado,,2026-03-15 03:33:57,Fan_Antiguo,448.8,11085,8.0,2.4,No,1
3208,2989.0,67,@antoniacun,TikTok,Comentario,@NovaVolt ustedes ya sabían de esto o no? necesitamos que hablen,,UrbanKrew,2026-03-15 04:24:25,Anónimo,950.1,330,33.0,0.1,No,1
3209,3187.0,310,@lilianacardenas_real,X,Comentario,para que sepan: revisé el reglamento público del sorteo y coincide con lo que se hizo,,,2026-03-15 03:56:17,Anónimo,13.7,85,79.0,6.0,No,1
3210,2869.0,79,@isabella15,Instagram,Comentario,clásico: pasa algo de madrugada y para el mediodía ya todos tienen opinión sinceramente 😳😳,#Cancelado #QueDijoKai,,2026-03-15 05:55:31,Verificado,759.5,2372,51.0,0.7,No,0
